subject_id,pc1,pc2,glucose_sd,forecast_rmse
1,0.24305642,0.08244419,32.58836364746094,25.286067962646484
1,0.24237049,0.08253169,32.58836364746094,25.286067962646484
1,-0.0059803724,0.10241175,32.58836364746094,25.286067962646484
1,-0.031254053,0.07847476,32.58836364746094,25.286067962646484
1,-0.007094145,0.06084895,32.58836364746094,25.286067962646484
1,0.002755046,0.06511068,32.58836364746094,25.286067962646484
1,-0.05937767,0.07890177,32.58836364746094,25.286067962646484
1,-0.10484278,0.08158922,32.58836364746094,25.286067962646484
1,-0.104453444,0.053097486,32.58836364746094,25.286067962646484
1,-0.4441316,0.16118002,32.58836364746094,25.286067962646484
1,-0.9256679,-0.07532573,32.58836364746094,25.286067962646484
1,-0.8387867,-0.11787152,32.58836364746094,25.286067962646484
1,-0.49486804,-0.046381235,32.58836364746094,25.286067962646484
1,0.09013355,-0.21871853,32.58836364746094,25.286067962646484
1,0.03375399,0.07132912,32.58836364746094,25.286067962646484
1,0.034896493,0.11959696,32.58836364746094,25.286067962646484
1,-0.109669924,0.10000157,32.58836364746094,25.286067962646484
1,-0.3437966,0.14801002,32.58836364746094,25.286067962646484
1,-0.5086207,0.05636096,32.58836364746094,25.286067962646484
1,-0.39666903,0.011947632,32.58836364746094,25.286067962646484
1,-0.37304103,0.033623457,32.58836364746094,25.286067962646484
1,-0.53001654,0.05667591,32.58836364746094,25.286067962646484
1,-0.66514075,0.055681705,32.58836364746094,25.286067962646484
1,-0.82735354,-0.021107435,32.58836364746094,25.286067962646484
1,-0.9321225,-0.09324956,32.58836364746094,25.286067962646484
1,-0.6452661,-0.19845057,32.58836364746094,25.286067962646484
1,0.22089529,-0.01878643,32.58836364746094,25.286067962646484
1,0.25925636,-0.21183538,32.58836364746094,25.286067962646484
1,0.21656835,-0.3222611,32.58836364746094,25.286067962646484
1,0.2784449,-0.2493434,32.58836364746094,25.286067962646484
1,0.22501731,0.16805553,32.58836364746094,25.286067962646484
1,-0.092975855,0.17319155,32.58836364746094,25.286067962646484
1,-0.16842318,0.13106251,32.58836364746094,25.286067962646484
1,-0.37644434,0.08515644,32.58836364746094,25.286067962646484
1,-0.4966082,0.059771776,32.58836364746094,25.286067962646484
1,-0.5260863,0.052743435,32.58836364746094,25.286067962646484
1,-0.57064176,0.034388065,32.58836364746094,25.286067962646484
1,-0.68681127,-0.056248188,32.58836364746094,25.286067962646484
1,-0.6908311,-0.046296358,32.58836364746094,25.286067962646484
1,-0.6988707,-0.026162148,32.58836364746094,25.286067962646484
1,-0.6612908,-0.031579733,32.58836364746094,25.286067962646484
1,-0.6416005,-0.03472519,32.58836364746094,25.286067962646484
1,-0.39058137,0.01568389,32.58836364746094,25.286067962646484
1,-0.21115029,-0.009282589,32.58836364746094,25.286067962646484
1,-0.18456948,-0.004470825,32.58836364746094,25.286067962646484
1,-0.16437197,0.0022633076,32.58836364746094,25.286067962646484
1,-0.1497724,0.016299963,32.58836364746094,25.286067962646484
1,-0.4991622,0.0759778,32.58836364746094,25.286067962646484
1,-0.41607773,0.026081562,32.58836364746094,25.286067962646484
1,-0.48183137,0.010809422,32.58836364746094,25.286067962646484
1,-0.15389657,0.017620802,32.58836364746094,25.286067962646484
1,-0.27971494,0.050741673,32.58836364746094,25.286067962646484
1,-0.20050979,0.023255825,32.58836364746094,25.286067962646484
1,0.37655544,-0.24214458,32.58836364746094,25.286067962646484
1,1.099314,-0.059206963,32.58836364746094,25.286067962646484
1,0.96150446,-0.01727295,32.58836364746094,25.286067962646484
1,0.96025324,0.035140276,32.58836364746094,25.286067962646484
1,0.6003194,0.10837412,32.58836364746094,25.286067962646484
1,0.63314056,0.08174658,32.58836364746094,25.286067962646484
1,0.36959815,0.11820006,32.58836364746094,25.286067962646484
1,0.34220302,0.1156106,32.58836364746094,25.286067962646484
1,0.2877891,0.09973884,32.58836364746094,25.286067962646484
1,-0.056367517,0.057945967,32.58836364746094,25.286067962646484
1,0.10828817,0.021296501,32.58836364746094,25.286067962646484
1,-0.3846861,0.03996706,32.58836364746094,25.286067962646484
1,-0.24097037,-0.009289265,32.58836364746094,25.286067962646484
1,-0.105275154,-0.0032553673,32.58836364746094,25.286067962646484
1,0.20890594,-0.03319788,32.58836364746094,25.286067962646484
1,0.46921003,0.08757734,32.58836364746094,25.286067962646484
1,0.5141771,0.09967041,32.58836364746094,25.286067962646484
1,0.2498337,0.07301879,32.58836364746094,25.286067962646484
1,-0.18829882,0.09100938,32.58836364746094,25.286067962646484
1,-0.37727022,0.018275023,32.58836364746094,25.286067962646484
1,-0.36555576,0.018867493,32.58836364746094,25.286067962646484
1,0.008435726,0.045988083,32.58836364746094,25.286067962646484
1,-0.03669846,0.053729534,32.58836364746094,25.286067962646484
1,0.034267545,0.07544422,32.58836364746094,25.286067962646484
1,0.08316851,0.06379104,32.58836364746094,25.286067962646484
1,0.022093177,0.09790301,32.58836364746094,25.286067962646484
1,0.034712553,0.07674909,32.58836364746094,25.286067962646484
1,0.03602338,0.051949978,32.58836364746094,25.286067962646484
1,0.08557427,0.037527084,32.58836364746094,25.286067962646484
1,-0.013468742,0.112128496,32.58836364746094,25.286067962646484
1,-0.17395079,0.13074327,32.58836364746094,25.286067962646484
1,-0.35543835,0.09647584,32.58836364746094,25.286067962646484
1,-0.4028052,0.032044888,32.58836364746094,25.286067962646484
1,0.066440344,0.04943824,32.58836364746094,25.286067962646484
1,0.03184998,0.050154448,32.58836364746094,25.286067962646484
1,0.04184568,0.06324148,32.58836364746094,25.286067962646484
1,0.1731937,0.092498064,32.58836364746094,25.286067962646484
1,0.2082783,0.08876872,32.58836364746094,25.286067962646484
1,0.2064687,0.09436059,32.58836364746094,25.286067962646484
1,0.25007558,0.042012215,32.58836364746094,25.286067962646484
1,0.6034751,0.038177967,32.58836364746094,25.286067962646484
1,0.45477462,0.11158347,32.58836364746094,25.286067962646484
1,0.4571228,0.1009419,32.58836364746094,25.286067962646484
1,0.24724138,-0.089635134,32.58836364746094,25.286067962646484
1,0.74506116,0.09657073,32.58836364746094,25.286067962646484
1,0.671788,0.101119995,32.58836364746094,25.286067962646484
1,0.6110625,0.11813474,32.58836364746094,25.286067962646484
1,0.4362358,0.1329875,32.58836364746094,25.286067962646484
1,0.3281808,0.17629552,32.58836364746094,25.286067962646484
1,-0.14473128,0.16866517,32.58836364746094,25.286067962646484
1,-0.5549854,0.11414528,32.58836364746094,25.286067962646484
1,-0.75346,0.031133175,32.58836364746094,25.286067962646484
1,-0.8235377,-0.05453515,32.58836364746094,25.286067962646484
1,-0.4429807,-0.07060504,32.58836364746094,25.286067962646484
1,-0.7818081,0.09450126,32.58836364746094,25.286067962646484
1,-0.5759034,-0.1598177,32.58836364746094,25.286067962646484
1,-0.08301246,-0.029814482,32.58836364746094,25.286067962646484
1,-0.31642616,0.0745008,32.58836364746094,25.286067962646484
1,-0.40650272,0.02970767,32.58836364746094,25.286067962646484
1,-0.5010674,0.0673666,32.58836364746094,25.286067962646484
1,-0.80696684,-0.027548552,32.58836364746094,25.286067962646484
1,-0.7524312,-0.22368336,32.58836364746094,25.286067962646484
1,-0.19350481,-0.1248095,32.58836364746094,25.286067962646484
1,0.0019520521,0.067070246,32.58836364746094,25.286067962646484
1,0.32327855,0.07969475,32.58836364746094,25.286067962646484
1,0.35335052,0.07009411,32.58836364746094,25.286067962646484
1,0.32975256,0.091718435,32.58836364746094,25.286067962646484
1,0.3134737,0.08169961,32.58836364746094,25.286067962646484
1,0.29743075,0.08275032,32.58836364746094,25.286067962646484
1,0.12221646,0.100847244,32.58836364746094,25.286067962646484
1,0.116938114,0.0743618,32.58836364746094,25.286067962646484
1,0.16859818,0.08144474,32.58836364746094,25.286067962646484
1,0.07447767,0.07253599,32.58836364746094,25.286067962646484
1,0.120119095,0.049386024,32.58836364746094,25.286067962646484
1,0.149418,0.049264193,32.58836364746094,25.286067962646484
1,0.17746055,0.0599854,32.58836364746094,25.286067962646484
1,0.4568081,0.14801264,32.58836364746094,25.286067962646484
1,0.5192044,0.058331728,32.58836364746094,25.286067962646484
1,0.52247024,0.079651594,32.58836364746094,25.286067962646484
1,0.59643674,0.07309055,32.58836364746094,25.286067962646484
1,0.49370706,0.09531236,32.58836364746094,25.286067962646484
1,0.42604232,0.09808707,32.58836364746094,25.286067962646484
1,0.36474037,0.09691548,32.58836364746094,25.286067962646484
1,0.18610919,0.07738209,32.58836364746094,25.286067962646484
1,0.14608836,0.10802913,32.58836364746094,25.286067962646484
1,0.011132717,-0.073176146,32.58836364746094,25.286067962646484
1,0.36166,0.02595687,32.58836364746094,25.286067962646484
1,0.9397054,0.048411846,32.58836364746094,25.286067962646484
1,0.90879464,0.11708689,32.58836364746094,25.286067962646484
1,0.7716632,0.10437274,32.58836364746094,25.286067962646484
1,0.65533066,0.13837719,32.58836364746094,25.286067962646484
1,0.549808,0.09331298,32.58836364746094,25.286067962646484
1,0.48500407,0.16621661,32.58836364746094,25.286067962646484
1,-0.24117339,0.16785693,32.58836364746094,25.286067962646484
1,-0.37277555,-0.050920486,32.58836364746094,25.286067962646484
1,-0.050369143,-0.04945016,32.58836364746094,25.286067962646484
1,-0.18402624,0.13475728,32.58836364746094,25.286067962646484
1,-0.41393173,-0.102190256,32.58836364746094,25.286067962646484
1,-0.02755487,-0.20650983,32.58836364746094,25.286067962646484
1,0.33764064,-0.12325168,32.58836364746094,25.286067962646484
1,0.3365165,0.04427004,32.58836364746094,25.286067962646484
1,0.3708812,0.054009438,32.58836364746094,25.286067962646484
1,0.21755314,0.124568224,32.58836364746094,25.286067962646484
1,-0.004089594,0.14082694,32.58836364746094,25.286067962646484
1,-0.51157385,0.09910679,32.58836364746094,25.286067962646484
1,-0.81829417,0.022144318,32.58836364746094,25.286067962646484
1,-1.1105347,-0.1278286,32.58836364746094,25.286067962646484
1,-0.79336005,-0.18272305,32.58836364746094,25.286067962646484
1,0.022310138,-0.10870147,32.58836364746094,25.286067962646484
1,0.15040159,0.06051755,32.58836364746094,25.286067962646484
1,0.041644454,0.12855077,32.58836364746094,25.286067962646484
1,-0.08500147,0.107584715,32.58836364746094,25.286067962646484
1,-0.08498716,0.09095788,32.58836364746094,25.286067962646484
1,-0.32506263,-0.093732595,32.58836364746094,25.286067962646484
1,-0.30454946,-0.0050489902,32.58836364746094,25.286067962646484
1,-0.4302125,-0.044181585,32.58836364746094,25.286067962646484
1,-0.68783915,-0.06631422,32.58836364746094,25.286067962646484
1,-0.28037965,0.008145571,32.58836364746094,25.286067962646484
1,-0.27198637,0.0023155212,32.58836364746094,25.286067962646484
1,-0.2973405,0.01358223,32.58836364746094,25.286067962646484
1,-0.31200504,0.020439386,32.58836364746094,25.286067962646484
1,-0.3527708,0.01898861,32.58836364746094,25.286067962646484
1,-0.126176,0.042245626,32.58836364746094,25.286067962646484
1,0.03166783,0.015201807,32.58836364746094,25.286067962646484
1,0.15634036,0.002785921,32.58836364746094,25.286067962646484
1,0.35090947,0.008919954,32.58836364746094,25.286067962646484
1,0.81092024,-0.018549204,32.58836364746094,25.286067962646484
1,0.87364507,0.06298709,32.58836364746094,25.286067962646484
1,0.88944364,0.12194395,32.58836364746094,25.286067962646484
1,0.78087807,0.09427452,32.58836364746094,25.286067962646484
1,0.57027817,0.102709055,32.58836364746094,25.286067962646484
1,0.5621054,0.10062051,32.58836364746094,25.286067962646484
1,0.50082135,0.120815754,32.58836364746094,25.286067962646484
1,0.38266635,0.10354066,32.58836364746094,25.286067962646484
1,0.35112047,0.09616566,32.58836364746094,25.286067962646484
1,0.3409909,0.078053,32.58836364746094,25.286067962646484
1,0.34795892,0.083128214,32.58836364746094,25.286067962646484
1,0.28082597,0.08629513,32.58836364746094,25.286067962646484
1,0.2697674,0.098061085,32.58836364746094,25.286067962646484
1,0.11818445,0.033828497,32.58836364746094,25.286067962646484
1,0.14173853,0.057883978,32.58836364746094,25.286067962646484
1,0.20075679,0.053700686,32.58836364746094,25.286067962646484
1,0.7033162,0.0071122646,32.58836364746094,25.286067962646484
1,0.913512,0.042972326,32.58836364746094,25.286067962646484
1,1.7030063,-0.21457005,32.58836364746094,25.286067962646484
1,1.0564904,0.14647126,32.58836364746094,25.286067962646484
1,0.731565,-0.016445875,32.58836364746094,25.286067962646484
1,0.6445222,0.034661055,32.58836364746094,25.286067962646484
1,0.6149914,0.077824354,32.58836364746094,25.286067962646484
1,0.6125059,0.013646841,32.58836364746094,25.286067962646484
1,0.40261567,0.103039265,32.58836364746094,25.286067962646484
1,0.046898484,0.12093377,32.58836364746094,25.286067962646484
1,0.010902047,0.11502743,32.58836364746094,25.286067962646484
1,-0.061984777,0.10749531,32.58836364746094,25.286067962646484
1,-0.47207147,-0.08505082,32.58836364746094,25.286067962646484
1,-0.41399574,-0.056249857,32.58836364746094,25.286067962646484
1,-0.31141508,-0.017366886,32.58836364746094,25.286067962646484
1,-0.2747804,0.000980854,32.58836364746094,25.286067962646484
1,-0.37005126,0.025176525,32.58836364746094,25.286067962646484
1,-0.44425076,0.04163122,32.58836364746094,25.286067962646484
1,-0.39872336,0.0006849766,32.58836364746094,25.286067962646484
1,-0.30240917,0.0061774254,32.58836364746094,25.286067962646484
1,-0.2744069,0.008224726,32.58836364746094,25.286067962646484
1,-0.33519292,0.03227377,32.58836364746094,25.286067962646484
1,-0.340945,0.036762,32.58836364746094,25.286067962646484
1,-0.48773205,0.034958124,32.58836364746094,25.286067962646484
1,-0.46902794,0.01342988,32.58836364746094,25.286067962646484
1,-0.39044094,0.09300113,32.58836364746094,25.286067962646484
1,-0.502971,0.0043251514,32.58836364746094,25.286067962646484
1,-0.48275822,0.0051705837,32.58836364746094,25.286067962646484
1,-0.3823191,-0.1263504,32.58836364746094,25.286067962646484
1,-0.054741263,0.10081911,32.58836364746094,25.286067962646484
1,-0.09038699,0.088207245,32.58836364746094,25.286067962646484
1,-0.09352946,0.076348305,32.58836364746094,25.286067962646484
1,-0.3193823,0.041811466,32.58836364746094,25.286067962646484
1,-0.54115963,0.046061993,32.58836364746094,25.286067962646484
1,-0.5695956,0.033813715,32.58836364746094,25.286067962646484
1,-0.61381054,0.013987541,32.58836364746094,25.286067962646484
1,-0.6274483,-0.027303934,32.58836364746094,25.286067962646484
1,-0.5763439,-0.04144025,32.58836364746094,25.286067962646484
1,-0.57101744,-0.029986143,32.58836364746094,25.286067962646484
1,-0.4625594,-0.022284508,32.58836364746094,25.286067962646484
1,-0.4807902,-0.0073390007,32.58836364746094,25.286067962646484
1,-0.4846967,-0.011479139,32.58836364746094,25.286067962646484
1,-0.419546,-0.021404982,32.58836364746094,25.286067962646484
1,-0.39759016,-0.00074386597,32.58836364746094,25.286067962646484
1,-0.38262177,0.001080513,32.58836364746094,25.286067962646484
1,-0.41254604,0.0065948963,32.58836364746094,25.286067962646484
1,-0.41161,-0.014620066,32.58836364746094,25.286067962646484
1,-0.08104575,0.12376571,32.58836364746094,25.286067962646484
1,-0.12383902,0.045015097,32.58836364746094,25.286067962646484
1,0.17601764,0.050724745,32.58836364746094,25.286067962646484
1,0.24268866,0.06236148,32.58836364746094,25.286067962646484
1,-0.0012882948,0.13400769,32.58836364746094,25.286067962646484
1,-0.14886057,0.023669243,32.58836364746094,25.286067962646484
1,-0.100657344,0.04813361,32.58836364746094,25.286067962646484
1,0.1285789,-0.014957666,32.58836364746094,25.286067962646484
1,0.122573495,0.07504916,32.58836364746094,25.286067962646484
1,0.32692754,0.16055346,32.58836364746094,25.286067962646484
1,0.18975711,0.088003635,32.58836364746094,25.286067962646484
1,0.21140778,0.08033419,32.58836364746094,25.286067962646484
1,0.32214558,0.05081439,32.58836364746094,25.286067962646484
1,0.022666931,-0.12718391,32.58836364746094,25.286067962646484
1,0.030172586,-0.09598708,32.58836364746094,25.286067962646484
1,0.060679197,-0.042322397,32.58836364746094,25.286067962646484
1,0.08980274,-0.003588438,32.58836364746094,25.286067962646484
1,0.122926354,0.04783535,32.58836364746094,25.286067962646484
1,0.10563421,0.081223965,32.58836364746094,25.286067962646484
1,0.18414092,0.04570794,32.58836364746094,25.286067962646484
1,-0.02745521,-0.09647322,32.58836364746094,25.286067962646484
1,0.24889791,0.018320322,32.58836364746094,25.286067962646484
1,0.43823278,0.063476086,32.58836364746094,25.286067962646484
1,0.50111604,0.073473215,32.58836364746094,25.286067962646484
1,0.40756822,-0.09504938,32.58836364746094,25.286067962646484
1,0.55185115,0.050335407,32.58836364746094,25.286067962646484
1,0.5247601,0.08732748,32.58836364746094,25.286067962646484
1,0.57353616,0.10925269,32.58836364746094,25.286067962646484
1,0.5168257,0.08903575,32.58836364746094,25.286067962646484
1,0.5850704,0.1615088,32.58836364746094,25.286067962646484
1,0.5067202,-0.046365023,32.58836364746094,25.286067962646484
1,0.35723794,0.13601041,32.58836364746094,25.286067962646484
1,0.3749889,-0.0019419193,32.58836364746094,25.286067962646484
1,0.16704726,-0.11114144,32.58836364746094,25.286067962646484
1,-0.3732772,0.04841304,32.58836364746094,25.286067962646484
1,-0.40885615,0.04924941,32.58836364746094,25.286067962646484
1,-0.585877,0.06135273,32.58836364746094,25.286067962646484
1,-0.23016965,0.032790184,32.58836364746094,25.286067962646484
1,-0.27232492,0.03306079,32.58836364746094,25.286067962646484
1,-0.30518603,0.025599241,32.58836364746094,25.286067962646484
1,-0.13505304,0.01060009,32.58836364746094,25.286067962646484
1,-0.09288633,0.0136294365,32.58836364746094,25.286067962646484
1,-0.052973986,0.01270318,32.58836364746094,25.286067962646484
1,0.13747919,0.04939437,32.58836364746094,25.286067962646484
1,0.3887273,0.0007982254,32.58836364746094,25.286067962646484
1,0.4485582,0.021167278,32.58836364746094,25.286067962646484
1,0.5160245,0.04571724,32.58836364746094,25.286067962646484
1,0.67045164,0.052586555,32.58836364746094,25.286067962646484
1,0.67543125,0.07618213,32.58836364746094,25.286067962646484
1,0.7799041,0.04241109,32.58836364746094,25.286067962646484
1,0.6750698,0.055984974,32.58836364746094,25.286067962646484
1,0.4637252,0.09817386,32.58836364746094,25.286067962646484
1,0.45874798,0.09785199,32.58836364746094,25.286067962646484
1,0.4676851,0.092819214,32.58836364746094,25.286067962646484
1,0.23028171,0.088587284,32.58836364746094,25.286067962646484
1,-0.032776237,0.11615586,32.58836364746094,25.286067962646484
1,-0.14243555,0.1304133,32.58836364746094,25.286067962646484
1,-0.4608431,0.0537107,32.58836364746094,25.286067962646484
1,-0.5342817,0.055835962,32.58836364746094,25.286067962646484
1,-0.5375254,0.023010492,32.58836364746094,25.286067962646484
1,-0.51908696,0.005910635,32.58836364746094,25.286067962646484
1,-0.5275739,0.011508465,32.58836364746094,25.286067962646484
1,-0.478994,0.06307387,32.58836364746094,25.286067962646484
1,-0.6157236,0.0012578964,32.58836364746094,25.286067962646484
1,-0.6898523,-0.014162779,32.58836364746094,25.286067962646484
1,-0.57910335,-0.10426736,32.58836364746094,25.286067962646484
1,-0.5171714,-0.32863474,32.58836364746094,25.286067962646484
1,-0.02090478,-0.04924345,32.58836364746094,25.286067962646484
1,0.17197227,0.015318871,32.58836364746094,25.286067962646484
1,0.20825553,0.07077694,32.58836364746094,25.286067962646484
1,0.23752749,0.07229471,32.58836364746094,25.286067962646484
1,0.29703677,0.08591676,32.58836364746094,25.286067962646484
1,0.08106637,0.1256609,32.58836364746094,25.286067962646484
1,-0.07773554,0.08282685,32.58836364746094,25.286067962646484
1,-0.1331824,0.08838034,32.58836364746094,25.286067962646484
1,-0.25418854,0.0823884,32.58836364746094,25.286067962646484
1,-0.58641917,-0.8058696,32.58836364746094,25.286067962646484
1,-0.6783572,-0.75179577,32.58836364746094,25.286067962646484
1,-0.27375257,-0.37680054,32.58836364746094,25.286067962646484
1,0.74389625,0.035959244,32.58836364746094,25.286067962646484
1,0.7115464,0.21851873,32.58836364746094,25.286067962646484
1,0.14600539,0.09118605,32.58836364746094,25.286067962646484
1,0.27527177,0.050467253,32.58836364746094,25.286067962646484
1,0.341851,0.06646848,32.58836364746094,25.286067962646484
1,0.37752402,0.06871867,32.58836364746094,25.286067962646484
1,0.41028643,0.058169365,32.58836364746094,25.286067962646484
1,0.46840584,0.06708026,32.58836364746094,25.286067962646484
1,0.1474495,0.0025715828,32.58836364746094,25.286067962646484
1,0.116392374,0.08853078,32.58836364746094,25.286067962646484
1,0.110340476,0.09094286,32.58836364746094,25.286067962646484
1,-0.008419991,0.109321594,32.58836364746094,25.286067962646484
1,-0.07657325,0.113538265,32.58836364746094,25.286067962646484
1,-0.5773968,0.10758495,32.58836364746094,25.286067962646484
1,-0.8991146,0.047278404,32.58836364746094,25.286067962646484
1,-0.9750902,0.009621859,32.58836364746094,25.286067962646484
1,-1.0424292,-0.21041918,32.58836364746094,25.286067962646484
1,0.16443408,-0.11590505,32.58836364746094,25.286067962646484
1,0.4759363,0.012920141,32.58836364746094,25.286067962646484
1,0.5601256,0.0057239532,32.58836364746094,25.286067962646484
1,0.9315057,0.04887843,32.58836364746094,25.286067962646484
1,0.94257355,0.0011265278,32.58836364746094,25.286067962646484
1,0.83451915,0.092639446,32.58836364746094,25.286067962646484
1,0.5739975,0.120075226,32.58836364746094,25.286067962646484
1,0.52573574,0.25649238,32.58836364746094,25.286067962646484
1,0.42635643,0.07557583,32.58836364746094,25.286067962646484
1,-0.028437972,0.12106824,32.58836364746094,25.286067962646484
1,-0.17992222,0.081061125,32.58836364746094,25.286067962646484
1,-0.22886598,0.072474,32.58836364746094,25.286067962646484
1,-0.58731407,0.023317337,32.58836364746094,25.286067962646484
1,-0.6017572,0.019493103,32.58836364746094,25.286067962646484
1,-0.64508957,0.0008687973,32.58836364746094,25.286067962646484
1,-0.6633316,0.011748314,32.58836364746094,25.286067962646484
1,-0.692023,-0.0025379658,32.58836364746094,25.286067962646484
1,-0.73394996,-0.009490013,32.58836364746094,25.286067962646484
1,-0.8976095,-0.08186126,32.58836364746094,25.286067962646484
1,-0.9025953,-0.0773828,32.58836364746094,25.286067962646484
1,-0.98477864,-0.09934902,32.58836364746094,25.286067962646484
1,-0.9991157,-0.1322856,32.58836364746094,25.286067962646484
1,-0.3682258,-0.161695,32.58836364746094,25.286067962646484
1,-0.23774958,-0.12105894,32.58836364746094,25.286067962646484
1,-0.08262193,-0.03317213,32.58836364746094,25.286067962646484
1,-0.028801084,-0.05132079,32.58836364746094,25.286067962646484
1,0.018321276,0.039357185,32.58836364746094,25.286067962646484
1,-0.20512187,0.1111815,32.58836364746094,25.286067962646484
1,-0.5148482,0.023013353,32.58836364746094,25.286067962646484
1,-0.63688624,-0.14839292,32.58836364746094,25.286067962646484
1,-0.2758727,0.01564598,32.58836364746094,25.286067962646484
1,-0.7174153,0.06527853,32.58836364746094,25.286067962646484
1,-0.9128219,-0.024357557,32.58836364746094,25.286067962646484
1,-1.0075072,-0.12618732,32.58836364746094,25.286067962646484
1,-0.43621778,0.003383398,32.58836364746094,25.286067962646484
1,-0.5184518,0.023514032,32.58836364746094,25.286067962646484
1,-0.5281739,-0.024540424,32.58836364746094,25.286067962646484
1,-0.36449933,-0.027648449,32.58836364746094,25.286067962646484
1,0.18328786,0.00023937225,32.58836364746094,25.286067962646484
1,0.23937547,-0.0046858788,32.58836364746094,25.286067962646484
1,0.45462906,-0.17772937,32.58836364746094,25.286067962646484
1,0.65568185,-0.07586336,32.58836364746094,25.286067962646484
1,0.5762005,0.101903915,32.58836364746094,25.286067962646484
1,0.14534914,0.13646078,32.58836364746094,25.286067962646484
1,0.13640225,0.11878276,32.58836364746094,25.286067962646484
1,0.005921364,0.055935383,32.58836364746094,25.286067962646484
1,0.019852877,0.07323933,32.58836364746094,25.286067962646484
1,-0.14605391,0.092698574,32.58836364746094,25.286067962646484
1,-0.08114886,0.097571135,32.58836364746094,25.286067962646484
1,-0.36897874,0.11486006,32.58836364746094,25.286067962646484
1,-0.49142027,0.018755436,32.58836364746094,25.286067962646484
1,-0.5011814,0.020673513,32.58836364746094,25.286067962646484
1,-0.5059639,0.018952608,32.58836364746094,25.286067962646484
1,-0.6103426,-0.0009949207,32.58836364746094,25.286067962646484
1,-0.6115703,-0.0015802383,32.58836364746094,25.286067962646484
1,-0.61599475,-0.006850958,32.58836364746094,25.286067962646484
1,-0.6169606,-0.007887363,32.58836364746094,25.286067962646484
1,-0.5920895,-0.043888092,32.58836364746094,25.286067962646484
1,-0.55548257,-0.04099822,32.58836364746094,25.286067962646484
1,-0.57293123,-0.01028204,32.58836364746094,25.286067962646484
1,-0.5795741,-0.0130906105,32.58836364746094,25.286067962646484
1,-0.5925356,-0.015058994,32.58836364746094,25.286067962646484
2,-0.2023046,0.024699211,41.810546875,36.72926712036133
2,-0.23032105,0.052188635,41.810546875,36.72926712036133
2,-0.11414051,0.04019022,41.810546875,36.72926712036133
2,-0.043825388,0.055249214,41.810546875,36.72926712036133
2,0.13046253,0.0791893,41.810546875,36.72926712036133
2,0.06587243,0.09617615,41.810546875,36.72926712036133
2,0.08816838,0.07224846,41.810546875,36.72926712036133
2,-0.1317637,0.11749506,41.810546875,36.72926712036133
2,-0.24587059,0.11910534,41.810546875,36.72926712036133
2,-0.3458885,0.11018896,41.810546875,36.72926712036133
2,-0.5476551,0.020930767,41.810546875,36.72926712036133
2,-0.67096215,-0.27086473,41.810546875,36.72926712036133
2,0.011666894,-0.17286706,41.810546875,36.72926712036133
2,0.43179774,-0.090177536,41.810546875,36.72926712036133
2,1.1042254,-0.043454647,41.810546875,36.72926712036133
2,1.323494,-0.018434286,41.810546875,36.72926712036133
2,0.9095268,0.103523254,41.810546875,36.72926712036133
2,0.9590826,-0.017098427,41.810546875,36.72926712036133
2,1.6007543,-0.2088263,41.810546875,36.72926712036133
2,0.9031589,0.12216449,41.810546875,36.72926712036133
2,0.96091104,0.017658472,41.810546875,36.72926712036133
2,1.1706264,-0.2473054,41.810546875,36.72926712036133
2,0.7218983,0.13302588,41.810546875,36.72926712036133
2,0.54729736,0.17098498,41.810546875,36.72926712036133
2,0.086881995,0.13932467,41.810546875,36.72926712036133
2,0.2940967,0.11000848,41.810546875,36.72926712036133
2,0.2662295,0.10851574,41.810546875,36.72926712036133
2,0.28125358,0.09170437,41.810546875,36.72926712036133
2,0.81540775,0.07486153,41.810546875,36.72926712036133
2,0.79330754,0.08567953,41.810546875,36.72926712036133
2,0.8633559,-0.05653143,41.810546875,36.72926712036133
2,-0.0042415857,0.12112999,41.810546875,36.72926712036133
2,-0.1041069,0.11504722,41.810546875,36.72926712036133
2,-0.44222045,0.057254314,41.810546875,36.72926712036133
2,-0.4753911,0.04951048,41.810546875,36.72926712036133
2,-0.57585853,0.023065329,41.810546875,36.72926712036133
2,-0.8694217,-0.10134435,41.810546875,36.72926712036133
2,-0.84634954,-0.11422086,41.810546875,36.72926712036133
2,-0.7808801,-0.10722804,41.810546875,36.72926712036133
2,-0.535603,-0.06910634,41.810546875,36.72926712036133
2,-0.32278752,-0.043455124,41.810546875,36.72926712036133
2,0.09502864,0.057889223,41.810546875,36.72926712036133
2,0.07255471,0.0864737,41.810546875,36.72926712036133
2,0.071658015,0.08519435,41.810546875,36.72926712036133
2,0.07145715,0.08471298,41.810546875,36.72926712036133
2,0.056746006,0.09190011,41.810546875,36.72926712036133
2,0.021222949,0.08717871,41.810546875,36.72926712036133
2,-0.016217828,0.088099,41.810546875,36.72926712036133
2,-0.15750754,0.08413911,41.810546875,36.72926712036133
2,-0.32992136,0.051573753,41.810546875,36.72926712036133
2,-0.19340909,0.037587166,41.810546875,36.72926712036133
2,-0.11774337,-0.20083165,41.810546875,36.72926712036133
2,-0.19639206,-0.059871674,41.810546875,36.72926712036133
2,-0.13539958,-0.0069720745,41.810546875,36.72926712036133
2,0.1021781,-0.021848679,41.810546875,36.72926712036133
2,0.18983638,-0.0046658516,41.810546875,36.72926712036133
2,0.34994102,0.023681402,41.810546875,36.72926712036133
2,0.43698812,0.014173746,41.810546875,36.72926712036133
2,0.5557984,0.068543196,41.810546875,36.72926712036133
2,0.5037631,0.089251995,41.810546875,36.72926712036133
2,0.6468885,0.026790619,41.810546875,36.72926712036133
2,0.7679219,0.050347567,41.810546875,36.72926712036133
2,0.44312584,0.11678529,41.810546875,36.72926712036133
2,-0.9188616,-0.24457288,41.810546875,36.72926712036133
2,-0.5056385,-0.21472955,41.810546875,36.72926712036133
2,0.4004507,-0.02354598,41.810546875,36.72926712036133
2,0.9017978,-0.015811205,41.810546875,36.72926712036133
2,-0.9850959,0.19105053,41.810546875,36.72926712036133
2,-0.7564182,-0.39104438,41.810546875,36.72926712036133
2,0.42788696,-0.10769558,41.810546875,36.72926712036133
2,0.2653494,-0.026810408,41.810546875,36.72926712036133
2,0.3092655,0.019714594,41.810546875,36.72926712036133
2,-0.4025221,-0.015029192,41.810546875,36.72926712036133
2,-0.6174117,-0.06164074,41.810546875,36.72926712036133
2,-0.28011346,-0.06655264,41.810546875,36.72926712036133
2,-0.17364955,-0.010576963,41.810546875,36.72926712036133
2,0.19631517,0.016822338,41.810546875,36.72926712036133
2,0.26677883,0.06018758,41.810546875,36.72926712036133
2,0.25064182,0.0799253,41.810546875,36.72926712036133
2,0.8511841,-0.012380838,41.810546875,36.72926712036133
2,1.0867052,0.051217556,41.810546875,36.72926712036133
2,0.96902704,0.067644835,41.810546875,36.72926712036133
2,0.60369277,0.14357138,41.810546875,36.72926712036133
2,0.49538112,0.14199066,41.810546875,36.72926712036133
2,0.43731117,0.119458914,41.810546875,36.72926712036133
2,0.2113558,0.12358093,41.810546875,36.72926712036133
2,0.04402244,0.10381007,41.810546875,36.72926712036133
2,-0.110007405,0.1242249,41.810546875,36.72926712036133
2,-0.20842397,0.060783863,41.810546875,36.72926712036133
2,-0.22659492,0.05819869,41.810546875,36.72926712036133
2,-0.027280688,0.055526257,41.810546875,36.72926712036133
2,-0.0107450485,0.061532497,41.810546875,36.72926712036133
2,0.0038013458,0.061778784,41.810546875,36.72926712036133
2,0.021685839,0.1056149,41.810546875,36.72926712036133
2,0.117500186,0.065960646,41.810546875,36.72926712036133
2,0.16023195,0.06992698,41.810546875,36.72926712036133
2,0.2556758,0.07009673,41.810546875,36.72926712036133
2,0.28096902,0.074206114,41.810546875,36.72926712036133
2,0.29625094,0.08713961,41.810546875,36.72926712036133
2,0.27294314,0.10269761,41.810546875,36.72926712036133
2,0.19109094,0.10878754,41.810546875,36.72926712036133
2,0.11456299,0.12935138,41.810546875,36.72926712036133
2,-0.49592543,-0.24664783,41.810546875,36.72926712036133
2,-0.42492843,-0.18675232,41.810546875,36.72926712036133
2,-0.2990346,-0.14398551,41.810546875,36.72926712036133
2,-0.1966182,-0.09812307,41.810546875,36.72926712036133
2,0.7012594,0.005449295,41.810546875,36.72926712036133
2,1.1005123,-0.056175947,41.810546875,36.72926712036133
2,0.6525712,0.15132761,41.810546875,36.72926712036133
2,-1.1743541,-0.10517311,41.810546875,36.72926712036133
2,-1.0459981,-0.17529964,41.810546875,36.72926712036133
2,-0.22608364,-0.18487334,41.810546875,36.72926712036133
2,1.1632195,-0.23156023,41.810546875,36.72926712036133
2,1.5957584,-0.20837188,41.810546875,36.72926712036133
2,1.5251865,-0.13958383,41.810546875,36.72926712036133
2,1.3754702,-0.051446676,41.810546875,36.72926712036133
2,0.6047609,0.15537095,41.810546875,36.72926712036133
2,0.017889261,0.1957109,41.810546875,36.72926712036133
2,0.095394254,-0.009251595,41.810546875,36.72926712036133
2,0.595479,-0.03059268,41.810546875,36.72926712036133
2,0.97674346,0.055366755,41.810546875,36.72926712036133
2,0.9516976,0.03610444,41.810546875,36.72926712036133
2,0.57499886,0.16558981,41.810546875,36.72926712036133
2,0.3477806,0.15020275,41.810546875,36.72926712036133
2,0.33624172,0.1327703,41.810546875,36.72926712036133
2,0.20513225,0.16776323,41.810546875,36.72926712036133
2,0.08705497,0.17025113,41.810546875,36.72926712036133
2,-0.2579038,0.14092994,41.810546875,36.72926712036133
2,-0.234676,-0.13981986,41.810546875,36.72926712036133
2,0.1311847,0.11096358,41.810546875,36.72926712036133
2,-0.4075067,-0.10130048,41.810546875,36.72926712036133
2,-0.2852478,-0.085304976,41.810546875,36.72926712036133
2,-0.049727082,-0.05686903,41.810546875,36.72926712036133
2,0.07359588,-0.061525106,41.810546875,36.72926712036133
2,0.5732777,0.0050513744,41.810546875,36.72926712036133
2,0.82772183,0.016253948,41.810546875,36.72926712036133
2,0.78714156,0.09377885,41.810546875,36.72926712036133
2,0.5152385,0.120106936,41.810546875,36.72926712036133
2,0.3617587,0.121083975,41.810546875,36.72926712036133
2,-0.0129493475,0.11776996,41.810546875,36.72926712036133
2,-0.21687496,0.026679039,41.810546875,36.72926712036133
2,-0.11069572,0.040094137,41.810546875,36.72926712036133
2,-0.061663985,0.050294638,41.810546875,36.72926712036133
2,-0.14715827,0.074953794,41.810546875,36.72926712036133
2,-0.16009426,0.059774637,41.810546875,36.72926712036133
2,-0.06387591,0.061415672,41.810546875,36.72926712036133
2,-0.08597517,0.06730318,41.810546875,36.72926712036133
2,-0.10623634,0.07075071,41.810546875,36.72926712036133
2,-0.22470927,0.05550933,41.810546875,36.72926712036133
2,-0.3142196,0.037825346,41.810546875,36.72926712036133
2,-0.29368603,0.030302286,41.810546875,36.72926712036133
2,-0.26086724,0.03185892,41.810546875,36.72926712036133
2,-0.2047894,-0.19976282,41.810546875,36.72926712036133
2,-0.5957338,-0.178015,41.810546875,36.72926712036133
2,-0.64885396,-0.08846092,41.810546875,36.72926712036133
2,-0.7210522,-0.053558588,41.810546875,36.72926712036133
2,-0.74325025,-0.051900625,41.810546875,36.72926712036133
2,-0.79189485,-0.073577166,41.810546875,36.72926712036133
2,-0.8690314,-0.08311558,41.810546875,36.72926712036133
2,-0.7599915,-0.08677721,41.810546875,36.72926712036133
2,-0.98180306,-0.054374695,41.810546875,36.72926712036133
2,-0.95180154,-0.10784173,41.810546875,36.72926712036133
2,-1.0425926,-0.18955326,41.810546875,36.72926712036133
2,-0.6552017,-0.23363447,41.810546875,36.72926712036133
2,0.23391938,-0.15265393,41.810546875,36.72926712036133
2,1.6683996,-0.17508173,41.810546875,36.72926712036133
2,1.5442612,-0.099862576,41.810546875,36.72926712036133
2,1.1002982,0.06083536,41.810546875,36.72926712036133
2,1.021086,0.077459574,41.810546875,36.72926712036133
2,0.879163,0.1022892,41.810546875,36.72926712036133
2,0.5041672,0.20618558,41.810546875,36.72926712036133
2,0.06767094,0.16570711,41.810546875,36.72926712036133
2,-0.017359018,0.16139579,41.810546875,36.72926712036133
2,-0.37077212,0.09409237,41.810546875,36.72926712036133
2,0.3609029,0.0060191154,41.810546875,36.72926712036133
2,0.37763393,0.03762889,41.810546875,36.72926712036133
2,0.5187254,0.031460285,41.810546875,36.72926712036133
2,0.31165373,-0.041529417,41.810546875,36.72926712036133
2,0.18811846,0.052778482,41.810546875,36.72926712036133
2,-0.10336757,0.13264036,41.810546875,36.72926712036133
2,0.024040222,0.011876106,41.810546875,36.72926712036133
2,0.28242147,0.11926746,41.810546875,36.72926712036133
2,-0.39174712,0.10061383,41.810546875,36.72926712036133
2,-0.7963324,-0.0829649,41.810546875,36.72926712036133
2,-0.4581114,-0.11014724,41.810546875,36.72926712036133
2,0.49577975,-0.020127058,41.810546875,36.72926712036133
2,0.43012238,0.119597435,41.810546875,36.72926712036133
2,0.43710768,0.11152148,41.810546875,36.72926712036133
2,0.44865835,0.10398936,41.810546875,36.72926712036133
2,0.2948526,0.1386497,41.810546875,36.72926712036133
2,0.27043915,0.124708176,41.810546875,36.72926712036133
2,0.21190262,0.117087126,41.810546875,36.72926712036133
2,0.032460213,0.10650897,41.810546875,36.72926712036133
2,-0.119374394,0.091914654,41.810546875,36.72926712036133
2,-0.14973414,0.088583946,41.810546875,36.72926712036133
2,-0.34506166,0.0654614,41.810546875,36.72926712036133
2,-0.48924714,0.035511255,41.810546875,36.72926712036133
2,-0.5467033,0.02700901,41.810546875,36.72926712036133
2,-0.6292992,0.0049118996,41.810546875,36.72926712036133
2,-0.65314794,-0.0053231716,41.810546875,36.72926712036133
2,-0.68120646,-0.011599302,41.810546875,36.72926712036133
2,-0.74535596,-0.053491116,41.810546875,36.72926712036133
2,-0.7862136,-0.07141924,41.810546875,36.72926712036133
2,-0.74084884,-0.08530927,41.810546875,36.72926712036133
2,-0.69519377,-0.08990955,41.810546875,36.72926712036133
2,-0.4210118,-0.02437663,41.810546875,36.72926712036133
2,-0.32216096,-0.0007574558,41.810546875,36.72926712036133
2,-0.25198913,0.02853942,41.810546875,36.72926712036133
2,-0.20601726,0.03802538,41.810546875,36.72926712036133
2,-0.16774035,0.060102463,41.810546875,36.72926712036133
2,-0.18022573,0.06031251,41.810546875,36.72926712036133
2,-0.4146011,0.059794188,41.810546875,36.72926712036133
2,-0.16202164,-0.04145336,41.810546875,36.72926712036133
2,0.04634893,-0.13090968,41.810546875,36.72926712036133
2,0.045933604,-0.0639317,41.810546875,36.72926712036133
2,0.055696607,-0.01441741,41.810546875,36.72926712036133
2,-0.42665386,0.049866676,41.810546875,36.72926712036133
2,-0.33499026,0.0038452148,41.810546875,36.72926712036133
2,0.66750026,0.046639442,41.810546875,36.72926712036133
2,0.8347604,0.02226162,41.810546875,36.72926712036133
2,0.67912364,0.10353398,41.810546875,36.72926712036133
2,0.46669972,0.15056276,41.810546875,36.72926712036133
2,0.364918,0.15828538,41.810546875,36.72926712036133
2,0.29107988,0.15257978,41.810546875,36.72926712036133
2,0.020100713,0.14449644,41.810546875,36.72926712036133
2,-0.05359423,-0.09024978,41.810546875,36.72926712036133
2,-0.20472276,-0.1842289,41.810546875,36.72926712036133
2,-0.1518228,-0.15964246,41.810546875,36.72926712036133
2,-0.032226562,-0.032078505,41.810546875,36.72926712036133
2,0.10811567,-0.010127544,41.810546875,36.72926712036133
2,0.14997232,0.0801003,41.810546875,36.72926712036133
2,0.21858478,0.062178373,41.810546875,36.72926712036133
2,0.27166903,0.09028506,41.810546875,36.72926712036133
2,0.21170902,0.09609485,41.810546875,36.72926712036133
2,-0.05829954,0.12394023,41.810546875,36.72926712036133
2,0.6340475,-0.004175186,41.810546875,36.72926712036133
2,0.13468802,0.17654824,41.810546875,36.72926712036133
2,0.2614652,0.060292244,41.810546875,36.72926712036133
2,0.31013036,0.07246089,41.810546875,36.72926712036133
2,0.17760229,0.10902834,41.810546875,36.72926712036133
2,-0.3621117,-0.029284954,41.810546875,36.72926712036133
2,-0.4845283,0.01246953,41.810546875,36.72926712036133
2,-0.08953583,0.025553942,41.810546875,36.72926712036133
2,-0.36298287,0.07343769,41.810546875,36.72926712036133
2,-0.61028606,-0.0076766014,41.810546875,36.72926712036133
2,-0.6136957,-0.014531136,41.810546875,36.72926712036133
2,-0.66145307,-0.008889437,41.810546875,36.72926712036133
2,-0.30590105,-0.051085234,41.810546875,36.72926712036133
2,-0.19635582,-0.05263996,41.810546875,36.72926712036133
2,0.32270586,-0.041100264,41.810546875,36.72926712036133
2,0.66637063,0.10811138,41.810546875,36.72926712036133
2,0.5456991,0.13935804,41.810546875,36.72926712036133
2,0.37678576,0.12228274,41.810546875,36.72926712036133
2,0.32656527,0.12896538,41.810546875,36.72926712036133
2,-0.029228806,0.11111069,41.810546875,36.72926712036133
2,-0.24715316,0.061870337,41.810546875,36.72926712036133
2,-0.35121334,0.035540342,41.810546875,36.72926712036133
2,-0.37586427,0.022264242,41.810546875,36.72926712036133
2,-0.37521923,0.023215055,41.810546875,36.72926712036133
2,-0.12803912,0.050940275,41.810546875,36.72926712036133
2,-0.10138571,0.06191945,41.810546875,36.72926712036133
2,-0.09973991,0.06362963,41.810546875,36.72926712036133
2,-0.099331856,0.06382251,41.810546875,36.72926712036133
2,-0.08571136,0.06343126,41.810546875,36.72926712036133
2,-0.14778626,0.07935953,41.810546875,36.72926712036133
2,-0.16422737,0.06637192,41.810546875,36.72926712036133
2,-0.13303602,0.05590558,41.810546875,36.72926712036133
2,-0.11555374,0.0619092,41.810546875,36.72926712036133
2,-0.10631144,0.060073376,41.810546875,36.72926712036133
2,-0.10197747,0.061573982,41.810546875,36.72926712036133
2,-0.17246807,0.077224255,41.810546875,36.72926712036133
2,0.19582283,0.22333908,41.810546875,36.72926712036133
2,-0.17964256,0.15728831,41.810546875,36.72926712036133
2,0.58353996,0.0034191608,41.810546875,36.72926712036133
2,0.82509613,0.081208706,41.810546875,36.72926712036133
2,0.7383952,0.05920291,41.810546875,36.72926712036133
2,0.7949071,0.05631876,41.810546875,36.72926712036133
2,0.7194042,0.09929633,41.810546875,36.72926712036133
2,-0.28261542,0.11065912,41.810546875,36.72926712036133
2,-0.3021816,0.04859376,41.810546875,36.72926712036133
2,0.44939613,0.016351223,41.810546875,36.72926712036133
2,0.322343,0.102519035,41.810546875,36.72926712036133
2,-0.3816439,0.070374966,41.810546875,36.72926712036133
2,-0.56065,0.045797348,41.810546875,36.72926712036133
2,-0.51327,-0.1430254,41.810546875,36.72926712036133
2,-0.19107199,-0.11682391,41.810546875,36.72926712036133
2,-0.08190656,-0.11282945,41.810546875,36.72926712036133
2,0.40648782,-0.13102674,41.810546875,36.72926712036133
2,0.65183353,-0.11298394,41.810546875,36.72926712036133
2,1.4700673,-0.21521735,41.810546875,36.72926712036133
2,1.5096643,-0.07926726,41.810546875,36.72926712036133
2,0.35636914,0.21435261,41.810546875,36.72926712036133
2,0.13829231,0.16119313,41.810546875,36.72926712036133
2,0.78669167,0.010408878,41.810546875,36.72926712036133
2,0.50648963,0.15380883,41.810546875,36.72926712036133
2,0.07685685,0.18670058,41.810546875,36.72926712036133
2,-0.27756953,0.18223405,41.810546875,36.72926712036133
2,-0.47547722,0.076794386,41.810546875,36.72926712036133
2,-0.50839925,0.041175604,41.810546875,36.72926712036133
2,-0.61471504,0.021761894,41.810546875,36.72926712036133
2,-0.09971607,-0.0033137798,41.810546875,36.72926712036133
2,0.68815374,0.002824068,41.810546875,36.72926712036133
2,0.44443345,0.13602018,41.810546875,36.72926712036133
2,0.3115666,0.13859129,41.810546875,36.72926712036133
2,0.070804834,0.12672877,41.810546875,36.72926712036133
2,-0.6957368,-0.029486418,41.810546875,36.72926712036133
2,-0.71498597,-0.033843994,41.810546875,36.72926712036133
2,-0.73245525,-0.039273977,41.810546875,36.72926712036133
2,-0.7411188,-0.047292233,41.810546875,36.72926712036133
2,-0.7172476,-0.0748353,41.810546875,36.72926712036133
2,-0.30722153,-0.0012845993,41.810546875,36.72926712036133
2,-0.15976048,0.041786194,41.810546875,36.72926712036133
2,-0.1504283,0.061318874,41.810546875,36.72926712036133
2,-0.16415179,0.06397319,41.810546875,36.72926712036133
2,-0.16162992,0.05700159,41.810546875,36.72926712036133
2,-0.13052821,0.0490551,41.810546875,36.72926712036133
2,0.51850796,0.0099051,41.810546875,36.72926712036133
2,1.4250886,-0.22545838,41.810546875,36.72926712036133
2,2.1298294,-0.4724567,41.810546875,36.72926712036133
2,0.111837626,0.18452978,41.810546875,36.72926712036133
2,-0.43558347,0.135216,41.810546875,36.72926712036133
2,-0.6647682,0.019048452,41.810546875,36.72926712036133
2,-0.88812053,-0.20801091,41.810546875,36.72926712036133
2,-0.8641241,-0.19242883,41.810546875,36.72926712036133
2,-0.81855243,-0.10684204,41.810546875,36.72926712036133
2,-0.38842928,-0.16756964,41.810546875,36.72926712036133
2,0.03450632,-0.048219442,41.810546875,36.72926712036133
2,0.41782677,0.02854395,41.810546875,36.72926712036133
2,0.24818265,0.026658297,41.810546875,36.72926712036133
2,-0.65224195,0.06080556,41.810546875,36.72926712036133
2,0.19812083,0.028507233,41.810546875,36.72926712036133
2,0.6390233,0.008074522,41.810546875,36.72926712036133
2,0.7574103,-0.03189826,41.810546875,36.72926712036133
2,0.8003509,0.08490682,41.810546875,36.72926712036133
2,0.40986204,0.14437509,41.810546875,36.72926712036133
2,0.18266857,0.15394211,41.810546875,36.72926712036133
2,-0.14190018,0.09569526,41.810546875,36.72926712036133
2,-0.16833258,0.09429073,41.810546875,36.72926712036133
2,-0.84854597,0.058640957,41.810546875,36.72926712036133
2,-1.0188305,-0.015811443,41.810546875,36.72926712036133
2,-0.8123943,-0.13708472,41.810546875,36.72926712036133
2,-0.68930644,-0.15353489,41.810546875,36.72926712036133
2,-0.5892496,-0.13462996,41.810546875,36.72926712036133
2,0.6354084,0.022279501,41.810546875,36.72926712036133
2,0.3800615,0.13168621,41.810546875,36.72926712036133
2,0.18486905,0.14640331,41.810546875,36.72926712036133
2,0.1256187,0.10523009,41.810546875,36.72926712036133
2,-0.2394365,0.10798478,41.810546875,36.72926712036133
2,-0.578268,0.017185211,41.810546875,36.72926712036133
2,-0.63321626,0.00080156326,41.810546875,36.72926712036133
2,-0.68347156,-0.013793945,41.810546875,36.72926712036133
2,-0.70573384,-0.02233529,41.810546875,36.72926712036133
2,-0.64533806,-0.073191404,41.810546875,36.72926712036133
2,-0.49187297,-0.06280661,41.810546875,36.72926712036133
2,-0.3635832,-0.03567934,41.810546875,36.72926712036133
2,0.05002451,0.04581213,41.810546875,36.72926712036133
2,0.16980135,0.064928055,41.810546875,36.72926712036133
2,0.2844622,0.07032251,41.810546875,36.72926712036133
2,0.40524864,0.08359575,41.810546875,36.72926712036133
2,0.5066601,0.097053766,41.810546875,36.72926712036133
2,0.44909406,0.099444866,41.810546875,36.72926712036133
2,0.46287203,0.12732434,41.810546875,36.72926712036133
2,-0.11555982,0.10439587,41.810546875,36.72926712036133
2,-0.05913508,0.06677508,41.810546875,36.72926712036133
2,-0.025730133,0.0725894,41.810546875,36.72926712036133
2,0.019765615,0.053827524,41.810546875,36.72926712036133
2,0.2892909,0.07141161,41.810546875,36.72926712036133
2,0.22870469,0.076318264,41.810546875,36.72926712036133
2,0.22587979,0.08656144,41.810546875,36.72926712036133
2,0.22615576,-0.013693333,41.810546875,36.72926712036133
2,1.1746516,-0.09126592,41.810546875,36.72926712036133
2,1.647217,-0.26207113,41.810546875,36.72926712036133
2,1.64726,-0.21664882,41.810546875,36.72926712036133
2,1.6184123,-0.14588356,41.810546875,36.72926712036133
2,1.3180175,-0.002270937,41.810546875,36.72926712036133
2,1.2890012,-0.01889491,41.810546875,36.72926712036133
2,1.32513,-0.039680004,41.810546875,36.72926712036133
2,1.51144,-0.09324503,41.810546875,36.72926712036133
2,1.6013083,-0.16415954,41.810546875,36.72926712036133
2,0.8681407,0.06855583,41.810546875,36.72926712036133
2,1.2242842,-0.06065035,41.810546875,36.72926712036133
2,1.39658,-0.110991,41.810546875,36.72926712036133
2,1.6279819,-0.11936927,41.810546875,36.72926712036133
2,0.15630233,0.10811591,41.810546875,36.72926712036133
2,0.22556329,0.0700202,41.810546875,36.72926712036133
2,0.67470646,0.05615592,41.810546875,36.72926712036133
2,0.6582806,0.07338691,41.810546875,36.72926712036133
2,0.63202,0.0873785,41.810546875,36.72926712036133
2,0.6634965,0.07238126,41.810546875,36.72926712036133
2,0.1732428,0.08135986,41.810546875,36.72926712036133
2,-0.9054606,-0.027703285,41.810546875,36.72926712036133
2,-0.8165609,-0.08081555,41.810546875,36.72926712036133
2,0.072582364,0.045577765,41.810546875,36.72926712036133
2,0.08708501,0.040169716,41.810546875,36.72926712036133
2,0.69625115,0.02476859,41.810546875,36.72926712036133
2,0.7422378,0.06090617,41.810546875,36.72926712036133
2,0.35203826,0.17206788,41.810546875,36.72926712036133
2,0.5277885,0.07751012,41.810546875,36.72926712036133
2,0.5818505,0.09685445,41.810546875,36.72926712036133
2,0.4683745,0.12616634,41.810546875,36.72926712036133
3,0.13391745,0.19084525,36.82138442993164,24.959922790527344
3,-0.02116704,0.069779396,36.82138442993164,24.959922790527344
3,0.018422008,0.064169645,36.82138442993164,24.959922790527344
3,0.21306503,0.057267666,36.82138442993164,24.959922790527344
3,0.40753627,0.05533147,36.82138442993164,24.959922790527344
3,0.5085207,0.09058905,36.82138442993164,24.959922790527344
3,0.26793182,0.14267659,36.82138442993164,24.959922790527344
3,0.058474064,0.17634082,36.82138442993164,24.959922790527344
3,-0.03721845,0.17603326,36.82138442993164,24.959922790527344
3,-0.9110083,-0.030180693,36.82138442993164,24.959922790527344
3,-0.74992806,-0.10158157,36.82138442993164,24.959922790527344
3,-0.7269775,-0.090651035,36.82138442993164,24.959922790527344
3,-0.6071745,-0.12385917,36.82138442993164,24.959922790527344
3,-0.2666819,-0.0346663,36.82138442993164,24.959922790527344
3,-0.54454505,0.046804428,36.82138442993164,24.959922790527344
3,-0.42862594,0.030495405,36.82138442993164,24.959922790527344
3,-0.4672721,0.043453693,36.82138442993164,24.959922790527344
3,-0.5641452,0.06523442,36.82138442993164,24.959922790527344
3,-0.7194666,-0.037833214,36.82138442993164,24.959922790527344
3,-0.7250407,-0.06729555,36.82138442993164,24.959922790527344
3,-0.7834242,-0.04982376,36.82138442993164,24.959922790527344
3,-0.72057635,-0.12632275,36.82138442993164,24.959922790527344
3,-0.3935306,0.0026950836,36.82138442993164,24.959922790527344
3,-0.36442828,0.029607296,36.82138442993164,24.959922790527344
3,-0.64061373,0.02646637,36.82138442993164,24.959922790527344
3,-0.68254155,0.0008842945,36.82138442993164,24.959922790527344
3,-0.9321042,-0.09638286,36.82138442993164,24.959922790527344
3,-0.9359583,-0.101064205,36.82138442993164,24.959922790527344
3,-0.91085124,-0.114988804,36.82138442993164,24.959922790527344
3,-0.91755253,-0.1089468,36.82138442993164,24.959922790527344
3,-0.9292418,-0.10832882,36.82138442993164,24.959922790527344
3,-0.88931763,-0.1058445,36.82138442993164,24.959922790527344
3,-0.8500211,-0.13563013,36.82138442993164,24.959922790527344
3,-0.7112919,-0.10145879,36.82138442993164,24.959922790527344
3,-0.48602688,0.005141735,36.82138442993164,24.959922790527344
3,-0.4650724,0.02377367,36.82138442993164,24.959922790527344
3,-0.44531852,0.01340723,36.82138442993164,24.959922790527344
3,-0.42048943,0.014818907,36.82138442993164,24.959922790527344
3,-0.39074826,0.051187277,36.82138442993164,24.959922790527344
3,-0.4953009,0.062176943,36.82138442993164,24.959922790527344
3,-0.54480624,0.046627045,36.82138442993164,24.959922790527344
3,-0.8635855,-0.020901203,36.82138442993164,24.959922790527344
3,-0.66684926,-0.15333033,36.82138442993164,24.959922790527344
3,-0.31601894,-0.121465445,36.82138442993164,24.959922790527344
3,-0.2202897,0.018032312,36.82138442993164,24.959922790527344
3,0.16110492,0.09721494,36.82138442993164,24.959922790527344
3,-0.36569655,-0.06869149,36.82138442993164,24.959922790527344
3,-0.22653556,-0.004178047,36.82138442993164,24.959922790527344
3,0.015340447,0.03534007,36.82138442993164,24.959922790527344
3,0.33055818,0.02896595,36.82138442993164,24.959922790527344
3,0.44857562,0.055056572,36.82138442993164,24.959922790527344
3,0.86147213,-0.08403921,36.82138442993164,24.959922790527344
3,1.0252211,-0.024528265,36.82138442993164,24.959922790527344
3,1.4101186,-0.066284895,36.82138442993164,24.959922790527344
3,1.5039365,0.030893564,36.82138442993164,24.959922790527344
3,0.8135798,0.048400164,36.82138442993164,24.959922790527344
3,0.51749957,0.15120482,36.82138442993164,24.959922790527344
3,0.4053651,0.15020967,36.82138442993164,24.959922790527344
3,-0.10050106,0.1682682,36.82138442993164,24.959922790527344
3,-0.15182662,0.15982223,36.82138442993164,24.959922790527344
3,-0.26404405,0.13339138,36.82138442993164,24.959922790527344
3,-0.5412364,0.1357882,36.82138442993164,24.959922790527344
3,-0.70605934,0.121599436,36.82138442993164,24.959922790527344
3,-0.9807167,-0.03032422,36.82138442993164,24.959922790527344
3,-1.0328453,-0.05023694,36.82138442993164,24.959922790527344
3,-0.7690063,-0.110131264,36.82138442993164,24.959922790527344
3,-0.4578333,-0.15103912,36.82138442993164,24.959922790527344
3,-0.18438661,-0.019883633,36.82138442993164,24.959922790527344
3,0.0075132847,0.08832693,36.82138442993164,24.959922790527344
3,0.26791,0.09031463,36.82138442993164,24.959922790527344
3,0.22888803,0.10969639,36.82138442993164,24.959922790527344
3,0.20290327,0.11497426,36.82138442993164,24.959922790527344
3,0.109616995,0.1110332,36.82138442993164,24.959922790527344
3,0.07793081,0.115398645,36.82138442993164,24.959922790527344
3,-0.4799559,0.05803752,36.82138442993164,24.959922790527344
3,-0.60388815,0.038582563,36.82138442993164,24.959922790527344
3,-1.2740513,-0.15495634,36.82138442993164,24.959922790527344
3,-1.1531615,-0.18671513,36.82138442993164,24.959922790527344
3,-1.0897299,-0.24105477,36.82138442993164,24.959922790527344
3,-1.1548512,-0.19171143,36.82138442993164,24.959922790527344
3,-1.115491,-0.2010293,36.82138442993164,24.959922790527344
3,-1.0520532,-0.3126309,36.82138442993164,24.959922790527344
3,-1.1491287,-0.24670982,36.82138442993164,24.959922790527344
3,-0.21759963,0.067115545,36.82138442993164,24.959922790527344
3,0.10128224,0.059550285,36.82138442993164,24.959922790527344
3,0.12098849,0.067539215,36.82138442993164,24.959922790527344
3,-0.42228925,-0.46483278,36.82138442993164,24.959922790527344
3,0.36230314,0.11325455,36.82138442993164,24.959922790527344
3,-0.4257741,0.09869528,36.82138442993164,24.959922790527344
3,-0.470878,0.061955214,36.82138442993164,24.959922790527344
3,-0.047665834,-0.057148695,36.82138442993164,24.959922790527344
3,0.39000678,0.036814213,36.82138442993164,24.959922790527344
3,0.19935036,0.11265969,36.82138442993164,24.959922790527344
3,-0.21783721,0.15864372,36.82138442993164,24.959922790527344
3,-0.40362263,0.04842305,36.82138442993164,24.959922790527344
3,-0.32728243,0.011839867,36.82138442993164,24.959922790527344
3,-0.32822406,0.023107052,36.82138442993164,24.959922790527344
3,-0.29029024,0.016060114,36.82138442993164,24.959922790527344
3,-0.1051662,-0.038890123,36.82138442993164,24.959922790527344
3,0.26327312,-0.13039279,36.82138442993164,24.959922790527344
3,0.12037778,-0.2035985,36.82138442993164,24.959922790527344
3,0.17102039,-0.080662966,36.82138442993164,24.959922790527344
3,0.31638825,0.04689026,36.82138442993164,24.959922790527344
3,0.18963397,0.1337893,36.82138442993164,24.959922790527344
3,0.48094296,-0.07625437,36.82138442993164,24.959922790527344
3,0.624712,0.07870364,36.82138442993164,24.959922790527344
3,0.24028647,0.14741087,36.82138442993164,24.959922790527344
3,0.13055277,0.17240214,36.82138442993164,24.959922790527344
3,0.3748201,0.07263017,36.82138442993164,24.959922790527344
3,0.473122,0.07999945,36.82138442993164,24.959922790527344
3,0.22551,0.12575841,36.82138442993164,24.959922790527344
3,-0.71863836,0.029877186,36.82138442993164,24.959922790527344
3,-0.76934785,-0.030715942,36.82138442993164,24.959922790527344
3,-0.7899169,-0.034172773,36.82138442993164,24.959922790527344
3,-1.0011954,-0.068406105,36.82138442993164,24.959922790527344
3,-1.1751293,-0.15912342,36.82138442993164,24.959922790527344
3,-1.1840725,-0.16780663,36.82138442993164,24.959922790527344
3,-0.8614401,-0.2548561,36.82138442993164,24.959922790527344
3,-0.66860604,-0.2007525,36.82138442993164,24.959922790527344
3,-0.14215839,-0.18349218,36.82138442993164,24.959922790527344
3,-0.07423973,-0.032871008,36.82138442993164,24.959922790527344
3,0.70383453,0.13592863,36.82138442993164,24.959922790527344
3,0.75623274,0.036455154,36.82138442993164,24.959922790527344
3,0.8980253,0.03927517,36.82138442993164,24.959922790527344
3,0.81197476,0.06245184,36.82138442993164,24.959922790527344
3,0.76851773,0.07776451,36.82138442993164,24.959922790527344
3,0.74142003,0.06267047,36.82138442993164,24.959922790527344
3,0.6618397,0.09907746,36.82138442993164,24.959922790527344
3,0.50064886,0.16125774,36.82138442993164,24.959922790527344
3,0.24829698,0.24480176,36.82138442993164,24.959922790527344
3,0.25573778,0.13468742,36.82138442993164,24.959922790527344
3,0.10423279,0.12912512,36.82138442993164,24.959922790527344
3,0.01701355,0.11781478,36.82138442993164,24.959922790527344
3,-0.07900703,0.11548185,36.82138442993164,24.959922790527344
3,-0.5624459,0.038295507,36.82138442993164,24.959922790527344
3,-0.69859844,-0.057290792,36.82138442993164,24.959922790527344
3,-0.64634204,-0.05154133,36.82138442993164,24.959922790527344
3,-1.10667,-0.08055949,36.82138442993164,24.959922790527344
3,-0.7031303,-0.16122961,36.82138442993164,24.959922790527344
3,-0.6658313,-0.13596988,36.82138442993164,24.959922790527344
3,-0.65873253,-0.10179949,36.82138442993164,24.959922790527344
3,-0.24063504,-0.1392591,36.82138442993164,24.959922790527344
3,-0.07768977,-0.11378837,36.82138442993164,24.959922790527344
3,-0.010959983,0.013650894,36.82138442993164,24.959922790527344
3,0.047970176,-4.339218e-05,36.82138442993164,24.959922790527344
3,-0.12620866,0.07865858,36.82138442993164,24.959922790527344
3,-0.4277966,0.046741247,36.82138442993164,24.959922790527344
3,0.041700125,0.16393852,36.82138442993164,24.959922790527344
3,0.39417112,0.0035641193,36.82138442993164,24.959922790527344
3,0.08189881,0.15389085,36.82138442993164,24.959922790527344
3,-0.12632537,-0.042336702,36.82138442993164,24.959922790527344
3,-0.051576257,-0.024863005,36.82138442993164,24.959922790527344
3,-0.023769617,0.08491945,36.82138442993164,24.959922790527344
3,0.10042822,0.019925117,36.82138442993164,24.959922790527344
3,0.053946853,0.088875294,36.82138442993164,24.959922790527344
3,0.5146966,0.12768912,36.82138442993164,24.959922790527344
3,0.61454725,0.044413567,36.82138442993164,24.959922790527344
3,0.8279638,0.039597273,36.82138442993164,24.959922790527344
3,0.8584573,0.060877085,36.82138442993164,24.959922790527344
3,0.83317995,0.03318429,36.82138442993164,24.959922790527344
3,0.8306997,0.0785625,36.82138442993164,24.959922790527344
3,0.6949136,0.13057327,36.82138442993164,24.959922790527344
3,0.5125272,0.15173483,36.82138442993164,24.959922790527344
3,0.2671622,0.20496964,36.82138442993164,24.959922790527344
3,-0.23071432,0.18113756,36.82138442993164,24.959922790527344
3,-0.64219534,0.03484583,36.82138442993164,24.959922790527344
3,-0.72785145,0.0018150806,36.82138442993164,24.959922790527344
3,-1.0116746,-0.05385065,36.82138442993164,24.959922790527344
3,-0.8622096,-0.16128588,36.82138442993164,24.959922790527344
3,-0.058426976,-0.16083956,36.82138442993164,24.959922790527344
3,0.6851938,0.16746998,36.82138442993164,24.959922790527344
3,0.88067913,0.024472952,36.82138442993164,24.959922790527344
3,1.2685311,-0.057352066,36.82138442993164,24.959922790527344
3,1.2807398,-0.008223534,36.82138442993164,24.959922790527344
3,1.2981286,-0.022883415,36.82138442993164,24.959922790527344
3,1.3227475,-0.026233912,36.82138442993164,24.959922790527344
3,1.1861115,-0.020334482,36.82138442993164,24.959922790527344
3,0.9327116,0.107895374,36.82138442993164,24.959922790527344
3,0.8538034,0.12014365,36.82138442993164,24.959922790527344
3,0.15042019,0.15001726,36.82138442993164,24.959922790527344
3,0.053465605,0.16222525,36.82138442993164,24.959922790527344
3,-0.33906114,0.12274599,36.82138442993164,24.959922790527344
3,-0.4747538,0.10198808,36.82138442993164,24.959922790527344
3,-0.5587016,0.09300709,36.82138442993164,24.959922790527344
3,-1.1124562,-0.03066492,36.82138442993164,24.959922790527344
3,-1.0276434,-0.14788508,36.82138442993164,24.959922790527344
3,-0.9703742,-0.14357638,36.82138442993164,24.959922790527344
3,-0.9433054,-0.13590431,36.82138442993164,24.959922790527344
3,-0.4677453,-0.034404278,36.82138442993164,24.959922790527344
3,-0.46448666,-0.007832766,36.82138442993164,24.959922790527344
3,-0.24294293,0.04181695,36.82138442993164,24.959922790527344
3,-0.31356263,0.077433825,36.82138442993164,24.959922790527344
3,-0.34906352,0.07932401,36.82138442993164,24.959922790527344
3,-0.5462644,0.1091454,36.82138442993164,24.959922790527344
3,-0.4889258,-0.09786844,36.82138442993164,24.959922790527344
3,-0.26695335,-0.029719114,36.82138442993164,24.959922790527344
3,-0.2599194,-0.041716576,36.82138442993164,24.959922790527344
3,-0.2614149,-0.034368277,36.82138442993164,24.959922790527344
3,-0.2064414,0.08454585,36.82138442993164,24.959922790527344
3,-0.18737912,0.06718373,36.82138442993164,24.959922790527344
3,-0.19302893,0.053023577,36.82138442993164,24.959922790527344
3,-0.17592156,-0.17755938,36.82138442993164,24.959922790527344
3,0.09473252,0.015801191,36.82138442993164,24.959922790527344
3,0.39535594,0.058095694,36.82138442993164,24.959922790527344
3,0.23155129,0.15903473,36.82138442993164,24.959922790527344
3,-0.5681876,0.029959202,36.82138442993164,24.959922790527344
3,-0.22183311,-0.12623262,36.82138442993164,24.959922790527344
3,0.37082255,-0.12173891,36.82138442993164,24.959922790527344
3,0.53112555,0.06656718,36.82138442993164,24.959922790527344
3,0.47952104,0.059165,36.82138442993164,24.959922790527344
3,0.51812387,0.121392965,36.82138442993164,24.959922790527344
3,0.50787926,0.12314725,36.82138442993164,24.959922790527344
3,0.47667205,0.12610674,36.82138442993164,24.959922790527344
3,0.43274724,0.13483715,36.82138442993164,24.959922790527344
3,0.33482838,0.14810014,36.82138442993164,24.959922790527344
3,-0.24266315,0.090804815,36.82138442993164,24.959922790527344
3,-0.5046588,0.10775471,36.82138442993164,24.959922790527344
3,-0.76101273,-0.046595097,36.82138442993164,24.959922790527344
3,-0.73784286,-0.09652138,36.82138442993164,24.959922790527344
3,-0.69751036,-0.065499544,36.82138442993164,24.959922790527344
3,-0.55232894,-0.043364286,36.82138442993164,24.959922790527344
3,-0.5396172,-0.02991724,36.82138442993164,24.959922790527344
3,-0.52733386,-0.007462263,36.82138442993164,24.959922790527344
3,-0.28633904,-0.018449306,36.82138442993164,24.959922790527344
3,-0.11660433,0.015931606,36.82138442993164,24.959922790527344
3,-0.032009006,0.03152418,36.82138442993164,24.959922790527344
3,0.2603643,0.051040173,36.82138442993164,24.959922790527344
3,0.25335824,0.12401366,36.82138442993164,24.959922790527344
3,0.25556934,0.10390091,36.82138442993164,24.959922790527344
3,0.33160675,0.09280324,36.82138442993164,24.959922790527344
3,0.24768424,0.109810114,36.82138442993164,24.959922790527344
3,0.12459588,0.12920952,36.82138442993164,24.959922790527344
3,-0.30846274,0.11300373,36.82138442993164,24.959922790527344
3,-0.3363974,0.093128204,36.82138442993164,24.959922790527344
3,-0.53076816,0.06755662,36.82138442993164,24.959922790527344
3,-0.87864953,-0.045198917,36.82138442993164,24.959922790527344
3,-0.98912275,-0.09395385,36.82138442993164,24.959922790527344
3,-0.7091074,-0.15804791,36.82138442993164,24.959922790527344
3,-0.28024876,0.05166459,36.82138442993164,24.959922790527344
3,-0.3893007,0.06818795,36.82138442993164,24.959922790527344
3,-0.45255637,0.03727126,36.82138442993164,24.959922790527344
3,-0.45442957,0.03315139,36.82138442993164,24.959922790527344
3,-0.42255127,0.014437199,36.82138442993164,24.959922790527344
3,-0.47778696,-0.0016360283,36.82138442993164,24.959922790527344
3,-0.3749019,-0.03240776,36.82138442993164,24.959922790527344
3,-0.35004914,-0.04836774,36.82138442993164,24.959922790527344
3,-0.11973894,-0.035226107,36.82138442993164,24.959922790527344
3,0.045213938,0.092371464,36.82138442993164,24.959922790527344
3,-0.05943656,0.08552337,36.82138442993164,24.959922790527344
3,-0.06974828,0.08576894,36.82138442993164,24.959922790527344
3,-0.14816225,0.10444379,36.82138442993164,24.959922790527344
3,-0.043804526,0.0428257,36.82138442993164,24.959922790527344
3,0.06703055,0.048907757,36.82138442993164,24.959922790527344
3,0.14154398,0.04200387,36.82138442993164,24.959922790527344
3,0.24767315,0.090429306,36.82138442993164,24.959922790527344
3,0.090851426,0.08910704,36.82138442993164,24.959922790527344
3,0.10451126,0.09390116,36.82138442993164,24.959922790527344
3,0.080633044,0.10522604,36.82138442993164,24.959922790527344
3,0.061772227,0.076455355,36.82138442993164,24.959922790527344
3,0.11419809,0.09945798,36.82138442993164,24.959922790527344
3,-0.16891408,0.122903824,36.82138442993164,24.959922790527344
3,-0.21941459,0.09428239,36.82138442993164,24.959922790527344
3,-0.23393416,0.08506799,36.82138442993164,24.959922790527344
3,-0.33883262,0.091591835,36.82138442993164,24.959922790527344
3,-0.35156775,0.06448746,36.82138442993164,24.959922790527344
3,-0.4005648,0.07389474,36.82138442993164,24.959922790527344
3,-0.42313242,0.042518616,36.82138442993164,24.959922790527344
3,-0.46966392,0.041490078,36.82138442993164,24.959922790527344
3,-0.4762467,0.03000927,36.82138442993164,24.959922790527344
3,-0.5697569,0.05995226,36.82138442993164,24.959922790527344
3,-0.6404942,0.012029886,36.82138442993164,24.959922790527344
3,-0.92657983,-0.07103753,36.82138442993164,24.959922790527344
3,-0.9327542,-0.10118151,36.82138442993164,24.959922790527344
3,-0.9533481,-0.09856367,36.82138442993164,24.959922790527344
3,-0.99424124,-0.16061282,36.82138442993164,24.959922790527344
3,-0.72634864,-0.098560095,36.82138442993164,24.959922790527344
3,-0.4702965,-0.05610299,36.82138442993164,24.959922790527344
3,-0.36871755,-0.028672695,36.82138442993164,24.959922790527344
3,-0.31933606,0.0072288513,36.82138442993164,24.959922790527344
3,-0.30651438,0.017684698,36.82138442993164,24.959922790527344
3,-0.03657627,0.04201579,36.82138442993164,24.959922790527344
3,0.5335002,0.18423963,36.82138442993164,24.959922790527344
3,0.5193285,0.104269266,36.82138442993164,24.959922790527344
3,0.44992793,0.10294962,36.82138442993164,24.959922790527344
3,0.28936934,0.13187361,36.82138442993164,24.959922790527344
3,0.2020359,0.13695502,36.82138442993164,24.959922790527344
3,-0.10919714,0.0723784,36.82138442993164,24.959922790527344
3,-0.10088742,0.07650876,36.82138442993164,24.959922790527344
3,-0.11182809,0.080061436,36.82138442993164,24.959922790527344
3,-0.12468028,0.0811131,36.82138442993164,24.959922790527344
3,-0.13792562,0.080958605,36.82138442993164,24.959922790527344
3,-0.3108467,0.05771613,36.82138442993164,24.959922790527344
3,-0.39778602,0.04824972,36.82138442993164,24.959922790527344
3,-0.47868854,0.04188633,36.82138442993164,24.959922790527344
3,-0.6326665,0.025650263,36.82138442993164,24.959922790527344
3,-0.6437364,0.012393951,36.82138442993164,24.959922790527344
3,-0.58840936,-0.023695469,36.82138442993164,24.959922790527344
3,-0.43830752,-0.029883862,36.82138442993164,24.959922790527344
3,-0.37151277,-0.0004014969,36.82138442993164,24.959922790527344
3,-0.35489845,0.0062332153,36.82138442993164,24.959922790527344
3,-0.2830019,0.041283846,36.82138442993164,24.959922790527344
3,-0.36893165,0.05679965,36.82138442993164,24.959922790527344
3,-0.3776636,0.040149212,36.82138442993164,24.959922790527344
3,-0.40156627,-0.009215832,36.82138442993164,24.959922790527344
3,-0.4049741,-0.01085186,36.82138442993164,24.959922790527344
3,-0.28919268,0.042845488,36.82138442993164,24.959922790527344
3,-0.24652326,0.054090023,36.82138442993164,24.959922790527344
3,-0.07675803,0.011940718,36.82138442993164,24.959922790527344
3,0.14000487,-0.12277365,36.82138442993164,24.959922790527344
3,0.015193462,-0.042684317,36.82138442993164,24.959922790527344
3,0.03611219,0.041738987,36.82138442993164,24.959922790527344
3,0.012689114,0.08488107,36.82138442993164,24.959922790527344
3,0.0930177,0.10958767,36.82138442993164,24.959922790527344
3,0.036682367,0.11490202,36.82138442993164,24.959922790527344
3,-0.01866591,0.07684064,36.82138442993164,24.959922790527344
3,-0.5892092,0.12690616,36.82138442993164,24.959922790527344
3,-0.67053086,0.10317969,36.82138442993164,24.959922790527344
3,-0.72028065,0.06608105,36.82138442993164,24.959922790527344
3,-0.7320263,0.028293371,36.82138442993164,24.959922790527344
3,-0.88695854,-0.05641818,36.82138442993164,24.959922790527344
3,-0.94104916,-0.13848257,36.82138442993164,24.959922790527344
3,-0.71776164,-0.12571311,36.82138442993164,24.959922790527344
3,-0.56982094,-0.09528828,36.82138442993164,24.959922790527344
3,0.008111477,0.09848642,36.82138442993164,24.959922790527344
3,-0.01975882,0.0949893,36.82138442993164,24.959922790527344
3,0.1501602,0.14736867,36.82138442993164,24.959922790527344
3,0.052823424,0.10714054,36.82138442993164,24.959922790527344
3,0.127962,0.07382202,36.82138442993164,24.959922790527344
3,0.05020702,0.10887313,36.82138442993164,24.959922790527344
3,-0.082247734,0.0012845993,36.82138442993164,24.959922790527344
3,-0.32294428,0.05948615,36.82138442993164,24.959922790527344
3,-0.45725393,0.03696394,36.82138442993164,24.959922790527344
3,-0.0706507,0.022444248,36.82138442993164,24.959922790527344
3,0.20063984,0.026203394,36.82138442993164,24.959922790527344
3,0.41879404,0.05017519,36.82138442993164,24.959922790527344
3,0.5992522,0.03818822,36.82138442993164,24.959922790527344
3,1.1672409,-0.03637147,36.82138442993164,24.959922790527344
3,1.5209007,-0.081161976,36.82138442993164,24.959922790527344
3,1.3023803,-0.010776758,36.82138442993164,24.959922790527344
3,1.2121,0.030072689,36.82138442993164,24.959922790527344
3,0.96610355,-0.11564827,36.82138442993164,24.959922790527344
3,0.9801748,0.0056529045,36.82138442993164,24.959922790527344
3,0.93314266,0.019152164,36.82138442993164,24.959922790527344
3,0.8689947,0.03237748,36.82138442993164,24.959922790527344
3,0.7690239,0.051817656,36.82138442993164,24.959922790527344
3,0.67186666,0.1184957,36.82138442993164,24.959922790527344
3,0.38762903,0.1332326,36.82138442993164,24.959922790527344
3,-0.11373246,0.06918073,36.82138442993164,24.959922790527344
3,-0.08188999,0.047917128,36.82138442993164,24.959922790527344
3,-0.04556763,0.055200815,36.82138442993164,24.959922790527344
3,-0.03926325,0.059203863,36.82138442993164,24.959922790527344
3,-0.060016394,0.071647406,36.82138442993164,24.959922790527344
3,-0.13007295,0.09163213,36.82138442993164,24.959922790527344
3,-0.13693988,0.08151698,36.82138442993164,24.959922790527344
3,-0.12342572,0.07018757,36.82138442993164,24.959922790527344
3,-0.11596668,0.07736063,36.82138442993164,24.959922790527344
3,-0.07349861,0.07866192,36.82138442993164,24.959922790527344
3,-0.10594928,0.084513426,36.82138442993164,24.959922790527344
3,-0.41793323,0.037537098,36.82138442993164,24.959922790527344
3,-0.32973254,0.027761221,36.82138442993164,24.959922790527344
3,-0.2958523,0.022907019,36.82138442993164,24.959922790527344
3,-0.26224458,0.05185747,36.82138442993164,24.959922790527344
3,-0.2188015,0.06833434,36.82138442993164,24.959922790527344
3,-0.104690194,0.0347898,36.82138442993164,24.959922790527344
3,0.25156617,0.05913067,36.82138442993164,24.959922790527344
3,0.30549157,0.06995058,36.82138442993164,24.959922790527344
3,0.22788095,0.105249405,36.82138442993164,24.959922790527344
3,0.14361942,0.16182065,36.82138442993164,24.959922790527344
3,0.1056602,0.1439035,36.82138442993164,24.959922790527344
3,-0.0868963,0.1710403,36.82138442993164,24.959922790527344
3,-0.3713802,-0.06667352,36.82138442993164,24.959922790527344
3,-0.42031324,0.007948875,36.82138442993164,24.959922790527344
3,-0.53512263,0.04301548,36.82138442993164,24.959922790527344
3,-0.5866285,0.023985863,36.82138442993164,24.959922790527344
3,-0.39332008,-0.033852577,36.82138442993164,24.959922790527344
3,0.07166588,0.06992674,36.82138442993164,24.959922790527344
3,-0.016694546,0.11063409,36.82138442993164,24.959922790527344
3,-0.49980187,0.06614065,36.82138442993164,24.959922790527344
3,-0.59738666,0.048446894,36.82138442993164,24.959922790527344
3,-0.62928915,0.039994955,36.82138442993164,24.959922790527344
3,-0.67112875,0.0324378,36.82138442993164,24.959922790527344
3,-0.7413768,0.009192228,36.82138442993164,24.959922790527344
3,-0.9203112,-0.18015051,36.82138442993164,24.959922790527344
3,-0.26499474,-0.20869923,36.82138442993164,24.959922790527344
3,-0.37616646,0.0033845901,36.82138442993164,24.959922790527344
3,-0.27055502,0.05540943,36.82138442993164,24.959922790527344
3,-0.1887902,0.08170509,36.82138442993164,24.959922790527344
3,-0.040167212,0.115358114,36.82138442993164,24.959922790527344
3,0.14100397,0.053052187,36.82138442993164,24.959922790527344
3,0.26141298,0.07820821,36.82138442993164,24.959922790527344
3,0.095399976,0.07484102,36.82138442993164,24.959922790527344
3,0.20874465,0.07080817,36.82138442993164,24.959922790527344
3,0.28418827,0.084349155,36.82138442993164,24.959922790527344
3,0.23816276,0.1142478,36.82138442993164,24.959922790527344
3,0.22162151,0.11442852,36.82138442993164,24.959922790527344
3,-0.067212224,0.10001159,36.82138442993164,24.959922790527344
3,-0.08126068,0.101597786,36.82138442993164,24.959922790527344
3,-0.16743875,0.07402754,36.82138442993164,24.959922790527344
3,-0.1802634,0.07562208,36.82138442993164,24.959922790527344
3,-0.2798642,0.07873964,36.82138442993164,24.959922790527344
4,0.79569054,0.108308315,46.30601501464844,32.11834716796875
4,0.76297593,0.09794712,46.30601501464844,32.11834716796875
4,0.7804525,0.08371019,46.30601501464844,32.11834716796875
4,0.7546365,0.13592005,46.30601501464844,32.11834716796875
4,0.5715487,0.11905718,46.30601501464844,32.11834716796875
4,0.56301284,0.1105628,46.30601501464844,32.11834716796875
4,0.5570743,0.109010935,46.30601501464844,32.11834716796875
4,0.43824077,0.14286923,46.30601501464844,32.11834716796875
4,-0.059241652,0.16182065,46.30601501464844,32.11834716796875
4,-0.5777072,-0.031098127,46.30601501464844,32.11834716796875
4,-0.5064957,-0.0045540333,46.30601501464844,32.11834716796875
4,-0.9131108,0.0082912445,46.30601501464844,32.11834716796875
4,-0.9409256,-0.069777966,46.30601501464844,32.11834716796875
4,-0.89021397,-0.10163522,46.30601501464844,32.11834716796875
4,-0.8205712,-0.107569456,46.30601501464844,32.11834716796875
4,-0.70162207,-0.10560036,46.30601501464844,32.11834716796875
4,-0.70116884,-0.0663836,46.30601501464844,32.11834716796875
4,-0.73685783,-0.051704407,46.30601501464844,32.11834716796875
4,-0.7173359,-0.0781405,46.30601501464844,32.11834716796875
4,-0.6909545,-0.04569578,46.30601501464844,32.11834716796875
4,-0.6802433,-0.049770355,46.30601501464844,32.11834716796875
4,-0.67907625,-0.04835224,46.30601501464844,32.11834716796875
4,-0.59167457,-0.05695796,46.30601501464844,32.11834716796875
4,-0.5693411,-0.029780865,46.30601501464844,32.11834716796875
4,-0.220415,0.022517681,46.30601501464844,32.11834716796875
4,-0.035057783,0.01524663,46.30601501464844,32.11834716796875
4,0.12161136,0.050555944,46.30601501464844,32.11834716796875
4,0.19565976,0.051317215,46.30601501464844,32.11834716796875
4,0.22876954,0.06178689,46.30601501464844,32.11834716796875
4,0.4167949,0.047232866,46.30601501464844,32.11834716796875
4,0.5210742,0.068095446,46.30601501464844,32.11834716796875
4,0.8367181,-0.017184496,46.30601501464844,32.11834716796875
4,1.0993857,-0.033554077,46.30601501464844,32.11834716796875
4,1.3810225,-0.12222266,46.30601501464844,32.11834716796875
4,1.4198649,-0.04153824,46.30601501464844,32.11834716796875
4,0.530247,0.11037707,46.30601501464844,32.11834716796875
4,1.0983868,-0.07629871,46.30601501464844,32.11834716796875
4,1.4582171,-0.19533563,46.30601501464844,32.11834716796875
4,1.6362724,-0.20173073,46.30601501464844,32.11834716796875
4,1.8944142,-0.25468755,46.30601501464844,32.11834716796875
4,1.8210218,-0.21068168,46.30601501464844,32.11834716796875
4,1.7328062,-0.16223216,46.30601501464844,32.11834716796875
4,1.1970897,0.050952196,46.30601501464844,32.11834716796875
4,1.0340354,0.09329891,46.30601501464844,32.11834716796875
4,0.6477306,0.122880936,46.30601501464844,32.11834716796875
4,0.59076643,0.12521791,46.30601501464844,32.11834716796875
4,0.09341669,0.16676283,46.30601501464844,32.11834716796875
4,0.039922237,0.12527561,46.30601501464844,32.11834716796875
4,-0.17990279,0.123823404,46.30601501464844,32.11834716796875
4,0.28000355,0.14025879,46.30601501464844,32.11834716796875
4,0.26953268,0.1115191,46.30601501464844,32.11834716796875
4,0.2780404,0.105597734,46.30601501464844,32.11834716796875
4,0.006030321,0.13443232,46.30601501464844,32.11834716796875
4,-0.32518315,0.08528161,46.30601501464844,32.11834716796875
4,-0.41864848,0.059154272,46.30601501464844,32.11834716796875
4,-0.39096916,0.016443014,46.30601501464844,32.11834716796875
4,-0.32739043,0.005872965,46.30601501464844,32.11834716796875
4,1.0737627,0.011498928,46.30601501464844,32.11834716796875
4,1.2354577,-0.0215559,46.30601501464844,32.11834716796875
4,1.3666997,-0.030878544,46.30601501464844,32.11834716796875
4,1.1461282,0.057416916,46.30601501464844,32.11834716796875
4,1.07867,0.07562113,46.30601501464844,32.11834716796875
4,0.8756082,0.12218809,46.30601501464844,32.11834716796875
4,0.80345654,0.12919998,46.30601501464844,32.11834716796875
4,0.5868845,0.17269969,46.30601501464844,32.11834716796875
4,-0.1965673,0.1258483,46.30601501464844,32.11834716796875
4,-0.26338077,0.11607838,46.30601501464844,32.11834716796875
4,-0.37066185,0.08926225,46.30601501464844,32.11834716796875
4,-0.5674332,0.045420885,46.30601501464844,32.11834716796875
4,-0.6835813,0.027319908,46.30601501464844,32.11834716796875
4,-0.80238944,-0.004170418,46.30601501464844,32.11834716796875
4,-0.030126572,0.057082176,46.30601501464844,32.11834716796875
4,0.16481721,0.07222724,46.30601501464844,32.11834716796875
4,0.66518617,0.075134516,46.30601501464844,32.11834716796875
4,1.0313592,0.01748991,46.30601501464844,32.11834716796875
4,1.1452641,-0.016492128,46.30601501464844,32.11834716796875
4,1.077169,-0.05310273,46.30601501464844,32.11834716796875
4,1.5075653,-0.10949564,46.30601501464844,32.11834716796875
4,1.1974409,0.054095984,46.30601501464844,32.11834716796875
4,1.2833884,-0.12947083,46.30601501464844,32.11834716796875
4,1.8294542,-0.26605725,46.30601501464844,32.11834716796875
4,1.954977,-0.28677464,46.30601501464844,32.11834716796875
4,2.176484,-0.42832208,46.30601501464844,32.11834716796875
4,2.088196,-0.35515857,46.30601501464844,32.11834716796875
4,1.0615969,0.054066658,46.30601501464844,32.11834716796875
4,0.6210151,0.18235278,46.30601501464844,32.11834716796875
4,-0.049127102,0.19385648,46.30601501464844,32.11834716796875
4,0.5568663,-0.0018007755,46.30601501464844,32.11834716796875
4,0.60974765,0.02203536,46.30601501464844,32.11834716796875
4,0.1510731,0.12207532,46.30601501464844,32.11834716796875
4,0.1438725,0.045915604,46.30601501464844,32.11834716796875
4,0.21397102,0.07189345,46.30601501464844,32.11834716796875
4,0.20995152,0.097219944,46.30601501464844,32.11834716796875
4,0.12708747,0.11768675,46.30601501464844,32.11834716796875
4,0.030094504,0.07845831,46.30601501464844,32.11834716796875
4,0.085915804,0.07455945,46.30601501464844,32.11834716796875
4,0.17331982,0.08612251,46.30601501464844,32.11834716796875
4,0.113346934,0.109236,46.30601501464844,32.11834716796875
4,0.09257078,0.10728645,46.30601501464844,32.11834716796875
4,0.16438627,0.0687778,46.30601501464844,32.11834716796875
4,0.2947247,0.03379655,46.30601501464844,32.11834716796875
4,0.40669894,0.02948618,46.30601501464844,32.11834716796875
4,0.67193484,0.10958791,46.30601501464844,32.11834716796875
4,0.18163884,0.1095407,46.30601501464844,32.11834716796875
4,0.17164159,0.09878254,46.30601501464844,32.11834716796875
4,-0.17437136,0.069915295,46.30601501464844,32.11834716796875
4,-0.20824146,0.07092309,46.30601501464844,32.11834716796875
4,-0.43946934,0.037297726,46.30601501464844,32.11834716796875
4,-0.48325968,0.016343832,46.30601501464844,32.11834716796875
4,-0.5127016,0.012530804,46.30601501464844,32.11834716796875
4,-0.5675441,-0.0039527416,46.30601501464844,32.11834716796875
4,-0.62539303,-0.016320705,46.30601501464844,32.11834716796875
4,-0.29420698,-0.006198406,46.30601501464844,32.11834716796875
4,-0.18192494,-0.026629686,46.30601501464844,32.11834716796875
4,0.014862537,0.071469545,46.30601501464844,32.11834716796875
4,0.24325287,0.07944465,46.30601501464844,32.11834716796875
4,0.28167164,0.071038246,46.30601501464844,32.11834716796875
4,0.5797694,0.06454134,46.30601501464844,32.11834716796875
4,0.87402606,0.02370572,46.30601501464844,32.11834716796875
4,0.81823325,0.08469486,46.30601501464844,32.11834716796875
4,0.9743283,0.023642063,46.30601501464844,32.11834716796875
4,0.90010047,0.09107423,46.30601501464844,32.11834716796875
4,0.08474624,0.1488514,46.30601501464844,32.11834716796875
4,-0.12350941,0.12442708,46.30601501464844,32.11834716796875
4,-0.38510048,0.09456372,46.30601501464844,32.11834716796875
4,-0.39960253,0.07102275,46.30601501464844,32.11834716796875
4,-0.44839352,0.07253671,46.30601501464844,32.11834716796875
4,-0.5740391,-0.01401782,46.30601501464844,32.11834716796875
4,0.9095595,0.04440856,46.30601501464844,32.11834716796875
4,0.77931356,0.09899473,46.30601501464844,32.11834716796875
4,0.70205164,0.09287357,46.30601501464844,32.11834716796875
4,0.543175,0.15153241,46.30601501464844,32.11834716796875
4,0.21103132,0.13782215,46.30601501464844,32.11834716796875
4,-0.24376094,0.10487366,46.30601501464844,32.11834716796875
4,-0.14351451,0.053031683,46.30601501464844,32.11834716796875
4,-0.11918056,0.05483198,46.30601501464844,32.11834716796875
4,-0.08339894,0.080235004,46.30601501464844,32.11834716796875
4,-0.13961923,0.09267211,46.30601501464844,32.11834716796875
4,-0.19651198,0.08743119,46.30601501464844,32.11834716796875
4,-0.42757,-0.0885036,46.30601501464844,32.11834716796875
4,0.30135036,0.017994404,46.30601501464844,32.11834716796875
4,0.38206172,0.06975937,46.30601501464844,32.11834716796875
4,0.46340168,0.080451965,46.30601501464844,32.11834716796875
4,0.17451072,0.10449934,46.30601501464844,32.11834716796875
4,0.6199646,-0.0028865337,46.30601501464844,32.11834716796875
4,0.5086243,0.14200735,46.30601501464844,32.11834716796875
4,0.21706927,0.12552738,46.30601501464844,32.11834716796875
4,0.19504082,0.119315386,46.30601501464844,32.11834716796875
4,-0.8067589,-0.041912794,46.30601501464844,32.11834716796875
4,-0.1186378,0.044805527,46.30601501464844,32.11834716796875
4,-0.31394088,0.07934046,46.30601501464844,32.11834716796875
4,-0.36964166,0.075605154,46.30601501464844,32.11834716796875
4,-0.6304411,-0.022143602,46.30601501464844,32.11834716796875
4,-0.6557124,-0.03398323,46.30601501464844,32.11834716796875
4,1.031743,-0.023912668,46.30601501464844,32.11834716796875
4,0.9704633,0.07833004,46.30601501464844,32.11834716796875
4,0.72112584,0.1219511,46.30601501464844,32.11834716796875
4,0.7585249,0.08712959,46.30601501464844,32.11834716796875
4,0.8890033,0.07071781,46.30601501464844,32.11834716796875
4,0.8196738,0.07986617,46.30601501464844,32.11834716796875
4,0.8261821,0.08051419,46.30601501464844,32.11834716796875
4,0.76754284,0.093741894,46.30601501464844,32.11834716796875
4,-0.6361305,0.056928396,46.30601501464844,32.11834716796875
4,-0.62687886,-0.09995413,46.30601501464844,32.11834716796875
4,0.060052276,-0.23405027,46.30601501464844,32.11834716796875
4,1.0600092,-0.23454452,46.30601501464844,32.11834716796875
4,1.6143849,-0.20527244,46.30601501464844,32.11834716796875
4,1.6039126,-0.1469326,46.30601501464844,32.11834716796875
4,2.0062726,-0.31200552,46.30601501464844,32.11834716796875
4,1.5987837,-0.09036493,46.30601501464844,32.11834716796875
4,1.3566206,0.016489506,46.30601501464844,32.11834716796875
4,1.2531366,0.045934677,46.30601501464844,32.11834716796875
4,0.1377896,0.1721716,46.30601501464844,32.11834716796875
4,0.07097578,0.1639638,46.30601501464844,32.11834716796875
4,-0.04862547,-0.052884102,46.30601501464844,32.11834716796875
4,0.44741416,0.06369591,46.30601501464844,32.11834716796875
4,0.31128132,0.1316495,46.30601501464844,32.11834716796875
4,0.21597993,0.04510188,46.30601501464844,32.11834716796875
4,0.083973765,0.1517086,46.30601501464844,32.11834716796875
4,0.0148563385,0.120182514,46.30601501464844,32.11834716796875
4,-0.0014834404,0.08507204,46.30601501464844,32.11834716796875
4,0.065504074,0.115125656,46.30601501464844,32.11834716796875
4,0.45318937,0.09840417,46.30601501464844,32.11834716796875
4,0.44063878,0.087922096,46.30601501464844,32.11834716796875
4,1.0200274,0.05182624,46.30601501464844,32.11834716796875
4,1.005028,0.06612873,46.30601501464844,32.11834716796875
4,0.98846054,0.06954551,46.30601501464844,32.11834716796875
4,0.95501566,0.07128072,46.30601501464844,32.11834716796875
4,0.9030719,0.08642936,46.30601501464844,32.11834716796875
4,0.740726,0.119133234,46.30601501464844,32.11834716796875
4,0.24111462,0.14896894,46.30601501464844,32.11834716796875
4,0.18066955,0.14804173,46.30601501464844,32.11834716796875
4,-0.36350632,0.07473874,46.30601501464844,32.11834716796875
4,-0.49387723,0.043776274,46.30601501464844,32.11834716796875
4,-0.56009847,0.027027369,46.30601501464844,32.11834716796875
4,-0.6278601,-0.056144953,46.30601501464844,32.11834716796875
4,-0.4341935,-0.008919716,46.30601501464844,32.11834716796875
4,-0.24335349,0.015274763,46.30601501464844,32.11834716796875
4,-0.25950265,0.031235456,46.30601501464844,32.11834716796875
4,-0.5200674,0.01134181,46.30601501464844,32.11834716796875
4,0.20874512,0.07537556,46.30601501464844,32.11834716796875
4,0.13158298,0.06329775,46.30601501464844,32.11834716796875
4,0.2735027,0.07298708,46.30601501464844,32.11834716796875
4,0.2914685,0.114283085,46.30601501464844,32.11834716796875
4,0.4864391,0.0023944378,46.30601501464844,32.11834716796875
4,0.54703474,0.06951642,46.30601501464844,32.11834716796875
4,0.86182165,0.041903973,46.30601501464844,32.11834716796875
4,0.8596146,0.07191014,46.30601501464844,32.11834716796875
4,0.29797268,0.15594101,46.30601501464844,32.11834716796875
4,0.15467107,-0.01670003,46.30601501464844,32.11834716796875
4,-0.0976311,0.028070927,46.30601501464844,32.11834716796875
4,-0.13062441,0.059625864,46.30601501464844,32.11834716796875
4,-0.09930408,0.040670395,46.30601501464844,32.11834716796875
4,0.13137114,-0.032561064,46.30601501464844,32.11834716796875
4,0.45602643,-0.09783816,46.30601501464844,32.11834716796875
4,1.1029122,-0.07363868,46.30601501464844,32.11834716796875
4,1.0695012,0.00055527687,46.30601501464844,32.11834716796875
4,0.82709527,0.075636625,46.30601501464844,32.11834716796875
4,0.9461293,0.056424618,46.30601501464844,32.11834716796875
4,0.92634845,0.060958862,46.30601501464844,32.11834716796875
4,0.5793779,0.13185763,46.30601501464844,32.11834716796875
4,0.4008441,0.14829087,46.30601501464844,32.11834716796875
4,-0.4214908,0.059154987,46.30601501464844,32.11834716796875
4,-0.56256646,0.030923128,46.30601501464844,32.11834716796875
4,-0.014004946,-0.050524473,46.30601501464844,32.11834716796875
4,0.09426665,0.04379511,46.30601501464844,32.11834716796875
4,-0.28142345,0.10871863,46.30601501464844,32.11834716796875
4,-0.35661137,0.10257316,46.30601501464844,32.11834716796875
4,-0.17887104,-0.00852561,46.30601501464844,32.11834716796875
4,0.15004218,0.020647764,46.30601501464844,32.11834716796875
4,0.1186676,0.110916615,46.30601501464844,32.11834716796875
4,0.3354913,0.030750751,46.30601501464844,32.11834716796875
4,0.44032753,0.08767915,46.30601501464844,32.11834716796875
4,1.3013232,-0.069811344,46.30601501464844,32.11834716796875
4,1.5297792,-0.110405445,46.30601501464844,32.11834716796875
4,1.436357,-0.043693066,46.30601501464844,32.11834716796875
4,1.2853079,0.026281357,46.30601501464844,32.11834716796875
4,1.0977285,0.054778337,46.30601501464844,32.11834716796875
4,1.042824,0.066599846,46.30601501464844,32.11834716796875
4,1.0104425,0.075502634,46.30601501464844,32.11834716796875
4,0.9801078,0.08111787,46.30601501464844,32.11834716796875
4,0.95909166,0.081933975,46.30601501464844,32.11834716796875
4,0.9420161,0.08007455,46.30601501464844,32.11834716796875
4,0.7722435,0.102310896,46.30601501464844,32.11834716796875
4,0.68527246,0.114096165,46.30601501464844,32.11834716796875
4,0.17302597,0.15355468,46.30601501464844,32.11834716796875
4,-0.23588777,0.13036656,46.30601501464844,32.11834716796875
4,-0.30524743,0.11544776,46.30601501464844,32.11834716796875
4,-0.67141503,0.026713371,46.30601501464844,32.11834716796875
4,-0.84608185,-0.11223507,46.30601501464844,32.11834716796875
4,-0.8379923,-0.10509992,46.30601501464844,32.11834716796875
4,-0.77571446,-0.100096226,46.30601501464844,32.11834716796875
4,0.28031242,0.060487032,46.30601501464844,32.11834716796875
4,0.23178065,0.0855155,46.30601501464844,32.11834716796875
4,0.29943633,0.06583357,46.30601501464844,32.11834716796875
4,0.34568095,0.121011496,46.30601501464844,32.11834716796875
4,0.23521662,0.106303215,46.30601501464844,32.11834716796875
4,0.28263307,0.089125395,46.30601501464844,32.11834716796875
4,0.26368964,0.11249113,46.30601501464844,32.11834716796875
4,0.40068305,-0.030989408,46.30601501464844,32.11834716796875
4,1.0108993,0.09290004,46.30601501464844,32.11834716796875
4,0.4704926,0.18686604,46.30601501464844,32.11834716796875
4,-0.20957506,0.06418395,46.30601501464844,32.11834716796875
4,0.09843683,0.068655014,46.30601501464844,32.11834716796875
4,-0.088198304,-0.07580471,46.30601501464844,32.11834716796875
4,0.13056493,-0.07860947,46.30601501464844,32.11834716796875
4,0.30652833,-0.061549664,46.30601501464844,32.11834716796875
4,0.53943515,0.11666417,46.30601501464844,32.11834716796875
4,0.37493646,0.1448288,46.30601501464844,32.11834716796875
4,-0.23491442,0.14817095,46.30601501464844,32.11834716796875
4,-0.25187624,0.011539459,46.30601501464844,32.11834716796875
4,0.34259236,0.10302377,46.30601501464844,32.11834716796875
4,-0.47783977,-0.002349615,46.30601501464844,32.11834716796875
4,-0.2607913,0.04122305,46.30601501464844,32.11834716796875
4,-0.48778313,0.0071918964,46.30601501464844,32.11834716796875
4,-0.31576717,-0.014978647,46.30601501464844,32.11834716796875
4,-0.10875952,0.05345726,46.30601501464844,32.11834716796875
4,-0.1165055,0.060724974,46.30601501464844,32.11834716796875
4,-0.077192545,0.054643393,46.30601501464844,32.11834716796875
4,-0.03151548,0.047785044,46.30601501464844,32.11834716796875
4,0.2066623,0.063519716,46.30601501464844,32.11834716796875
4,0.2609675,0.031668425,46.30601501464844,32.11834716796875
4,0.3361256,0.026806355,46.30601501464844,32.11834716796875
4,0.632694,0.03434205,46.30601501464844,32.11834716796875
4,0.8875246,0.061664343,46.30601501464844,32.11834716796875
4,0.2055713,0.15584588,46.30601501464844,32.11834716796875
4,0.065585375,0.12851214,46.30601501464844,32.11834716796875
4,0.034482718,0.101635456,46.30601501464844,32.11834716796875
4,0.009298325,0.08182073,46.30601501464844,32.11834716796875
4,0.012387633,0.082347155,46.30601501464844,32.11834716796875
4,0.011728644,0.082121134,46.30601501464844,32.11834716796875
4,0.05580318,0.08082986,46.30601501464844,32.11834716796875
4,0.061706305,0.07919884,46.30601501464844,32.11834716796875
4,-0.11247635,0.10273743,46.30601501464844,32.11834716796875
4,-0.39870906,0.07889056,46.30601501464844,32.11834716796875
4,-0.57063687,0.031140089,46.30601501464844,32.11834716796875
4,-0.72136515,-0.01355052,46.30601501464844,32.11834716796875
4,-0.15927577,-0.10196686,46.30601501464844,32.11834716796875
4,0.22429776,-0.08163142,46.30601501464844,32.11834716796875
4,0.3936875,0.07194853,46.30601501464844,32.11834716796875
4,0.56130505,0.09142494,46.30601501464844,32.11834716796875
4,0.96911025,-0.083453655,46.30601501464844,32.11834716796875
4,1.0557811,-0.05474782,46.30601501464844,32.11834716796875
4,1.8368523,-0.19881058,46.30601501464844,32.11834716796875
4,1.7567341,-0.16070652,46.30601501464844,32.11834716796875
4,0.9373138,0.11932731,46.30601501464844,32.11834716796875
4,0.7676172,0.14476919,46.30601501464844,32.11834716796875
4,0.38120568,0.13973641,46.30601501464844,32.11834716796875
4,0.17436147,0.15398932,46.30601501464844,32.11834716796875
4,-0.26387608,0.10859418,46.30601501464844,32.11834716796875
4,-0.47118688,-0.09030366,46.30601501464844,32.11834716796875
4,0.17825043,-0.089304924,46.30601501464844,32.11834716796875
4,1.3356626,-0.14542294,46.30601501464844,32.11834716796875
4,0.06825793,0.16142702,46.30601501464844,32.11834716796875
4,0.022602081,0.16236424,46.30601501464844,32.11834716796875
4,-0.42595184,0.108655214,46.30601501464844,32.11834716796875
4,-0.5859509,0.0768919,46.30601501464844,32.11834716796875
4,-0.7177927,0.03576994,46.30601501464844,32.11834716796875
4,-0.024847746,0.05689788,46.30601501464844,32.11834716796875
4,-0.56573427,0.031854153,46.30601501464844,32.11834716796875
4,-0.3114364,-0.0010550022,46.30601501464844,32.11834716796875
4,-0.29521072,0.012566805,46.30601501464844,32.11834716796875
4,-0.31220448,0.038380146,46.30601501464844,32.11834716796875
4,0.31603515,-0.06833863,46.30601501464844,32.11834716796875
4,1.457396,-0.0646615,46.30601501464844,32.11834716796875
4,1.2352173,0.025020838,46.30601501464844,32.11834716796875
4,1.2192857,0.027751923,46.30601501464844,32.11834716796875
4,-0.37867033,0.09428024,46.30601501464844,32.11834716796875
4,-0.46947277,0.06942129,46.30601501464844,32.11834716796875
4,-0.91405445,-0.062466383,46.30601501464844,32.11834716796875
4,-0.63524795,-0.126508,46.30601501464844,32.11834716796875
4,-0.2774806,-0.0024995804,46.30601501464844,32.11834716796875
4,0.42755842,0.027410507,46.30601501464844,32.11834716796875
4,0.5982981,0.030819654,46.30601501464844,32.11834716796875
4,0.5168288,0.105475426,46.30601501464844,32.11834716796875
4,0.29879332,0.12961984,46.30601501464844,32.11834716796875
4,0.27144682,0.12582517,46.30601501464844,32.11834716796875
4,0.35119522,-0.002752781,46.30601501464844,32.11834716796875
4,0.3993368,0.012966871,46.30601501464844,32.11834716796875
4,0.6593435,0.027012825,46.30601501464844,32.11834716796875
4,0.7802768,0.0034637451,46.30601501464844,32.11834716796875
4,0.9870317,-0.014523745,46.30601501464844,32.11834716796875
4,1.1266954,0.016173601,46.30601501464844,32.11834716796875
4,1.138022,0.013425589,46.30601501464844,32.11834716796875
4,0.957423,0.08091831,46.30601501464844,32.11834716796875
4,0.90826035,0.09186864,46.30601501464844,32.11834716796875
4,0.28328586,0.16677165,46.30601501464844,32.11834716796875
4,0.11274433,0.16350913,46.30601501464844,32.11834716796875
4,-0.020840526,0.12288737,46.30601501464844,32.11834716796875
4,0.5572599,-0.008148909,46.30601501464844,32.11834716796875
4,0.64823055,0.025794983,46.30601501464844,32.11834716796875
4,0.47063637,0.14406228,46.30601501464844,32.11834716796875
4,0.28044808,0.16671157,46.30601501464844,32.11834716796875
4,-0.10984886,0.057717323,46.30601501464844,32.11834716796875
4,0.56489086,0.08617997,46.30601501464844,32.11834716796875
4,0.23126411,0.13946939,46.30601501464844,32.11834716796875
4,0.31311476,0.08547735,46.30601501464844,32.11834716796875
4,0.33986413,0.08785486,46.30601501464844,32.11834716796875
4,0.37164652,0.08421469,46.30601501464844,32.11834716796875
4,0.74935746,0.030936956,46.30601501464844,32.11834716796875
4,1.7281597,-0.30258656,46.30601501464844,32.11834716796875
4,1.9954338,-0.3125491,46.30601501464844,32.11834716796875
4,1.7703016,-0.17046595,46.30601501464844,32.11834716796875
4,1.6302059,-0.11048937,46.30601501464844,32.11834716796875
4,1.5640008,-0.08418751,46.30601501464844,32.11834716796875
4,1.4461775,-0.039165497,46.30601501464844,32.11834716796875
4,0.64609814,0.121239185,46.30601501464844,32.11834716796875
4,0.6334057,0.10831857,46.30601501464844,32.11834716796875
4,0.5642228,0.13251305,46.30601501464844,32.11834716796875
4,0.75251627,0.07999849,46.30601501464844,32.11834716796875
4,0.7172973,0.099038124,46.30601501464844,32.11834716796875
4,0.70445967,0.096426964,46.30601501464844,32.11834716796875
4,0.26638782,0.121403694,46.30601501464844,32.11834716796875
4,0.029126883,0.1536851,46.30601501464844,32.11834716796875
4,-0.0128701925,0.1128881,46.30601501464844,32.11834716796875
4,-0.44336337,0.04374051,46.30601501464844,32.11834716796875
4,-0.5571835,0.02932024,46.30601501464844,32.11834716796875
4,-0.57615924,-0.0005824566,46.30601501464844,32.11834716796875
4,-0.47075605,-0.029082537,46.30601501464844,32.11834716796875
4,-0.35772765,0.01549077,46.30601501464844,32.11834716796875
4,-0.46072274,0.05946827,46.30601501464844,32.11834716796875
4,-0.4932059,0.021434069,46.30601501464844,32.11834716796875
4,-0.0195117,0.019994974,46.30601501464844,32.11834716796875
4,-0.09985864,0.10129237,46.30601501464844,32.11834716796875
4,-0.16926908,0.10716796,46.30601501464844,32.11834716796875
4,-0.101497054,0.06919789,46.30601501464844,32.11834716796875
4,-0.11539984,0.076672316,46.30601501464844,32.11834716796875
4,-0.039294124,0.054414272,46.30601501464844,32.11834716796875
4,0.09231639,0.10084629,46.30601501464844,32.11834716796875
4,0.5524672,0.05097103,46.30601501464844,32.11834716796875
4,0.816468,0.05290246,46.30601501464844,32.11834716796875
4,0.8919256,0.058062077,46.30601501464844,32.11834716796875
4,0.9275794,0.0659461,46.30601501464844,32.11834716796875
4,0.9204154,0.0720768,46.30601501464844,32.11834716796875
4,0.9024081,0.080539465,46.30601501464844,32.11834716796875
4,0.008828163,0.14454913,46.30601501464844,32.11834716796875
4,-0.4981509,-0.007891417,46.30601501464844,32.11834716796875
4,-0.14144349,-0.0771327,46.30601501464844,32.11834716796875
4,0.3216325,0.025969505,46.30601501464844,32.11834716796875
4,1.5361922,-0.12765098,46.30601501464844,32.11834716796875
5,0.32070673,0.11313629,40.33642578125,26.973817825317383
5,0.3571483,0.10667324,40.33642578125,26.973817825317383
5,0.2697848,0.12282443,40.33642578125,26.973817825317383
5,0.16988623,0.12141514,40.33642578125,26.973817825317383
5,0.10292113,0.121680975,40.33642578125,26.973817825317383
5,0.011023521,0.11931968,40.33642578125,26.973817825317383
5,-0.36024642,0.06565714,40.33642578125,26.973817825317383
5,-0.39659607,0.038611174,40.33642578125,26.973817825317383
5,-0.4966588,0.012855053,40.33642578125,26.973817825317383
5,-0.28505945,0.017389297,40.33642578125,26.973817825317383
5,0.018243432,0.052319765,40.33642578125,26.973817825317383
5,0.041054606,0.05878663,40.33642578125,26.973817825317383
5,0.10884583,0.060566187,40.33642578125,26.973817825317383
5,0.16862476,0.06524539,40.33642578125,26.973817825317383
5,0.24070096,0.16059804,40.33642578125,26.973817825317383
5,0.21859407,0.09554839,40.33642578125,26.973817825317383
5,-0.00095164776,0.118760824,40.33642578125,26.973817825317383
5,-0.2250154,0.10477519,40.33642578125,26.973817825317383
5,-0.30169296,0.08749056,40.33642578125,26.973817825317383
5,-0.45583338,0.047306776,40.33642578125,26.973817825317383
5,-0.50733644,0.03290987,40.33642578125,26.973817825317383
5,-0.6278522,-0.004937649,40.33642578125,26.973817825317383
5,-0.82113075,-0.05016446,40.33642578125,26.973817825317383
5,0.24800861,0.1227026,40.33642578125,26.973817825317383
5,0.19301891,0.1148057,40.33642578125,26.973817825317383
5,0.23039067,0.12038708,40.33642578125,26.973817825317383
5,0.0057783127,0.12534022,40.33642578125,26.973817825317383
5,-0.36856723,0.090313196,40.33642578125,26.973817825317383
5,-0.43785608,-0.20873976,40.33642578125,26.973817825317383
5,-0.29816508,-0.16615725,40.33642578125,26.973817825317383
5,-0.20612085,-0.111513376,40.33642578125,26.973817825317383
5,0.2870177,0.0618999,40.33642578125,26.973817825317383
5,0.6781802,0.028129816,40.33642578125,26.973817825317383
5,1.0820711,0.028369904,40.33642578125,26.973817825317383
5,1.0209131,0.013662815,40.33642578125,26.973817825317383
5,0.78937507,0.12350178,40.33642578125,26.973817825317383
5,0.0021950006,-0.06394982,40.33642578125,26.973817825317383
5,-0.5790322,0.09948969,40.33642578125,26.973817825317383
5,-0.6821504,0.0507226,40.33642578125,26.973817825317383
5,-0.8736516,0.0050837994,40.33642578125,26.973817825317383
5,-0.71634984,-0.07746935,40.33642578125,26.973817825317383
5,-0.70674354,-0.061610937,40.33642578125,26.973817825317383
5,-0.69182897,-0.05898404,40.33642578125,26.973817825317383
5,-0.68007827,-0.040031433,40.33642578125,26.973817825317383
5,-0.6738485,-0.038923025,40.33642578125,26.973817825317383
5,-0.6791033,-0.033548832,40.33642578125,26.973817825317383
5,-0.5108518,-0.021774054,40.33642578125,26.973817825317383
5,-0.18203855,0.04564333,40.33642578125,26.973817825317383
5,-0.31276667,0.04077673,40.33642578125,26.973817825317383
5,-0.35183358,0.044838667,40.33642578125,26.973817825317383
5,-0.38386953,0.036530495,40.33642578125,26.973817825317383
5,-0.41199493,0.010419369,40.33642578125,26.973817825317383
5,-0.06323326,0.03177595,40.33642578125,26.973817825317383
5,0.13299596,0.13064647,40.33642578125,26.973817825317383
5,-0.053995013,0.109110594,40.33642578125,26.973817825317383
5,-0.24012673,0.07710624,40.33642578125,26.973817825317383
5,-0.30071366,0.07743287,40.33642578125,26.973817825317383
5,-0.42839718,0.051609278,40.33642578125,26.973817825317383
5,-0.85706127,-0.07165098,40.33642578125,26.973817825317383
5,-0.6815011,-0.08184457,40.33642578125,26.973817825317383
5,-0.69099176,-0.062027216,40.33642578125,26.973817825317383
5,-0.47294128,-0.05168891,40.33642578125,26.973817825317383
5,-0.40721166,-0.041036844,40.33642578125,26.973817825317383
5,-0.34015703,-0.031700373,40.33642578125,26.973817825317383
5,0.1819346,-0.07214546,40.33642578125,26.973817825317383
5,0.15011966,-0.12256241,40.33642578125,26.973817825317383
5,1.0615613,-0.027344465,40.33642578125,26.973817825317383
5,1.1038766,0.0135138035,40.33642578125,26.973817825317383
5,0.6191039,0.14225125,40.33642578125,26.973817825317383
5,-0.5532488,-0.040335417,40.33642578125,26.973817825317383
5,-0.9548821,-0.07795048,40.33642578125,26.973817825317383
5,-0.99879,-0.10423994,40.33642578125,26.973817825317383
5,-1.0226588,-0.11045599,40.33642578125,26.973817825317383
5,-1.1458981,-0.16983533,40.33642578125,26.973817825317383
5,-1.1100094,-0.22311687,40.33642578125,26.973817825317383
5,-0.34692037,-0.09523034,40.33642578125,26.973817825317383
5,0.5428642,0.04657626,40.33642578125,26.973817825317383
5,0.98511744,0.004181862,40.33642578125,26.973817825317383
5,0.9873266,0.03194022,40.33642578125,26.973817825317383
5,0.99316335,0.053668976,40.33642578125,26.973817825317383
5,0.98042035,0.06258464,40.33642578125,26.973817825317383
5,0.63002586,0.10768914,40.33642578125,26.973817825317383
5,0.6289892,0.106995106,40.33642578125,26.973817825317383
5,0.6261766,0.105675936,40.33642578125,26.973817825317383
5,0.59564924,0.11648321,40.33642578125,26.973817825317383
5,0.384565,0.112389326,40.33642578125,26.973817825317383
5,0.3767867,0.11299467,40.33642578125,26.973817825317383
5,0.22627938,0.1195097,40.33642578125,26.973817825317383
5,0.08641219,0.12833738,40.33642578125,26.973817825317383
5,-0.1222291,0.08292222,40.33642578125,26.973817825317383
5,-0.23393679,0.07996178,40.33642578125,26.973817825317383
5,-0.4178226,0.05042696,40.33642578125,26.973817825317383
5,-0.60129523,0.011734962,40.33642578125,26.973817825317383
5,-0.7847352,-0.05579734,40.33642578125,26.973817825317383
5,-0.7996949,-0.061720848,40.33642578125,26.973817825317383
5,-0.8075954,-0.06926894,40.33642578125,26.973817825317383
5,-0.8350401,-0.07541728,40.33642578125,26.973817825317383
5,-0.85488504,-0.08459735,40.33642578125,26.973817825317383
5,-0.8849062,-0.10462189,40.33642578125,26.973817825317383
5,-0.96597767,-0.13876438,40.33642578125,26.973817825317383
5,-0.9148434,-0.15557027,40.33642578125,26.973817825317383
5,-1.2362021,-0.24854231,40.33642578125,26.973817825317383
5,-1.5746121,-0.29709625,40.33642578125,26.973817825317383
5,-1.6172079,-0.35131,40.33642578125,26.973817825317383
5,-1.5667754,-0.41590047,40.33642578125,26.973817825317383
5,-0.8358203,-0.36233044,40.33642578125,26.973817825317383
5,0.093414426,-0.059586048,40.33642578125,26.973817825317383
5,0.13181853,-0.020292044,40.33642578125,26.973817825317383
5,0.090081334,0.084025145,40.33642578125,26.973817825317383
5,0.012931228,0.093995094,40.33642578125,26.973817825317383
5,-0.09281719,0.086592674,40.33642578125,26.973817825317383
5,-0.110818505,0.09050822,40.33642578125,26.973817825317383
5,-0.11230695,0.08356118,40.33642578125,26.973817825317383
5,-0.20741796,0.06790781,40.33642578125,26.973817825317383
5,-0.22320879,0.05918312,40.33642578125,26.973817825317383
5,-0.22427619,0.06099868,40.33642578125,26.973817825317383
5,0.13918042,0.018054008,40.33642578125,26.973817825317383
5,0.8817642,-0.0653162,40.33642578125,26.973817825317383
5,0.0010564327,-0.012084007,40.33642578125,26.973817825317383
5,0.14111722,0.045509815,40.33642578125,26.973817825317383
5,0.16818821,0.06485438,40.33642578125,26.973817825317383
5,0.14791203,0.08110666,40.33642578125,26.973817825317383
5,0.5267881,0.04195428,40.33642578125,26.973817825317383
5,0.58941126,0.06736803,40.33642578125,26.973817825317383
5,0.61486554,0.06516266,40.33642578125,26.973817825317383
5,0.6298249,0.06811786,40.33642578125,26.973817825317383
5,0.4154495,0.10162091,40.33642578125,26.973817825317383
5,0.4057603,0.106842995,40.33642578125,26.973817825317383
5,0.3853072,0.10627031,40.33642578125,26.973817825317383
5,0.37729502,0.108968735,40.33642578125,26.973817825317383
5,0.4755782,-0.011897087,40.33642578125,26.973817825317383
5,0.31787097,0.13737059,40.33642578125,26.973817825317383
5,-0.29744327,0.13801527,40.33642578125,26.973817825317383
5,-0.4115095,0.106491566,40.33642578125,26.973817825317383
5,-0.58475614,0.11815715,40.33642578125,26.973817825317383
5,-1.0451903,-0.10639548,40.33642578125,26.973817825317383
5,-1.005183,-0.1604631,40.33642578125,26.973817825317383
5,-0.9915141,-0.15699863,40.33642578125,26.973817825317383
5,-0.9063105,-0.14763021,40.33642578125,26.973817825317383
5,-1.090873,-0.15078068,40.33642578125,26.973817825317383
5,-0.9986175,-0.15720272,40.33642578125,26.973817825317383
5,-1.0135659,-0.14528322,40.33642578125,26.973817825317383
5,-0.5511616,-0.119660854,40.33642578125,26.973817825317383
5,-0.41293192,-0.08391261,40.33642578125,26.973817825317383
5,0.36100078,0.016210556,40.33642578125,26.973817825317383
5,0.5102761,0.094420195,40.33642578125,26.973817825317383
5,0.5014709,0.100203276,40.33642578125,26.973817825317383
5,-0.35142148,0.09448314,40.33642578125,26.973817825317383
5,-0.46411085,0.0766325,40.33642578125,26.973817825317383
5,-0.5045214,0.06309438,40.33642578125,26.973817825317383
5,-0.7078827,0.012005091,40.33642578125,26.973817825317383
5,-0.90238136,-0.06216359,40.33642578125,26.973817825317383
5,-0.9222184,-0.06991005,40.33642578125,26.973817825317383
5,-0.94037044,-0.08943796,40.33642578125,26.973817825317383
5,-0.98492384,-0.08277631,40.33642578125,26.973817825317383
5,-1.0638669,-0.1251874,40.33642578125,26.973817825317383
5,-1.0553647,-0.14700222,40.33642578125,26.973817825317383
5,-1.0526452,-0.18404937,40.33642578125,26.973817825317383
5,-0.85692394,-0.1830833,40.33642578125,26.973817825317383
5,-0.7611595,-0.16911292,40.33642578125,26.973817825317383
5,-0.389017,-0.09419131,40.33642578125,26.973817825317383
5,-0.31092548,0.0071618557,40.33642578125,26.973817825317383
5,-0.43922687,0.028725386,40.33642578125,26.973817825317383
5,-0.43064868,0.026257515,40.33642578125,26.973817825317383
5,-0.41343307,0.025894403,40.33642578125,26.973817825317383
5,-0.41196465,0.02795291,40.33642578125,26.973817825317383
5,-0.38253868,0.03217554,40.33642578125,26.973817825317383
5,0.034484863,-0.03964734,40.33642578125,26.973817825317383
5,0.22134101,0.0771811,40.33642578125,26.973817825317383
5,0.30565476,0.06913209,40.33642578125,26.973817825317383
5,0.39364576,0.108067274,40.33642578125,26.973817825317383
5,0.35574627,0.0916276,40.33642578125,26.973817825317383
5,0.35689425,0.094531775,40.33642578125,26.973817825317383
5,0.33172715,0.09427428,40.33642578125,26.973817825317383
5,0.31218505,0.10238266,40.33642578125,26.973817825317383
5,-0.22967148,0.08984017,40.33642578125,26.973817825317383
5,-0.68450797,-0.15735292,40.33642578125,26.973817825317383
5,-0.028116822,0.070800066,40.33642578125,26.973817825317383
5,1.2424083,-0.03068161,40.33642578125,26.973817825317383
5,0.6037972,0.19227266,40.33642578125,26.973817825317383
5,0.5236236,0.1559124,40.33642578125,26.973817825317383
5,0.4439441,0.17153788,40.33642578125,26.973817825317383
5,0.24436033,0.13614249,40.33642578125,26.973817825317383
5,0.08236158,0.12739086,40.33642578125,26.973817825317383
5,-0.53835756,0.08625388,40.33642578125,26.973817825317383
5,-1.0543473,-0.10786271,40.33642578125,26.973817825317383
5,0.36194253,-0.09424591,40.33642578125,26.973817825317383
5,0.460652,-0.07132101,40.33642578125,26.973817825317383
5,0.4889406,0.057883978,40.33642578125,26.973817825317383
5,-0.0837791,0.1347065,40.33642578125,26.973817825317383
5,-0.09410262,0.07646084,40.33642578125,26.973817825317383
5,-0.39460814,0.097301245,40.33642578125,26.973817825317383
5,-0.5692949,0.023005724,40.33642578125,26.973817825317383
5,-0.87895375,-0.109750986,40.33642578125,26.973817825317383
5,-0.2405417,-0.041713,40.33642578125,26.973817825317383
5,0.055944324,0.08319712,40.33642578125,26.973817825317383
5,0.10152221,0.06075287,40.33642578125,26.973817825317383
5,-0.24874377,0.11671734,40.33642578125,26.973817825317383
5,-0.09143293,0.028476954,40.33642578125,26.973817825317383
5,0.03951454,0.030407667,40.33642578125,26.973817825317383
5,-0.10454202,0.110608816,40.33642578125,26.973817825317383
5,-0.24942958,0.14542794,40.33642578125,26.973817825317383
5,-0.39191198,0.16459823,40.33642578125,26.973817825317383
5,-0.4771042,0.08053565,40.33642578125,26.973817825317383
5,-1.2428218,-0.1711042,40.33642578125,26.973817825317383
5,-1.0833702,-0.48030686,40.33642578125,26.973817825317383
5,-0.32973003,-0.2238245,40.33642578125,26.973817825317383
5,-0.16282594,-0.024978876,40.33642578125,26.973817825317383
5,-0.11924064,-0.22438765,40.33642578125,26.973817825317383
5,0.7939453,0.004626751,40.33642578125,26.973817825317383
5,0.7465694,0.07368064,40.33642578125,26.973817825317383
5,0.81328225,0.050192356,40.33642578125,26.973817825317383
5,0.23222673,0.17297626,40.33642578125,26.973817825317383
5,-0.85444194,-0.008587599,40.33642578125,26.973817825317383
5,-1.0090039,-0.38227844,40.33642578125,26.973817825317383
5,-0.959778,-0.35936236,40.33642578125,26.973817825317383
5,-0.49250346,-0.0847168,40.33642578125,26.973817825317383
5,-0.31778586,-0.013262272,40.33642578125,26.973817825317383
5,-0.141016,0.025508165,40.33642578125,26.973817825317383
5,0.03607869,0.060133457,40.33642578125,26.973817825317383
5,0.09555602,0.054979324,40.33642578125,26.973817825317383
5,0.20117986,0.05761552,40.33642578125,26.973817825317383
5,0.43375516,-0.03129196,40.33642578125,26.973817825317383
5,0.45382273,-0.00094509125,40.33642578125,26.973817825317383
5,0.53302777,0.098809004,40.33642578125,26.973817825317383
5,0.4756832,0.11192036,40.33642578125,26.973817825317383
5,0.25214708,0.14160156,40.33642578125,26.973817825317383
5,-0.36025023,0.12057352,40.33642578125,26.973817825317383
5,-0.67270976,0.06253767,40.33642578125,26.973817825317383
5,-0.89429575,-0.0228014,40.33642578125,26.973817825317383
5,-1.0518376,-0.08128071,40.33642578125,26.973817825317383
5,-1.3455119,-0.24428225,40.33642578125,26.973817825317383
5,-1.397306,-0.33150387,40.33642578125,26.973817825317383
5,0.12614846,-0.07391524,40.33642578125,26.973817825317383
5,-0.16585863,0.10564804,40.33642578125,26.973817825317383
5,-0.28204715,0.09297061,40.33642578125,26.973817825317383
5,-0.31802392,0.07348013,40.33642578125,26.973817825317383
5,-0.470039,0.04877758,40.33642578125,26.973817825317383
5,-0.52326334,0.042566538,40.33642578125,26.973817825317383
5,-0.6378537,0.019399881,40.33642578125,26.973817825317383
5,-0.8905577,-0.15234733,40.33642578125,26.973817825317383
5,-0.5358825,-0.056572437,40.33642578125,26.973817825317383
5,0.029050708,0.0141294,40.33642578125,26.973817825317383
5,0.49834,0.04769349,40.33642578125,26.973817825317383
5,0.13490534,0.012991905,40.33642578125,26.973817825317383
5,0.46891832,0.051347494,40.33642578125,26.973817825317383
5,0.4986148,0.08662081,40.33642578125,26.973817825317383
5,0.44207788,0.096832514,40.33642578125,26.973817825317383
5,-0.003348112,0.11473584,40.33642578125,26.973817825317383
5,-0.120770335,0.093694925,40.33642578125,26.973817825317383
5,-0.59968424,0.013100386,40.33642578125,26.973817825317383
5,-0.655418,-0.005991459,40.33642578125,26.973817825317383
5,-0.7357777,-0.020672321,40.33642578125,26.973817825317383
5,-0.773906,-0.0223279,40.33642578125,26.973817825317383
5,-0.84554076,-0.050625086,40.33642578125,26.973817825317383
5,-0.91490066,-0.07800388,40.33642578125,26.973817825317383
5,-0.94164085,-0.09495473,40.33642578125,26.973817825317383
5,-0.99248016,-0.09410429,40.33642578125,26.973817825317383
5,-0.9083722,-0.17964864,40.33642578125,26.973817825317383
5,-0.6489909,-0.19583893,40.33642578125,26.973817825317383
5,0.18517303,-0.0023446083,40.33642578125,26.973817825317383
5,0.33264172,0.11531615,40.33642578125,26.973817825317383
5,1.4575593,-0.11896086,40.33642578125,26.973817825317383
5,1.5447388,-0.11645198,40.33642578125,26.973817825317383
5,0.88761115,0.1271882,40.33642578125,26.973817825317383
5,0.8731351,0.09431386,40.33642578125,26.973817825317383
5,0.2993431,0.15458775,40.33642578125,26.973817825317383
5,0.24189532,0.15370846,40.33642578125,26.973817825317383
5,-0.46369982,0.1158216,40.33642578125,26.973817825317383
5,-0.6550176,0.05301571,40.33642578125,26.973817825317383
5,-0.7695239,0.014661789,40.33642578125,26.973817825317383
5,-1.0045424,-0.04450226,40.33642578125,26.973817825317383
5,-1.2307289,-0.12931108,40.33642578125,26.973817825317383
5,-1.3747996,-0.34495044,40.33642578125,26.973817825317383
5,-0.58969355,-0.090626955,40.33642578125,26.973817825317383
5,-0.72949517,-0.061552763,40.33642578125,26.973817825317383
5,-0.9287776,-0.09938693,40.33642578125,26.973817825317383
5,-0.9495324,-0.117735624,40.33642578125,26.973817825317383
5,-0.78086,-0.14557862,40.33642578125,26.973817825317383
5,-0.31975698,0.004765272,40.33642578125,26.973817825317383
5,-0.1814729,0.047851562,40.33642578125,26.973817825317383
5,-0.22739887,0.04581356,40.33642578125,26.973817825317383
5,-0.18736684,0.028949022,40.33642578125,26.973817825317383
5,-0.17732644,0.038996458,40.33642578125,26.973817825317383
5,-0.16263819,0.09299922,40.33642578125,26.973817825317383
5,-0.19616044,0.09010911,40.33642578125,26.973817825317383
5,-0.12177527,0.08217859,40.33642578125,26.973817825317383
5,-0.13093662,0.08090067,40.33642578125,26.973817825317383
5,-0.1011157,0.08848953,40.33642578125,26.973817825317383
5,-0.38320005,-0.1075573,40.33642578125,26.973817825317383
5,-0.3251444,-0.07550073,40.33642578125,26.973817825317383
5,0.699702,0.07585645,40.33642578125,26.973817825317383
5,-0.013500571,0.13844633,40.33642578125,26.973817825317383
5,-0.295514,0.12820625,40.33642578125,26.973817825317383
5,-0.3234179,-0.11559367,40.33642578125,26.973817825317383
5,-0.3939309,-0.06755233,40.33642578125,26.973817825317383
5,-0.39036226,-0.0328784,40.33642578125,26.973817825317383
5,-0.2696532,0.029735088,40.33642578125,26.973817825317383
5,-0.38159084,0.0481472,40.33642578125,26.973817825317383
5,-0.67231673,-0.011853695,40.33642578125,26.973817825317383
5,-0.6753165,-0.024307251,40.33642578125,26.973817825317383
5,-0.5511269,-0.05919957,40.33642578125,26.973817825317383
5,-0.51099813,-0.021639824,40.33642578125,26.973817825317383
5,-0.15338969,0.03708458,40.33642578125,26.973817825317383
5,-0.010212779,0.03426695,40.33642578125,26.973817825317383
5,0.054825544,0.08611846,40.33642578125,26.973817825317383
5,0.16203308,-0.129987,40.33642578125,26.973817825317383
5,0.6237614,0.03243184,40.33642578125,26.973817825317383
5,0.5818083,0.116612196,40.33642578125,26.973817825317383
5,0.43312585,0.14107442,40.33642578125,26.973817825317383
5,-0.04809332,0.015514851,40.33642578125,26.973817825317383
5,-0.07748234,0.06415439,40.33642578125,26.973817825317383
5,-0.19280744,0.1107378,40.33642578125,26.973817825317383
5,-0.28800952,0.07512069,40.33642578125,26.973817825317383
5,-0.5844567,0.07830644,40.33642578125,26.973817825317383
5,-0.8617436,0.0033624172,40.33642578125,26.973817825317383
5,-0.9229452,-0.019734144,40.33642578125,26.973817825317383
5,-1.4092904,-0.2007525,40.33642578125,26.973817825317383
5,-1.6725242,-0.43393207,40.33642578125,26.973817825317383
5,-1.6892756,-0.44196606,40.33642578125,26.973817825317383
5,-1.6903994,-0.44405675,40.33642578125,26.973817825317383
5,-1.2950381,-0.39906955,40.33642578125,26.973817825317383
5,-0.5540105,-0.35174656,40.33642578125,26.973817825317383
5,-0.0604074,-0.24644542,40.33642578125,26.973817825317383
5,0.5349046,-0.12762618,40.33642578125,26.973817825317383
5,0.58757377,0.06463456,40.33642578125,26.973817825317383
5,0.40580463,0.13008451,40.33642578125,26.973817825317383
5,0.32522678,0.13024235,40.33642578125,26.973817825317383
5,0.013836503,0.13050032,40.33642578125,26.973817825317383
5,-0.021039486,0.124201775,40.33642578125,26.973817825317383
5,-0.088418126,0.11070776,40.33642578125,26.973817825317383
5,-0.24060452,0.08730173,40.33642578125,26.973817825317383
5,-0.3021351,0.045327663,40.33642578125,26.973817825317383
5,-0.42016542,-0.047307014,40.33642578125,26.973817825317383
5,0.09995699,0.0023915768,40.33642578125,26.973817825317383
5,0.09912801,0.04465866,40.33642578125,26.973817825317383
5,0.021167874,0.08308625,40.33642578125,26.973817825317383
5,-1.1776438,-0.11381364,40.33642578125,26.973817825317383
5,-1.1820157,-0.14278483,40.33642578125,26.973817825317383
5,-0.4428997,-0.17334747,40.33642578125,26.973817825317383
5,-0.21793151,-0.020532131,40.33642578125,26.973817825317383
5,-0.28512132,0.029554605,40.33642578125,26.973817825317383
5,-0.21704805,0.029241562,40.33642578125,26.973817825317383
5,-0.14019883,-0.05439496,40.33642578125,26.973817825317383
5,-0.039595604,-0.004082918,40.33642578125,26.973817825317383
5,0.072632074,0.018613577,40.33642578125,26.973817825317383
5,0.22328365,0.1131649,40.33642578125,26.973817825317383
5,0.1828686,0.11381793,40.33642578125,26.973817825317383
5,0.03248346,0.08405018,40.33642578125,26.973817825317383
5,0.023499966,0.068315744,40.33642578125,26.973817825317383
5,-0.35469317,0.12437892,40.33642578125,26.973817825317383
5,-0.5876991,0.028198719,40.33642578125,26.973817825317383
5,-0.5535741,-0.0041935444,40.33642578125,26.973817825317383
5,-0.5334106,-0.0074117184,40.33642578125,26.973817825317383
5,-0.4617821,-0.0049934387,40.33642578125,26.973817825317383
5,-0.45308727,-0.00044560432,40.33642578125,26.973817825317383
5,0.3009647,0.09661484,40.33642578125,26.973817825317383
5,-0.118676305,0.12245178,40.33642578125,26.973817825317383
5,-0.3066734,0.051004887,40.33642578125,26.973817825317383
5,-0.15892076,0.030587673,40.33642578125,26.973817825317383
5,0.3698238,0.05541873,40.33642578125,26.973817825317383
5,0.28565514,0.12173629,40.33642578125,26.973817825317383
5,-0.4625833,0.073964834,40.33642578125,26.973817825317383
5,-0.9801057,-0.09955931,40.33642578125,26.973817825317383
5,-0.95673406,-0.17410612,40.33642578125,26.973817825317383
5,-0.2147392,0.024164438,40.33642578125,26.973817825317383
5,-0.14122295,0.08437729,40.33642578125,26.973817825317383
5,-0.20298922,0.070623875,40.33642578125,26.973817825317383
5,-0.2139616,0.07131505,40.33642578125,26.973817825317383
5,-0.2781428,0.06715226,40.33642578125,26.973817825317383
5,-0.30125725,0.06095791,40.33642578125,26.973817825317383
5,-0.30985975,0.054758072,40.33642578125,26.973817825317383
5,-0.48546273,0.05056262,40.33642578125,26.973817825317383
5,-0.4094404,0.016252518,40.33642578125,26.973817825317383
5,-0.5317774,0.035339594,40.33642578125,26.973817825317383
5,-0.585066,-0.01360178,40.33642578125,26.973817825317383
5,-0.62679726,-0.05504179,40.33642578125,26.973817825317383
5,-0.6243606,-0.04248476,40.33642578125,26.973817825317383
5,-0.5659993,-0.056557894,40.33642578125,26.973817825317383
5,-0.3641281,0.0139706135,40.33642578125,26.973817825317383
5,-0.27443588,-0.18047476,40.33642578125,26.973817825317383
5,-0.167431,-0.1573863,40.33642578125,26.973817825317383
5,0.36819053,0.026592731,40.33642578125,26.973817825317383
5,0.34570634,0.101029396,40.33642578125,26.973817825317383
5,0.30989993,0.1113019,40.33642578125,26.973817825317383
5,-0.00025749207,0.14161944,40.33642578125,26.973817825317383
5,-0.11718583,0.13185549,40.33642578125,26.973817825317383
5,-0.33096385,0.10536194,40.33642578125,26.973817825317383
5,-1.1798892,-0.06406641,40.33642578125,26.973817825317383
5,-0.8808579,0.015103817,40.33642578125,26.973817825317383
5,-0.5840196,-0.055325508,40.33642578125,26.973817825317383
5,-0.49798822,-0.0138943195,40.33642578125,26.973817825317383
5,-0.589086,-0.0068695545,40.33642578125,26.973817825317383
5,-0.7880548,-0.054006338,40.33642578125,26.973817825317383
5,-0.7563462,-0.0782938,40.33642578125,26.973817825317383
5,-0.15706825,-0.05126691,40.33642578125,26.973817825317383
5,-0.07722676,0.018448353,40.33642578125,26.973817825317383
5,0.609879,0.05300069,40.33642578125,26.973817825317383
5,0.7001188,0.06255746,40.33642578125,26.973817825317383
5,0.84215856,-0.12116361,40.33642578125,26.973817825317383
6,0.4597745,0.1086669,32.863258361816406,24.889728546142578
6,0.010469675,0.12676382,32.863258361816406,24.889728546142578
6,-0.33875287,0.046781063,32.863258361816406,24.889728546142578
6,0.16796458,-0.026732206,32.863258361816406,24.889728546142578
6,1.0418766,-0.0033679008,32.863258361816406,24.889728546142578
6,1.0384891,0.012947559,32.863258361816406,24.889728546142578
6,0.9133785,0.073008776,32.863258361816406,24.889728546142578
6,0.6768794,0.12479019,32.863258361816406,24.889728546142578
6,0.6203041,0.13234377,32.863258361816406,24.889728546142578
6,-0.20492685,0.08861804,32.863258361816406,24.889728546142578
6,-0.15451181,0.05609131,32.863258361816406,24.889728546142578
6,0.04094875,0.019132853,32.863258361816406,24.889728546142578
6,0.3098142,0.06855774,32.863258361816406,24.889728546142578
6,0.2360704,0.102271795,32.863258361816406,24.889728546142578
6,0.21111572,0.10579753,32.863258361816406,24.889728546142578
6,0.31833196,0.062003374,32.863258361816406,24.889728546142578
6,0.19867313,0.12017012,32.863258361816406,24.889728546142578
6,0.13943565,0.117221594,32.863258361816406,24.889728546142578
6,-0.10925996,0.09899378,32.863258361816406,24.889728546142578
6,-0.21506596,0.08482242,32.863258361816406,24.889728546142578
6,-0.2954266,0.07383084,32.863258361816406,24.889728546142578
6,-0.41842532,0.0627687,32.863258361816406,24.889728546142578
6,-0.51045066,0.022254467,32.863258361816406,24.889728546142578
6,-0.53228027,0.0032875538,32.863258361816406,24.889728546142578
6,-0.52894825,-0.008869648,32.863258361816406,24.889728546142578
6,-0.5287434,-0.011254311,32.863258361816406,24.889728546142578
6,-0.5357068,-0.015334606,32.863258361816406,24.889728546142578
6,-0.5566271,-0.035927296,32.863258361816406,24.889728546142578
6,-0.5399977,-0.035084724,32.863258361816406,24.889728546142578
6,-0.41424203,-0.01059103,32.863258361816406,24.889728546142578
6,-0.38836622,0.013735294,32.863258361816406,24.889728546142578
6,-0.34412825,0.011763573,32.863258361816406,24.889728546142578
6,-0.32423055,0.016914368,32.863258361816406,24.889728546142578
6,-0.30717468,0.01874566,32.863258361816406,24.889728546142578
6,-0.294567,0.036889076,32.863258361816406,24.889728546142578
6,-0.3067156,0.038058758,32.863258361816406,24.889728546142578
6,-0.31289852,0.03314829,32.863258361816406,24.889728546142578
6,-0.31353366,0.032073498,32.863258361816406,24.889728546142578
6,-0.37815857,0.023096323,32.863258361816406,24.889728546142578
6,-0.284917,0.04821682,32.863258361816406,24.889728546142578
6,-0.2565856,0.030106783,32.863258361816406,24.889728546142578
6,-0.21358812,0.020190716,32.863258361816406,24.889728546142578
6,-0.18550539,-0.2494309,32.863258361816406,24.889728546142578
6,-0.19103885,0.015799046,32.863258361816406,24.889728546142578
6,-0.15074027,0.01923132,32.863258361816406,24.889728546142578
6,0.44927192,0.040891647,32.863258361816406,24.889728546142578
6,0.71116376,0.02330184,32.863258361816406,24.889728546142578
6,0.7777629,0.09161782,32.863258361816406,24.889728546142578
6,0.084148884,-0.0900259,32.863258361816406,24.889728546142578
6,-0.014574766,0.04681015,32.863258361816406,24.889728546142578
6,0.5630796,0.045315742,32.863258361816406,24.889728546142578
6,0.38961363,0.119045496,32.863258361816406,24.889728546142578
6,0.30088675,0.10571861,32.863258361816406,24.889728546142578
6,-0.1089021,0.1470902,32.863258361816406,24.889728546142578
6,-0.5372152,0.09529638,32.863258361816406,24.889728546142578
6,-0.7711748,0.03561759,32.863258361816406,24.889728546142578
6,-0.6953911,-0.103241205,32.863258361816406,24.889728546142578
6,0.05397868,-0.19446993,32.863258361816406,24.889728546142578
6,0.21307766,-0.12928128,32.863258361816406,24.889728546142578
6,0.62164354,0.06890464,32.863258361816406,24.889728546142578
6,0.64676905,0.10455704,32.863258361816406,24.889728546142578
6,0.35498655,0.13526821,32.863258361816406,24.889728546142578
6,0.6020942,0.052178383,32.863258361816406,24.889728546142578
6,0.63137364,0.0603292,32.863258361816406,24.889728546142578
6,0.36466575,0.14520955,32.863258361816406,24.889728546142578
6,0.2453947,0.14545107,32.863258361816406,24.889728546142578
6,0.2081809,0.14788294,32.863258361816406,24.889728546142578
6,0.11576867,0.1404252,32.863258361816406,24.889728546142578
6,-0.21052122,0.017842531,32.863258361816406,24.889728546142578
6,-0.3972752,0.048235655,32.863258361816406,24.889728546142578
6,-0.6727848,-0.054739,32.863258361816406,24.889728546142578
6,-0.63907945,-0.057629347,32.863258361816406,24.889728546142578
6,-0.49382335,-0.055838346,32.863258361816406,24.889728546142578
6,-0.29031706,-0.015230179,32.863258361816406,24.889728546142578
6,-0.27478933,-0.0030140877,32.863258361816406,24.889728546142578
6,-0.3031373,0.02308917,32.863258361816406,24.889728546142578
6,-0.3398726,0.027511597,32.863258361816406,24.889728546142578
6,-0.3513522,0.028865337,32.863258361816406,24.889728546142578
6,-0.34972167,0.018300056,32.863258361816406,24.889728546142578
6,-0.36555684,0.0081932545,32.863258361816406,24.889728546142578
6,-0.35756445,0.010730743,32.863258361816406,24.889728546142578
6,-0.35134947,0.01930499,32.863258361816406,24.889728546142578
6,-0.33891165,0.01808858,32.863258361816406,24.889728546142578
6,-0.3556261,0.026127338,32.863258361816406,24.889728546142578
6,-0.37106872,0.001837492,32.863258361816406,24.889728546142578
6,-0.3490287,0.014124393,32.863258361816406,24.889728546142578
6,-0.082383156,0.028327227,32.863258361816406,24.889728546142578
6,0.015716314,0.03312683,32.863258361816406,24.889728546142578
6,0.4214977,0.027335405,32.863258361816406,24.889728546142578
6,0.691695,0.10198498,32.863258361816406,24.889728546142578
6,0.6559632,0.11239123,32.863258361816406,24.889728546142578
6,0.5916021,0.12698054,32.863258361816406,24.889728546142578
6,0.52289915,0.13490129,32.863258361816406,24.889728546142578
6,0.38130176,0.14333677,32.863258361816406,24.889728546142578
6,-0.2750361,0.09708691,32.863258361816406,24.889728546142578
6,-0.59828573,-0.11648512,32.863258361816406,24.889728546142578
6,0.45774102,0.10813093,32.863258361816406,24.889728546142578
6,0.5096797,0.08747077,32.863258361816406,24.889728546142578
6,0.5326048,0.09549022,32.863258361816406,24.889728546142578
6,0.39601588,0.13511872,32.863258361816406,24.889728546142578
6,-0.04299581,0.107756615,32.863258361816406,24.889728546142578
6,-0.08638263,0.06955981,32.863258361816406,24.889728546142578
6,-0.2721542,0.08582091,32.863258361816406,24.889728546142578
6,-0.36133325,0.074002266,32.863258361816406,24.889728546142578
6,-0.44383782,0.057899,32.863258361816406,24.889728546142578
6,-0.6058052,-0.17487383,32.863258361816406,24.889728546142578
6,-0.604744,-0.115288496,32.863258361816406,24.889728546142578
6,-0.057529926,-0.15734959,32.863258361816406,24.889728546142578
6,1.1640408,-0.11448312,32.863258361816406,24.889728546142578
6,1.1481295,-0.01889038,32.863258361816406,24.889728546142578
6,1.0474823,0.040503502,32.863258361816406,24.889728546142578
6,0.9136884,0.090171814,32.863258361816406,24.889728546142578
6,-0.2140063,0.10139203,32.863258361816406,24.889728546142578
6,-0.25215638,0.09267855,32.863258361816406,24.889728546142578
6,-0.39577472,0.025248528,32.863258361816406,24.889728546142578
6,-0.55283505,0.009011269,32.863258361816406,24.889728546142578
6,-0.6350289,-0.015935183,32.863258361816406,24.889728546142578
6,-0.70914984,-0.041606188,32.863258361816406,24.889728546142578
6,-0.61448646,-0.0406816,32.863258361816406,24.889728546142578
6,-0.5857372,-0.034359217,32.863258361816406,24.889728546142578
6,-0.47207922,-0.009383917,32.863258361816406,24.889728546142578
6,-0.4742896,-0.006755829,32.863258361816406,24.889728546142578
6,-0.47828388,-0.0051727295,32.863258361816406,24.889728546142578
6,-0.47094828,-0.011161566,32.863258361816406,24.889728546142578
6,-0.42989576,-0.008979082,32.863258361816406,24.889728546142578
6,-0.34861302,0.0070638657,32.863258361816406,24.889728546142578
6,-0.34209454,0.0152134895,32.863258361816406,24.889728546142578
6,-0.2336042,0.020575523,32.863258361816406,24.889728546142578
6,-0.016436458,0.037707806,32.863258361816406,24.889728546142578
6,0.007006407,0.037502766,32.863258361816406,24.889728546142578
6,0.05634749,0.03302908,32.863258361816406,24.889728546142578
6,0.1178782,0.028672457,32.863258361816406,24.889728546142578
6,0.16939199,0.03337574,32.863258361816406,24.889728546142578
6,0.6797335,0.0007612705,32.863258361816406,24.889728546142578
6,1.0410557,0.018558979,32.863258361816406,24.889728546142578
6,0.3769952,0.14619279,32.863258361816406,24.889728546142578
6,-0.09951365,-0.09401035,32.863258361816406,24.889728546142578
6,0.10268319,-0.0063602924,32.863258361816406,24.889728546142578
6,0.3289572,-0.008321047,32.863258361816406,24.889728546142578
6,0.9161856,0.023131609,32.863258361816406,24.889728546142578
6,-0.46560794,0.074477434,32.863258361816406,24.889728546142578
6,-0.51178235,0.06402254,32.863258361816406,24.889728546142578
6,-0.5525892,0.050471067,32.863258361816406,24.889728546142578
6,-0.690679,0.0133879185,32.863258361816406,24.889728546142578
6,-0.65330315,-0.05551505,32.863258361816406,24.889728546142578
6,-0.53782254,-0.08112049,32.863258361816406,24.889728546142578
6,0.0646801,0.0018386841,32.863258361816406,24.889728546142578
6,0.27444267,-0.08842945,32.863258361816406,24.889728546142578
6,0.4647832,0.019185305,32.863258361816406,24.889728546142578
6,1.1358647,0.009797573,32.863258361816406,24.889728546142578
6,0.747257,0.07639003,32.863258361816406,24.889728546142578
6,0.7463856,0.08774662,32.863258361816406,24.889728546142578
6,0.5304698,0.12954402,32.863258361816406,24.889728546142578
6,0.5691154,0.06398153,32.863258361816406,24.889728546142578
6,0.6588955,0.045428753,32.863258361816406,24.889728546142578
6,0.28731906,0.13594556,32.863258361816406,24.889728546142578
6,0.2339288,0.12831688,32.863258361816406,24.889728546142578
6,0.24873686,0.1021564,32.863258361816406,24.889728546142578
6,0.27326846,0.098654985,32.863258361816406,24.889728546142578
6,0.2518083,0.106215715,32.863258361816406,24.889728546142578
6,0.043313265,0.10611749,32.863258361816406,24.889728546142578
6,-0.050258636,0.10433984,32.863258361816406,24.889728546142578
6,-0.59054387,0.022456884,32.863258361816406,24.889728546142578
6,-0.71951014,-0.067008495,32.863258361816406,24.889728546142578
6,-0.5466234,-0.037985086,32.863258361816406,24.889728546142578
6,-0.3350886,0.020842314,32.863258361816406,24.889728546142578
6,-0.35570335,0.00016975403,32.863258361816406,24.889728546142578
6,-0.32219398,0.010792255,32.863258361816406,24.889728546142578
6,-0.32336688,0.024920702,32.863258361816406,24.889728546142578
6,-0.33605075,0.031047106,32.863258361816406,24.889728546142578
6,0.12912202,0.07123017,32.863258361816406,24.889728546142578
6,0.110168934,0.08017516,32.863258361816406,24.889728546142578
6,-0.0026341677,0.08719802,32.863258361816406,24.889728546142578
6,-0.07704413,0.059235334,32.863258361816406,24.889728546142578
6,0.050175786,0.05338168,32.863258361816406,24.889728546142578
6,0.06215644,0.062226057,32.863258361816406,24.889728546142578
6,0.13270724,0.057498693,32.863258361816406,24.889728546142578
6,0.16085875,0.073749304,32.863258361816406,24.889728546142578
6,0.09872818,0.09059501,32.863258361816406,24.889728546142578
6,0.9460411,-0.2463255,32.863258361816406,24.889728546142578
6,1.0454798,-0.005500078,32.863258361816406,24.889728546142578
6,0.4993683,0.13550067,32.863258361816406,24.889728546142578
6,0.56506133,-0.018628597,32.863258361816406,24.889728546142578
6,0.77183795,0.032143354,32.863258361816406,24.889728546142578
6,0.6488073,0.11371493,32.863258361816406,24.889728546142578
6,0.37509096,0.15956306,32.863258361816406,24.889728546142578
6,0.16127491,0.16397858,32.863258361816406,24.889728546142578
6,0.005935073,0.15895295,32.863258361816406,24.889728546142578
6,-0.39675546,0.13473201,32.863258361816406,24.889728546142578
6,-0.5375676,0.085888386,32.863258361816406,24.889728546142578
6,-0.6154206,-0.026137829,32.863258361816406,24.889728546142578
6,-0.4853407,-0.123450994,32.863258361816406,24.889728546142578
6,-0.51243806,-0.07188892,32.863258361816406,24.889728546142578
6,-0.3402499,-0.018364906,32.863258361816406,24.889728546142578
6,-0.06414044,-0.046810627,32.863258361816406,24.889728546142578
6,-0.008051872,-0.010439634,32.863258361816406,24.889728546142578
6,-0.019264817,0.031223059,32.863258361816406,24.889728546142578
6,-0.14166737,0.09058356,32.863258361816406,24.889728546142578
6,-0.57911867,0.102935314,32.863258361816406,24.889728546142578
6,-0.29094732,-0.016185522,32.863258361816406,24.889728546142578
6,-0.18870473,0.12410402,32.863258361816406,24.889728546142578
6,-0.12915981,0.054003477,32.863258361816406,24.889728546142578
6,-0.07810485,0.05399871,32.863258361816406,24.889728546142578
6,-0.6240669,0.0027694702,32.863258361816406,24.889728546142578
6,-0.7803769,-0.057498455,32.863258361816406,24.889728546142578
6,-0.9035162,-0.07862067,32.863258361816406,24.889728546142578
6,-0.2301755,-0.18171024,32.863258361816406,24.889728546142578
6,-0.20451868,0.046806574,32.863258361816406,24.889728546142578
6,-0.4893825,0.009982586,32.863258361816406,24.889728546142578
6,-0.51393276,0.0039696693,32.863258361816406,24.889728546142578
6,-0.43153548,-0.013108969,32.863258361816406,24.889728546142578
6,-0.46305227,0.01829362,32.863258361816406,24.889728546142578
6,-0.45760912,-0.0155620575,32.863258361816406,24.889728546142578
6,-0.45108557,-0.010357618,32.863258361816406,24.889728546142578
6,-0.48584133,0.0069162846,32.863258361816406,24.889728546142578
6,-0.44146526,0.017107487,32.863258361816406,24.889728546142578
6,-0.21181524,0.052250624,32.863258361816406,24.889728546142578
6,-0.5006417,0.015593052,32.863258361816406,24.889728546142578
6,0.006891966,0.020471096,32.863258361816406,24.889728546142578
6,-0.060373306,0.053717613,32.863258361816406,24.889728546142578
6,0.42212772,0.018535137,32.863258361816406,24.889728546142578
6,0.7425022,0.024152279,32.863258361816406,24.889728546142578
6,0.84284186,0.030314445,32.863258361816406,24.889728546142578
6,0.94206214,0.017725468,32.863258361816406,24.889728546142578
6,-0.28932428,0.24481368,32.863258361816406,24.889728546142578
6,-0.6980711,-0.1509757,32.863258361816406,24.889728546142578
6,0.21970117,-0.07320523,32.863258361816406,24.889728546142578
6,0.42815554,-0.046776056,32.863258361816406,24.889728546142578
6,0.6978183,0.00076174736,32.863258361816406,24.889728546142578
6,0.7568991,0.004385948,32.863258361816406,24.889728546142578
6,0.72137403,0.061873198,32.863258361816406,24.889728546142578
6,0.058801413,0.13943648,32.863258361816406,24.889728546142578
6,-0.08691919,0.11325264,32.863258361816406,24.889728546142578
6,-0.29408348,0.100982666,32.863258361816406,24.889728546142578
6,-0.23763692,-0.0036523342,32.863258361816406,24.889728546142578
6,0.84003615,-0.06682181,32.863258361816406,24.889728546142578
6,1.20572,-0.018446684,32.863258361816406,24.889728546142578
6,1.2364118,-0.038277388,32.863258361816406,24.889728546142578
6,1.1790538,0.01770401,32.863258361816406,24.889728546142578
6,1.2061191,0.0060858727,32.863258361816406,24.889728546142578
6,1.2098863,0.012735605,32.863258361816406,24.889728546142578
6,1.1491511,0.055974245,32.863258361816406,24.889728546142578
6,0.46938992,0.16265559,32.863258361816406,24.889728546142578
6,-0.5765292,0.120646,32.863258361816406,24.889728546142578
6,-0.62949836,0.07876301,32.863258361816406,24.889728546142578
6,-0.22417486,-0.02131915,32.863258361816406,24.889728546142578
6,0.026741862,-0.029268742,32.863258361816406,24.889728546142578
6,0.09880543,0.1516788,32.863258361816406,24.889728546142578
6,0.025557518,0.068501234,32.863258361816406,24.889728546142578
6,-0.14457023,0.0856812,32.863258361816406,24.889728546142578
6,-0.40044546,0.02290368,32.863258361816406,24.889728546142578
6,-0.4332162,0.0015978813,32.863258361816406,24.889728546142578
6,-0.41319013,-0.003015995,32.863258361816406,24.889728546142578
6,-0.24060285,0.06058812,32.863258361816406,24.889728546142578
6,-0.24919403,0.029655695,32.863258361816406,24.889728546142578
6,-0.30016696,0.03383708,32.863258361816406,24.889728546142578
6,-0.05617082,0.040174484,32.863258361816406,24.889728546142578
6,0.34464252,-0.0060691833,32.863258361816406,24.889728546142578
6,0.99637604,0.0560894,32.863258361816406,24.889728546142578
6,0.9861796,-0.00818038,32.863258361816406,24.889728546142578
6,1.3161178,-0.069643974,32.863258361816406,24.889728546142578
6,1.6166153,-0.20665741,32.863258361816406,24.889728546142578
6,1.237001,0.06466341,32.863258361816406,24.889728546142578
6,0.72790074,0.13132262,32.863258361816406,24.889728546142578
6,0.13018751,0.020095825,32.863258361816406,24.889728546142578
6,0.43981564,0.01181674,32.863258361816406,24.889728546142578
6,0.7582154,0.082193136,32.863258361816406,24.889728546142578
6,0.53320205,0.095485926,32.863258361816406,24.889728546142578
6,0.5171424,0.10842228,32.863258361816406,24.889728546142578
6,0.09087944,0.172647,32.863258361816406,24.889728546142578
6,-0.082223654,0.124500036,32.863258361816406,24.889728546142578
6,-0.21737266,0.10266185,32.863258361816406,24.889728546142578
6,-0.21284044,0.078576565,32.863258361816406,24.889728546142578
6,-0.19552636,0.06488347,32.863258361816406,24.889728546142578
6,-0.016715765,0.10337043,32.863258361816406,24.889728546142578
6,-0.4740978,0.06803918,32.863258361816406,24.889728546142578
6,-0.93929964,-0.14826775,32.863258361816406,24.889728546142578
6,-0.22712743,0.0055577755,32.863258361816406,24.889728546142578
6,-0.25986266,0.03667617,32.863258361816406,24.889728546142578
6,-0.17410624,0.015595913,32.863258361816406,24.889728546142578
6,-0.27357757,0.085894346,32.863258361816406,24.889728546142578
6,-0.4837911,0.08959317,32.863258361816406,24.889728546142578
6,-0.4152019,0.0175488,32.863258361816406,24.889728546142578
6,-0.32971334,0.04778886,32.863258361816406,24.889728546142578
6,-0.4885317,-0.0060269833,32.863258361816406,24.889728546142578
6,-0.47331935,-0.012430191,32.863258361816406,24.889728546142578
6,-0.45567805,-0.009271145,32.863258361816406,24.889728546142578
6,-0.44518882,-0.0013000965,32.863258361816406,24.889728546142578
6,-0.40786314,-0.0003285408,32.863258361816406,24.889728546142578
6,-0.5340726,0.027106762,32.863258361816406,24.889728546142578
6,-0.429479,-0.006566763,32.863258361816406,24.889728546142578
6,-0.33869982,0.002243042,32.863258361816406,24.889728546142578
6,-0.31662583,0.004006386,32.863258361816406,24.889728546142578
6,-0.38847947,0.025508404,32.863258361816406,24.889728546142578
6,-0.38102388,0.018938065,32.863258361816406,24.889728546142578
6,-0.11791253,-0.092794895,32.863258361816406,24.889728546142578
6,0.09082401,-0.0034649372,32.863258361816406,24.889728546142578
6,0.1460352,0.020867586,32.863258361816406,24.889728546142578
6,0.3928771,0.043517113,32.863258361816406,24.889728546142578
6,0.40593958,0.07995629,32.863258361816406,24.889728546142578
6,0.3718214,0.09776902,32.863258361816406,24.889728546142578
6,0.3169651,0.11361122,32.863258361816406,24.889728546142578
6,0.29379356,0.106920004,32.863258361816406,24.889728546142578
6,0.18127835,0.11454463,32.863258361816406,24.889728546142578
6,0.016101837,0.10529232,32.863258361816406,24.889728546142578
6,0.15084684,0.058413982,32.863258361816406,24.889728546142578
6,0.13521802,0.08252621,32.863258361816406,24.889728546142578
6,0.13736391,-0.07766366,32.863258361816406,24.889728546142578
6,0.13957894,0.01785922,32.863258361816406,24.889728546142578
6,0.5947685,0.06599784,32.863258361816406,24.889728546142578
6,0.6450615,0.050945282,32.863258361816406,24.889728546142578
6,0.75124407,0.056529045,32.863258361816406,24.889728546142578
6,0.32375884,0.1427517,32.863258361816406,24.889728546142578
6,0.22332704,0.13219953,32.863258361816406,24.889728546142578
6,0.17212117,0.13603115,32.863258361816406,24.889728546142578
6,0.04121983,0.1435802,32.863258361816406,24.889728546142578
6,-0.041635633,0.1447711,32.863258361816406,24.889728546142578
6,-0.22205603,0.13260937,32.863258361816406,24.889728546142578
6,-0.27043295,0.0045483112,32.863258361816406,24.889728546142578
6,-0.24376678,0.011313677,32.863258361816406,24.889728546142578
6,0.74030447,0.087147,32.863258361816406,24.889728546142578
6,0.6851473,0.096928835,32.863258361816406,24.889728546142578
6,0.68288684,0.09578514,32.863258361816406,24.889728546142578
6,0.56015897,0.037460566,32.863258361816406,24.889728546142578
6,0.7247591,0.04942751,32.863258361816406,24.889728546142578
6,0.37723422,0.1717503,32.863258361816406,24.889728546142578
6,-0.051877856,0.2031107,32.863258361816406,24.889728546142578
6,-0.5237403,0.050938845,32.863258361816406,24.889728546142578
6,-0.76688564,-0.032739878,32.863258361816406,24.889728546142578
6,-0.7830606,-0.049485683,32.863258361816406,24.889728546142578
6,-0.79437464,-0.07930541,32.863258361816406,24.889728546142578
6,-0.6637297,-0.07836056,32.863258361816406,24.889728546142578
6,-0.6331221,-0.057733774,32.863258361816406,24.889728546142578
6,-0.6217558,-0.054823875,32.863258361816406,24.889728546142578
6,-0.6001892,-0.05685401,32.863258361816406,24.889728546142578
6,-0.4213102,-0.0024158955,32.863258361816406,24.889728546142578
6,-0.2422632,0.02640891,32.863258361816406,24.889728546142578
6,-0.1836859,0.03074646,32.863258361816406,24.889728546142578
6,-0.20540214,0.024441242,32.863258361816406,24.889728546142578
6,-0.13966525,0.026323557,32.863258361816406,24.889728546142578
6,-0.19285178,-0.20466757,32.863258361816406,24.889728546142578
6,-0.21615756,-0.14267015,32.863258361816406,24.889728546142578
6,0.20159459,0.002827406,32.863258361816406,24.889728546142578
6,0.3507644,0.05346632,32.863258361816406,24.889728546142578
6,0.3478768,0.067596674,32.863258361816406,24.889728546142578
6,0.51647174,0.068918705,32.863258361816406,24.889728546142578
6,0.5438248,0.0674119,32.863258361816406,24.889728546142578
6,0.49093235,0.10352063,32.863258361816406,24.889728546142578
6,-0.04399252,0.15117097,32.863258361816406,24.889728546142578
6,-0.033801913,0.059609413,32.863258361816406,24.889728546142578
6,0.10532594,0.0857923,32.863258361816406,24.889728546142578
6,-0.13686454,0.030578136,32.863258361816406,24.889728546142578
6,0.12269473,-0.007911682,32.863258361816406,24.889728546142578
6,0.22000134,0.10702777,32.863258361816406,24.889728546142578
6,0.049244523,0.13671279,32.863258361816406,24.889728546142578
6,-0.63189524,-0.093693495,32.863258361816406,24.889728546142578
6,-0.3690951,-0.068983555,32.863258361816406,24.889728546142578
6,-0.10372472,-0.03984356,32.863258361816406,24.889728546142578
6,0.712579,-0.039013624,32.863258361816406,24.889728546142578
6,0.58463264,0.10548663,32.863258361816406,24.889728546142578
6,0.3588395,0.131459,32.863258361816406,24.889728546142578
6,0.15316534,0.13645816,32.863258361816406,24.889728546142578
6,-0.20795643,0.089398146,32.863258361816406,24.889728546142578
6,-0.41546857,0.014462948,32.863258361816406,24.889728546142578
6,0.013389587,-0.009971619,32.863258361816406,24.889728546142578
6,0.0060886145,0.11610031,32.863258361816406,24.889728546142578
6,-0.005285859,0.0026772022,32.863258361816406,24.889728546142578
6,-0.1862427,0.068045616,32.863258361816406,24.889728546142578
6,-0.35576892,0.06733203,32.863258361816406,24.889728546142578
6,-0.4793852,0.046365023,32.863258361816406,24.889728546142578
6,-0.5176179,0.026282549,32.863258361816406,24.889728546142578
6,-0.52766716,0.013292789,32.863258361816406,24.889728546142578
6,-0.534096,0.006371975,32.863258361816406,24.889728546142578
6,-0.544334,0.006803751,32.863258361816406,24.889728546142578
6,-0.55791664,0.006333351,32.863258361816406,24.889728546142578
6,-0.5753475,0.0008738041,32.863258361816406,24.889728546142578
6,-0.64313376,0.006467581,32.863258361816406,24.889728546142578
6,-0.62519926,-0.021574497,32.863258361816406,24.889728546142578
6,-0.5869512,-0.03347683,32.863258361816406,24.889728546142578
6,-0.4265803,-0.006013632,32.863258361816406,24.889728546142578
6,-0.38704276,0.013940096,32.863258361816406,24.889728546142578
6,-0.31927466,0.028266907,32.863258361816406,24.889728546142578
6,-0.23442554,0.02100277,32.863258361816406,24.889728546142578
6,-0.18518293,0.04429698,32.863258361816406,24.889728546142578
6,-0.18935037,0.051336527,32.863258361816406,24.889728546142578
6,-0.248039,0.04883814,32.863258361816406,24.889728546142578
6,-0.20390427,0.041004896,32.863258361816406,24.889728546142578
6,-0.18912208,0.04267788,32.863258361816406,24.889728546142578
6,-0.1527201,0.050611973,32.863258361816406,24.889728546142578
6,-0.14790034,0.05629158,32.863258361816406,24.889728546142578
6,-0.11175966,0.06260824,32.863258361816406,24.889728546142578
6,-0.1842748,0.08165479,32.863258361816406,24.889728546142578
6,0.07085955,-0.07189655,32.863258361816406,24.889728546142578
6,0.15147936,0.0028352737,32.863258361816406,24.889728546142578
6,0.42718065,0.08181405,32.863258361816406,24.889728546142578
6,0.40328074,0.10383272,32.863258361816406,24.889728546142578
6,0.26647353,0.10857439,32.863258361816406,24.889728546142578
6,0.3891815,0.07809067,32.863258361816406,24.889728546142578
6,0.42755675,0.08208752,32.863258361816406,24.889728546142578
6,-0.15252411,0.13238645,32.863258361816406,24.889728546142578
7,-0.054113626,0.1079092,34.52595520019531,27.9748592376709
7,-0.0045058727,0.038657904,34.52595520019531,27.9748592376709
7,-0.19770694,0.077641726,34.52595520019531,27.9748592376709
7,-0.30889177,0.051966906,34.52595520019531,27.9748592376709
7,-0.48692507,-0.1791184,34.52595520019531,27.9748592376709
7,-0.25965297,-0.06001544,34.52595520019531,27.9748592376709
7,0.058030486,-0.011002302,34.52595520019531,27.9748592376709
7,0.37158144,0.06941128,34.52595520019531,27.9748592376709
7,0.2599939,0.11065197,34.52595520019531,27.9748592376709
7,0.4656477,0.06293893,34.52595520019531,27.9748592376709
7,0.31520236,0.073489904,34.52595520019531,27.9748592376709
7,0.25922215,0.09777808,34.52595520019531,27.9748592376709
7,0.3781197,0.08211303,34.52595520019531,27.9748592376709
7,0.31969965,0.097758055,34.52595520019531,27.9748592376709
7,0.16700661,0.12688184,34.52595520019531,27.9748592376709
7,0.03686762,0.11526489,34.52595520019531,27.9748592376709
7,0.008272886,0.11117554,34.52595520019531,27.9748592376709
7,-0.01396513,0.10551453,34.52595520019531,27.9748592376709
7,-0.53881055,0.020575523,34.52595520019531,27.9748592376709
7,-0.53639287,0.019257069,34.52595520019531,27.9748592376709
7,-0.55046296,0.013358593,34.52595520019531,27.9748592376709
7,-0.5415164,0.0027692318,34.52595520019531,27.9748592376709
7,-0.70962125,-0.047362328,34.52595520019531,27.9748592376709
7,-0.63641626,-0.05102396,34.52595520019531,27.9748592376709
7,-0.60391587,-0.032778025,34.52595520019531,27.9748592376709
7,-0.44826543,0.0035836697,34.52595520019531,27.9748592376709
7,-0.35604477,-0.002351284,34.52595520019531,27.9748592376709
7,-0.28243494,0.035820484,34.52595520019531,27.9748592376709
7,-0.40316892,0.064389944,34.52595520019531,27.9748592376709
7,-0.546276,0.0047459602,34.52595520019531,27.9748592376709
7,-0.44587827,0.021358252,34.52595520019531,27.9748592376709
7,-0.123672485,-0.023780823,34.52595520019531,27.9748592376709
7,0.010071278,-0.0041646957,34.52595520019531,27.9748592376709
7,0.4342432,0.010825634,34.52595520019531,27.9748592376709
7,0.4011302,0.05563593,34.52595520019531,27.9748592376709
7,0.04582882,0.110346794,34.52595520019531,27.9748592376709
7,0.18885624,0.04337001,34.52595520019531,27.9748592376709
7,0.26625848,0.07643032,34.52595520019531,27.9748592376709
7,0.19490898,0.071863174,34.52595520019531,27.9748592376709
7,0.1643368,0.09188914,34.52595520019531,27.9748592376709
7,0.072889805,0.12274861,34.52595520019531,27.9748592376709
7,-0.32164025,-0.07730627,34.52595520019531,27.9748592376709
7,0.46554065,-0.014923811,34.52595520019531,27.9748592376709
7,0.6434233,0.029173613,34.52595520019531,27.9748592376709
7,0.66671634,0.05889821,34.52595520019531,27.9748592376709
7,0.55201554,0.09836483,34.52595520019531,27.9748592376709
7,-0.14239931,0.12513256,34.52595520019531,27.9748592376709
7,0.09490478,-0.06163025,34.52595520019531,27.9748592376709
7,0.1318351,-0.0017499924,34.52595520019531,27.9748592376709
7,0.7622278,-0.002947569,34.52595520019531,27.9748592376709
7,0.87325764,0.07796955,34.52595520019531,27.9748592376709
7,0.6918447,0.116295815,34.52595520019531,27.9748592376709
7,0.7075968,0.09438515,34.52595520019531,27.9748592376709
7,-0.031710625,0.16078329,34.52595520019531,27.9748592376709
7,-0.08833361,0.14350796,34.52595520019531,27.9748592376709
7,-0.10942018,0.12629843,34.52595520019531,27.9748592376709
7,-0.37619722,0.12365365,34.52595520019531,27.9748592376709
7,-0.5121308,0.08451915,34.52595520019531,27.9748592376709
7,-0.89080054,-0.24398255,34.52595520019531,27.9748592376709
7,-0.50735736,-0.214432,34.52595520019531,27.9748592376709
7,-0.17899501,-0.1026988,34.52595520019531,27.9748592376709
7,-0.0030013323,-0.101911545,34.52595520019531,27.9748592376709
7,0.1601516,0.04859805,34.52595520019531,27.9748592376709
7,0.24281597,0.09406757,34.52595520019531,27.9748592376709
7,0.052577615,0.139076,34.52595520019531,27.9748592376709
7,-0.011156797,0.09421849,34.52595520019531,27.9748592376709
7,-0.11279225,0.09967852,34.52595520019531,27.9748592376709
7,-0.33461678,0.014483452,34.52595520019531,27.9748592376709
7,-0.2905805,0.03497696,34.52595520019531,27.9748592376709
7,-0.214715,0.03386402,34.52595520019531,27.9748592376709
7,-0.46230888,0.00624609,34.52595520019531,27.9748592376709
7,-0.40384042,0.021908045,34.52595520019531,27.9748592376709
7,-0.21283126,0.037252903,34.52595520019531,27.9748592376709
7,-0.10213256,0.016383648,34.52595520019531,27.9748592376709
7,-0.49262238,0.13791442,34.52595520019531,27.9748592376709
7,-0.055532694,0.008542299,34.52595520019531,27.9748592376709
7,0.8331449,0.03186059,34.52595520019531,27.9748592376709
7,0.73141956,0.062499046,34.52595520019531,27.9748592376709
7,0.67517686,0.09973359,34.52595520019531,27.9748592376709
7,-0.051804185,0.15625644,34.52595520019531,27.9748592376709
7,-0.48193252,-0.11317778,34.52595520019531,27.9748592376709
7,-0.45530504,0.052135944,34.52595520019531,27.9748592376709
7,-0.5171776,0.05235505,34.52595520019531,27.9748592376709
7,-0.5948004,0.050702333,34.52595520019531,27.9748592376709
7,-0.6385354,-0.0019950867,34.52595520019531,27.9748592376709
7,-0.6347247,-0.0114991665,34.52595520019531,27.9748592376709
7,-0.4925694,-0.041459322,34.52595520019531,27.9748592376709
7,-0.38948727,-0.030412197,34.52595520019531,27.9748592376709
7,-0.29397416,-0.03938365,34.52595520019531,27.9748592376709
7,-0.1786201,0.015529871,34.52595520019531,27.9748592376709
7,-0.12852657,0.003434658,34.52595520019531,27.9748592376709
7,-0.15400743,0.07233882,34.52595520019531,27.9748592376709
7,-0.23683918,0.052697897,34.52595520019531,27.9748592376709
7,-0.24518585,0.050376892,34.52595520019531,27.9748592376709
7,-0.2844957,0.05625987,34.52595520019531,27.9748592376709
7,-0.32709575,-0.0018575191,34.52595520019531,27.9748592376709
7,0.8886082,0.028493881,34.52595520019531,27.9748592376709
7,0.92340326,0.05946374,34.52595520019531,27.9748592376709
7,0.7517996,0.116324425,34.52595520019531,27.9748592376709
7,0.21999454,0.15304422,34.52595520019531,27.9748592376709
7,0.1712774,0.12364507,34.52595520019531,27.9748592376709
7,0.14479017,0.104980946,34.52595520019531,27.9748592376709
7,-0.1907953,0.08930707,34.52595520019531,27.9748592376709
7,-0.2865206,0.052732706,34.52595520019531,27.9748592376709
7,-0.34869432,0.052886486,34.52595520019531,27.9748592376709
7,-0.5219369,0.0130877495,34.52595520019531,27.9748592376709
7,-0.5233636,-0.0066018105,34.52595520019531,27.9748592376709
7,-0.455275,-0.015283108,34.52595520019531,27.9748592376709
7,-0.44882238,0.012635469,34.52595520019531,27.9748592376709
7,-0.44019043,0.010055065,34.52595520019531,27.9748592376709
7,-0.4500984,0.019674778,34.52595520019531,27.9748592376709
7,-0.45889246,0.006277561,34.52595520019531,27.9748592376709
7,-0.44083762,0.013996601,34.52595520019531,27.9748592376709
7,-0.6097437,-0.009142876,34.52595520019531,27.9748592376709
7,-0.68707407,-0.0134420395,34.52595520019531,27.9748592376709
7,-0.69091105,-0.038898468,34.52595520019531,27.9748592376709
7,-0.67045814,-0.046687603,34.52595520019531,27.9748592376709
7,-0.62587965,-0.007972002,34.52595520019531,27.9748592376709
7,0.118121624,0.046408415,34.52595520019531,27.9748592376709
7,0.33765423,0.06810522,34.52595520019531,27.9748592376709
7,0.3398564,-0.123069525,34.52595520019531,27.9748592376709
7,0.18723297,0.013600349,34.52595520019531,27.9748592376709
7,0.29942548,0.09382939,34.52595520019531,27.9748592376709
7,0.43938625,0.115600586,34.52595520019531,27.9748592376709
7,-0.22502673,0.1149323,34.52595520019531,27.9748592376709
7,-0.3468716,0.07569265,34.52595520019531,27.9748592376709
7,-0.56688374,0.040237665,34.52595520019531,27.9748592376709
7,-0.42795455,-0.14936018,34.52595520019531,27.9748592376709
7,-0.15403628,-0.07142377,34.52595520019531,27.9748592376709
7,-0.052042603,-0.054590702,34.52595520019531,27.9748592376709
7,0.30628395,0.07152367,34.52595520019531,27.9748592376709
7,0.3331983,0.0653615,34.52595520019531,27.9748592376709
7,0.4510157,0.118765116,34.52595520019531,27.9748592376709
7,0.06232786,0.123747826,34.52595520019531,27.9748592376709
7,0.0073735714,0.12834215,34.52595520019531,27.9748592376709
7,-0.09904492,0.11709213,34.52595520019531,27.9748592376709
7,-0.16301453,0.0923028,34.52595520019531,27.9748592376709
7,-0.19860375,0.09299588,34.52595520019531,27.9748592376709
7,-0.53093755,0.036283255,34.52595520019531,27.9748592376709
7,-0.18719602,-0.23731232,34.52595520019531,27.9748592376709
7,0.1325643,-0.07835078,34.52595520019531,27.9748592376709
7,0.1355499,0.110364676,34.52595520019531,27.9748592376709
7,-0.019899964,0.0714674,34.52595520019531,27.9748592376709
7,-0.04024303,0.07575297,34.52595520019531,27.9748592376709
7,-0.22101116,-0.034955025,34.52595520019531,27.9748592376709
7,-0.12813711,0.048483133,34.52595520019531,27.9748592376709
7,-0.5014182,0.10056329,34.52595520019531,27.9748592376709
7,-0.5439871,0.062272787,34.52595520019531,27.9748592376709
7,-0.6049348,-0.010012865,34.52595520019531,27.9748592376709
7,-0.6281859,-0.016066551,34.52595520019531,27.9748592376709
7,-0.63771677,-0.03694582,34.52595520019531,27.9748592376709
7,-0.58882993,-0.0147640705,34.52595520019531,27.9748592376709
7,-0.6480315,-0.022972584,34.52595520019531,27.9748592376709
7,-0.6015506,-0.028930426,34.52595520019531,27.9748592376709
7,-0.6175878,-0.022004843,34.52595520019531,27.9748592376709
7,-0.56246006,-0.038917065,34.52595520019531,27.9748592376709
7,-0.25634718,-0.0039343834,34.52595520019531,27.9748592376709
7,-0.13106108,0.048956633,34.52595520019531,27.9748592376709
7,-0.14238644,0.017638206,34.52595520019531,27.9748592376709
7,0.33275878,-0.013878584,34.52595520019531,27.9748592376709
7,0.19110906,-0.062672615,34.52595520019531,27.9748592376709
7,-0.29614747,0.11456156,34.52595520019531,27.9748592376709
7,-0.11937964,0.097530365,34.52595520019531,27.9748592376709
7,-0.12550366,0.0830009,34.52595520019531,27.9748592376709
7,-0.1353271,0.078380585,34.52595520019531,27.9748592376709
7,-0.2688855,0.068351746,34.52595520019531,27.9748592376709
7,-0.83801025,0.039602518,34.52595520019531,27.9748592376709
7,-1.2056725,-0.19628596,34.52595520019531,27.9748592376709
7,-0.61439717,-0.2194202,34.52595520019531,27.9748592376709
7,-0.48995274,-0.3389871,34.52595520019531,27.9748592376709
7,-0.5419244,-0.4089234,34.52595520019531,27.9748592376709
7,-0.5829194,-0.18309021,34.52595520019531,27.9748592376709
7,-0.17791915,-0.042452097,34.52595520019531,27.9748592376709
7,-0.03480923,-0.0431993,34.52595520019531,27.9748592376709
7,0.17513001,-0.021407366,34.52595520019531,27.9748592376709
7,0.7688744,-0.0019564629,34.52595520019531,27.9748592376709
7,0.6207149,0.14442706,34.52595520019531,27.9748592376709
7,0.54570615,0.16108298,34.52595520019531,27.9748592376709
7,0.38018262,0.10125518,34.52595520019531,27.9748592376709
7,-0.13367999,0.14018512,34.52595520019531,27.9748592376709
7,-0.12503219,-0.0053887367,34.52595520019531,27.9748592376709
7,0.05666721,-0.12506676,34.52595520019531,27.9748592376709
7,0.2863195,-0.009561539,34.52595520019531,27.9748592376709
7,0.28804123,0.036851406,34.52595520019531,27.9748592376709
7,0.27680933,0.06496,34.52595520019531,27.9748592376709
7,0.25266874,0.10723233,34.52595520019531,27.9748592376709
7,0.20040357,0.11717701,34.52595520019531,27.9748592376709
7,-0.29896438,0.08958864,34.52595520019531,27.9748592376709
7,-0.42326617,0.07039809,34.52595520019531,27.9748592376709
7,-0.58036786,0.046516657,34.52595520019531,27.9748592376709
7,-0.5748818,-0.06515932,34.52595520019531,27.9748592376709
7,-0.4089768,-0.07224417,34.52595520019531,27.9748592376709
7,-0.11514604,0.044254065,34.52595520019531,27.9748592376709
7,-0.38734472,0.11494064,34.52595520019531,27.9748592376709
7,0.14727616,0.12997174,34.52595520019531,27.9748592376709
7,0.03506422,0.08507848,34.52595520019531,27.9748592376709
7,0.25828707,0.08706975,34.52595520019531,27.9748592376709
7,0.036698937,0.099965096,34.52595520019531,27.9748592376709
7,0.33828092,0.14886975,34.52595520019531,27.9748592376709
7,0.28449035,0.123155594,34.52595520019531,27.9748592376709
7,0.02551043,0.16283345,34.52595520019531,27.9748592376709
7,0.016983986,0.12300277,34.52595520019531,27.9748592376709
7,0.098791,0.096128225,34.52595520019531,27.9748592376709
7,0.09411669,0.0929873,34.52595520019531,27.9748592376709
7,-0.35454607,0.20562744,34.52595520019531,27.9748592376709
7,-0.40491378,0.0642035,34.52595520019531,27.9748592376709
7,-0.1811732,0.060886383,34.52595520019531,27.9748592376709
7,0.25093138,0.05605936,34.52595520019531,27.9748592376709
7,0.14673674,0.12187481,34.52595520019531,27.9748592376709
7,-0.22795272,0.18444777,34.52595520019531,27.9748592376709
7,-0.8194994,0.029554129,34.52595520019531,27.9748592376709
7,-0.86966,0.0017023087,34.52595520019531,27.9748592376709
7,-0.113467574,0.081866026,34.52595520019531,27.9748592376709
7,-0.14650667,0.080479145,34.52595520019531,27.9748592376709
7,-0.21016717,0.07983947,34.52595520019531,27.9748592376709
7,-0.18293452,0.037484646,34.52595520019531,27.9748592376709
7,-0.6603146,-0.16967535,34.52595520019531,27.9748592376709
7,-0.67058057,-0.11469746,34.52595520019531,27.9748592376709
7,-0.4095534,-0.14131045,34.52595520019531,27.9748592376709
7,0.34390354,-0.03888774,34.52595520019531,27.9748592376709
7,0.42264903,-0.015550852,34.52595520019531,27.9748592376709
7,0.8699124,0.0076477528,34.52595520019531,27.9748592376709
7,1.4830372,-0.23649693,34.52595520019531,27.9748592376709
7,1.3355694,-0.075338125,34.52595520019531,27.9748592376709
7,1.295371,-0.033147573,34.52595520019531,27.9748592376709
7,0.90541506,0.121712685,34.52595520019531,27.9748592376709
7,-0.024080157,0.17849445,34.52595520019531,27.9748592376709
7,-0.15910745,0.0016186237,34.52595520019531,27.9748592376709
7,0.41550982,0.097393274,34.52595520019531,27.9748592376709
7,0.47422063,0.04467678,34.52595520019531,27.9748592376709
7,0.57031035,0.05902195,34.52595520019531,27.9748592376709
7,0.66836715,0.08722329,34.52595520019531,27.9748592376709
7,0.36388826,0.114061356,34.52595520019531,27.9748592376709
7,0.07491279,0.06109047,34.52595520019531,27.9748592376709
7,0.14427304,0.075606585,34.52595520019531,27.9748592376709
7,0.114004135,0.10082936,34.52595520019531,27.9748592376709
7,0.07675588,0.10149455,34.52595520019531,27.9748592376709
7,0.027377605,0.09657359,34.52595520019531,27.9748592376709
7,-0.10094118,0.096690655,34.52595520019531,27.9748592376709
7,-0.24782026,0.07164478,34.52595520019531,27.9748592376709
7,-0.47148377,0.021909237,34.52595520019531,27.9748592376709
7,-0.46417326,0.014858484,34.52595520019531,27.9748592376709
7,-0.519681,0.018048525,34.52595520019531,27.9748592376709
7,-0.55287147,0.01155138,34.52595520019531,27.9748592376709
7,-0.6002207,-0.022043467,34.52595520019531,27.9748592376709
7,-0.5477288,-0.024197578,34.52595520019531,27.9748592376709
7,-0.5302763,-0.0009379387,34.52595520019531,27.9748592376709
7,-0.52178353,-0.006496668,34.52595520019531,27.9748592376709
7,-0.45781785,-0.009419203,34.52595520019531,27.9748592376709
7,-0.49532682,0.0198071,34.52595520019531,27.9748592376709
7,-0.04530406,-0.055418015,34.52595520019531,27.9748592376709
7,0.23779464,0.02486682,34.52595520019531,27.9748592376709
7,0.6006832,0.0775764,34.52595520019531,27.9748592376709
7,0.34502304,0.13197279,34.52595520019531,27.9748592376709
7,0.06774163,0.09095001,34.52595520019531,27.9748592376709
7,0.07504165,0.088213205,34.52595520019531,27.9748592376709
7,0.0884614,0.08816981,34.52595520019531,27.9748592376709
7,-0.1059078,0.0970068,34.52595520019531,27.9748592376709
7,-0.7407132,-0.040742636,34.52595520019531,27.9748592376709
7,2.4684296,-0.60359406,34.52595520019531,27.9748592376709
7,2.5376918,-0.6532526,34.52595520019531,27.9748592376709
7,2.493861,-0.8396971,34.52595520019531,27.9748592376709
7,1.9349909,-0.24820375,34.52595520019531,27.9748592376709
7,1.4614394,-0.027102709,34.52595520019531,27.9748592376709
7,1.0557663,0.12411928,34.52595520019531,27.9748592376709
7,0.056341648,-0.056743383,34.52595520019531,27.9748592376709
7,0.11864567,-0.0021615028,34.52595520019531,27.9748592376709
7,0.17084801,0.029628992,34.52595520019531,27.9748592376709
7,0.46892238,-0.017993927,34.52595520019531,27.9748592376709
7,0.8004217,-0.034510374,34.52595520019531,27.9748592376709
7,0.69115996,0.10701251,34.52595520019531,27.9748592376709
7,0.55308867,0.13176417,34.52595520019531,27.9748592376709
7,-0.6758783,0.044519424,34.52595520019531,27.9748592376709
7,-0.68920034,-0.027448416,34.52595520019531,27.9748592376709
7,-0.5381884,-0.06780481,34.52595520019531,27.9748592376709
7,-0.33656704,-0.118674755,34.52595520019531,27.9748592376709
7,-0.32095194,0.02758503,34.52595520019531,27.9748592376709
7,-0.23162019,-0.0047495365,34.52595520019531,27.9748592376709
7,-0.38870263,0.02584982,34.52595520019531,27.9748592376709
7,-0.37198973,0.026303768,34.52595520019531,27.9748592376709
7,-0.3313092,0.038903713,34.52595520019531,27.9748592376709
7,-0.3457842,0.04086423,34.52595520019531,27.9748592376709
7,-0.38758445,0.06096649,34.52595520019531,27.9748592376709
7,-0.17230523,-0.07333183,34.52595520019531,27.9748592376709
7,2.515316e-05,0.022343159,34.52595520019531,27.9748592376709
7,-0.069250345,0.0656445,34.52595520019531,27.9748592376709
7,0.6052487,-0.022068739,34.52595520019531,27.9748592376709
7,0.23456943,0.1678102,34.52595520019531,27.9748592376709
7,-0.15660703,0.16610146,34.52595520019531,27.9748592376709
7,-0.4291469,0.10555005,34.52595520019531,27.9748592376709
7,-0.50922436,0.063486576,34.52595520019531,27.9748592376709
7,0.44178092,0.034942865,34.52595520019531,27.9748592376709
7,0.62232065,0.050322294,34.52595520019531,27.9748592376709
7,0.513906,0.10736847,34.52595520019531,27.9748592376709
7,-0.015116572,0.12021303,34.52595520019531,27.9748592376709
7,-0.06012702,0.1192739,34.52595520019531,27.9748592376709
7,-0.3392974,0.13553023,34.52595520019531,27.9748592376709
7,-0.6369959,-0.003597021,34.52595520019531,27.9748592376709
7,-0.45850134,-0.06647563,34.52595520019531,27.9748592376709
7,-0.42559922,-0.13728857,34.52595520019531,27.9748592376709
7,0.06738794,-0.011683226,34.52595520019531,27.9748592376709
7,-0.059588432,0.0804286,34.52595520019531,27.9748592376709
7,-0.07706833,0.07210517,34.52595520019531,27.9748592376709
7,-0.17261493,0.075587034,34.52595520019531,27.9748592376709
7,-0.24157238,0.05099368,34.52595520019531,27.9748592376709
7,-0.35913837,0.0557611,34.52595520019531,27.9748592376709
7,-0.23705506,-0.021709442,34.52595520019531,27.9748592376709
7,-0.06061113,0.040602446,34.52595520019531,27.9748592376709
7,-0.024810553,0.0362463,34.52595520019531,27.9748592376709
7,0.4412043,0.061642647,34.52595520019531,27.9748592376709
7,0.3726673,0.08649397,34.52595520019531,27.9748592376709
7,0.3806746,0.07931328,34.52595520019531,27.9748592376709
7,0.5213294,0.057842016,34.52595520019531,27.9748592376709
7,0.3874477,0.1258204,34.52595520019531,27.9748592376709
7,0.23930597,0.1425345,34.52595520019531,27.9748592376709
7,0.14004838,0.10113764,34.52595520019531,27.9748592376709
7,-0.012678146,0.10588288,34.52595520019531,27.9748592376709
7,-0.082071304,0.09306407,34.52595520019531,27.9748592376709
7,-0.099087715,0.08952856,34.52595520019531,27.9748592376709
7,-0.15124726,0.078038216,34.52595520019531,27.9748592376709
7,-0.23705149,0.047225714,34.52595520019531,27.9748592376709
7,-0.2348187,0.049968243,34.52595520019531,27.9748592376709
7,-0.33152866,0.09332085,34.52595520019531,27.9748592376709
7,-0.40561938,0.03292489,34.52595520019531,27.9748592376709
7,-0.44247657,0.034311295,34.52595520019531,27.9748592376709
7,-0.58734,0.0010430813,34.52595520019531,27.9748592376709
7,-0.621484,-0.010540962,34.52595520019531,27.9748592376709
7,-0.6369046,-0.013354063,34.52595520019531,27.9748592376709
7,-0.65875036,-0.018495798,34.52595520019531,27.9748592376709
7,-0.63387954,-0.036258936,34.52595520019531,27.9748592376709
7,-0.53513813,-0.084451675,34.52595520019531,27.9748592376709
7,-0.084157825,-0.04005432,34.52595520019531,27.9748592376709
7,-0.031406045,0.036895037,34.52595520019531,27.9748592376709
7,-0.46411037,0.06148815,34.52595520019531,27.9748592376709
7,-0.48267645,0.04693556,34.52595520019531,27.9748592376709
7,-0.41024816,0.0077621937,34.52595520019531,27.9748592376709
7,-0.36144865,0.011521101,34.52595520019531,27.9748592376709
7,-0.35473454,0.019219875,34.52595520019531,27.9748592376709
7,-0.2300663,0.074492455,34.52595520019531,27.9748592376709
7,-0.38277423,0.06617832,34.52595520019531,27.9748592376709
7,-0.52478206,-0.023921728,34.52595520019531,27.9748592376709
7,-0.47167927,-0.018893957,34.52595520019531,27.9748592376709
7,-0.15882647,-0.056238174,34.52595520019531,27.9748592376709
7,0.056978583,0.113321066,34.52595520019531,27.9748592376709
7,-0.21154594,0.071234226,34.52595520019531,27.9748592376709
7,-0.3998487,0.038919926,34.52595520019531,27.9748592376709
7,-0.5126362,0.013339281,34.52595520019531,27.9748592376709
7,-0.4677267,-0.0046641827,34.52595520019531,27.9748592376709
7,-0.5017867,0.011108875,34.52595520019531,27.9748592376709
7,-0.46663213,-0.0017659664,34.52595520019531,27.9748592376709
7,-0.5114696,0.018603563,34.52595520019531,27.9748592376709
7,-0.5486702,0.0009224415,34.52595520019531,27.9748592376709
7,-0.55085856,-0.0047097206,34.52595520019531,27.9748592376709
7,-0.5866621,-0.025108337,34.52595520019531,27.9748592376709
7,-0.4345845,-0.009125948,34.52595520019531,27.9748592376709
7,-0.113331676,0.049684286,34.52595520019531,27.9748592376709
7,0.065036535,0.07471299,34.52595520019531,27.9748592376709
7,0.047724843,0.08313608,34.52595520019531,27.9748592376709
7,0.025879383,0.08908939,34.52595520019531,27.9748592376709
7,-0.39163983,0.05895996,34.52595520019531,27.9748592376709
7,-0.5867121,0.0028178692,34.52595520019531,27.9748592376709
7,-0.6758733,0.0069019794,34.52595520019531,27.9748592376709
7,-0.72411895,-0.0012903214,34.52595520019531,27.9748592376709
7,-0.749845,-0.04288864,34.52595520019531,27.9748592376709
7,-0.50221235,0.008942366,34.52595520019531,27.9748592376709
7,-0.54298794,0.007307768,34.52595520019531,27.9748592376709
7,-0.40262938,-0.06316686,34.52595520019531,27.9748592376709
7,-0.19418776,-0.055114746,34.52595520019531,27.9748592376709
7,-0.10273397,-0.04077673,34.52595520019531,27.9748592376709
7,0.60394764,0.018073559,34.52595520019531,27.9748592376709
7,0.36984885,0.18590498,34.52595520019531,27.9748592376709
7,0.1660837,0.19507074,34.52595520019531,27.9748592376709
7,0.20383537,0.0795567,34.52595520019531,27.9748592376709
7,0.36241674,0.076467514,34.52595520019531,27.9748592376709
7,-0.02009511,0.1356237,34.52595520019531,27.9748592376709
7,-0.09195328,0.13351893,34.52595520019531,27.9748592376709
7,-0.35087276,-0.09475994,34.52595520019531,27.9748592376709
7,-0.30409396,-0.04683304,34.52595520019531,27.9748592376709
7,-0.23811519,0.05625224,34.52595520019531,27.9748592376709
7,-0.320593,0.053528547,34.52595520019531,27.9748592376709
7,-0.44145298,0.047344923,34.52595520019531,27.9748592376709
7,-0.6527265,0.004360914,34.52595520019531,27.9748592376709
7,-0.32582545,-0.06178069,34.52595520019531,27.9748592376709
7,-0.09459984,-0.00048446655,34.52595520019531,27.9748592376709
7,0.059557915,0.013277769,34.52595520019531,27.9748592376709
7,0.52586484,0.022904158,34.52595520019531,27.9748592376709
7,0.4730971,0.14336848,34.52595520019531,27.9748592376709
7,0.2564087,0.13984752,34.52595520019531,27.9748592376709
7,0.060111284,0.1316483,34.52595520019531,27.9748592376709
7,-0.3539635,0.09211111,34.52595520019531,27.9748592376709
7,-0.4093678,0.059094667,34.52595520019531,27.9748592376709
7,-0.546031,0.041602135,34.52595520019531,27.9748592376709
7,-0.5494713,-0.003702879,34.52595520019531,27.9748592376709
7,-0.5792835,-0.20371675,34.52595520019531,27.9748592376709
7,-0.2310015,-0.008320332,34.52595520019531,27.9748592376709
7,-0.24205732,0.023516893,34.52595520019531,27.9748592376709
7,-0.16142905,0.023231745,34.52595520019531,27.9748592376709
7,0.4073304,0.045356512,34.52595520019531,27.9748592376709
7,0.6136396,0.107364655,34.52595520019531,27.9748592376709
7,0.5363761,0.0996716,34.52595520019531,27.9748592376709
8,-0.655965,0.079636335,53.05001449584961,35.176612854003906
8,-1.1761276,-0.044497967,53.05001449584961,35.176612854003906
8,-0.62326527,-0.20620012,53.05001449584961,35.176612854003906
8,-0.24925518,-0.05717039,53.05001449584961,35.176612854003906
8,-0.2855016,-0.0028152466,53.05001449584961,35.176612854003906
8,-0.6039838,0.048056602,53.05001449584961,35.176612854003906
8,-0.9299616,-0.09947467,53.05001449584961,35.176612854003906
8,-0.85246396,-0.12203741,53.05001449584961,35.176612854003906
8,1.0205927,-0.09085846,53.05001449584961,35.176612854003906
8,1.2646832,-0.12970138,53.05001449584961,35.176612854003906
8,1.3592997,-0.13827324,53.05001449584961,35.176612854003906
8,1.4738779,-0.13904572,53.05001449584961,35.176612854003906
8,1.4420307,-0.0760231,53.05001449584961,35.176612854003906
8,1.4410198,-0.07287526,53.05001449584961,35.176612854003906
8,1.9699676,-0.30759358,53.05001449584961,35.176612854003906
8,1.5241287,-0.060658693,53.05001449584961,35.176612854003906
8,1.3968809,-0.010541916,53.05001449584961,35.176612854003906
8,1.0266564,0.086185455,53.05001449584961,35.176612854003906
8,0.9416404,0.10435724,53.05001449584961,35.176612854003906
8,-0.24337518,0.13534641,53.05001449584961,35.176612854003906
8,-0.32598758,0.044555187,53.05001449584961,35.176612854003906
8,-0.38526332,-0.19600439,53.05001449584961,35.176612854003906
8,-0.17464304,-0.0024592876,53.05001449584961,35.176612854003906
8,-0.6446877,0.0020854473,53.05001449584961,35.176612854003906
8,-0.6658135,-0.01131773,53.05001449584961,35.176612854003906
8,-0.42816687,-0.066572666,53.05001449584961,35.176612854003906
8,-0.37038815,-0.051082134,53.05001449584961,35.176612854003906
8,-0.3295815,-0.03383708,53.05001449584961,35.176612854003906
8,-0.3811443,0.02827692,53.05001449584961,35.176612854003906
8,-0.92092204,-0.18569517,53.05001449584961,35.176612854003906
8,-0.56767654,-0.17415214,53.05001449584961,35.176612854003906
8,0.52861476,-0.0903976,53.05001449584961,35.176612854003906
8,0.69319534,-0.08839297,53.05001449584961,35.176612854003906
8,0.80759835,-0.070248365,53.05001449584961,35.176612854003906
8,0.8922467,-0.016482353,53.05001449584961,35.176612854003906
8,0.9137769,0.01154685,53.05001449584961,35.176612854003906
8,1.0663764,-0.016588926,53.05001449584961,35.176612854003906
8,1.1357663,-0.028963327,53.05001449584961,35.176612854003906
8,1.2579184,-0.049631596,53.05001449584961,35.176612854003906
8,1.595134,-0.124016285,53.05001449584961,35.176612854003906
8,1.4532671,-0.059161425,53.05001449584961,35.176612854003906
8,1.4598544,-0.05866623,53.05001449584961,35.176612854003906
8,1.2717657,0.012275219,53.05001449584961,35.176612854003906
8,1.087251,0.05644107,53.05001449584961,35.176612854003906
8,1.0121934,0.07542229,53.05001449584961,35.176612854003906
8,0.97143936,0.08397317,53.05001449584961,35.176612854003906
8,0.8858857,0.100164175,53.05001449584961,35.176612854003906
8,0.8080542,0.1162622,53.05001449584961,35.176612854003906
8,0.7236707,0.12168765,53.05001449584961,35.176612854003906
8,0.48712862,0.12547612,53.05001449584961,35.176612854003906
8,0.29904556,0.13151622,53.05001449584961,35.176612854003906
8,0.24547172,0.12117028,53.05001449584961,35.176612854003906
8,0.2174015,0.119954824,53.05001449584961,35.176612854003906
8,0.031481266,0.104631424,53.05001449584961,35.176612854003906
8,0.013922334,0.10025859,53.05001449584961,35.176612854003906
8,-0.02899313,0.09735966,53.05001449584961,35.176612854003906
8,-0.11943424,0.08656502,53.05001449584961,35.176612854003906
8,-0.15317404,0.07833433,53.05001449584961,35.176612854003906
8,-0.17033446,0.07611227,53.05001449584961,35.176612854003906
8,-0.21933436,0.063275814,53.05001449584961,35.176612854003906
8,-0.22255373,0.052536964,53.05001449584961,35.176612854003906
8,-0.22375298,0.05048275,53.05001449584961,35.176612854003906
8,-0.2471844,0.052636623,53.05001449584961,35.176612854003906
8,-0.25977147,0.052865982,53.05001449584961,35.176612854003906
8,-0.28897822,0.052089214,53.05001449584961,35.176612854003906
8,-0.23332691,0.029286623,53.05001449584961,35.176612854003906
8,-0.22754133,0.036097527,53.05001449584961,35.176612854003906
8,-0.24572289,0.04635787,53.05001449584961,35.176612854003906
8,-0.2934159,0.035863876,53.05001449584961,35.176612854003906
8,-0.24868655,0.03524804,53.05001449584961,35.176612854003906
8,-0.14964592,-0.12407541,53.05001449584961,35.176612854003906
8,-0.021556735,0.080924034,53.05001449584961,35.176612854003906
8,-0.2102511,0.1067698,53.05001449584961,35.176612854003906
8,-1.1147714,-0.18045282,53.05001449584961,35.176612854003906
8,-0.89554936,-0.20789742,53.05001449584961,35.176612854003906
8,-0.5159949,-0.16620207,53.05001449584961,35.176612854003906
8,-0.3216462,-0.10939288,53.05001449584961,35.176612854003906
8,-0.16108644,-0.031566143,53.05001449584961,35.176612854003906
8,-0.20779634,0.04107189,53.05001449584961,35.176612854003906
8,0.17788172,-0.16898036,53.05001449584961,35.176612854003906
8,0.58921885,-0.0015394688,53.05001449584961,35.176612854003906
8,0.8368163,0.054273844,53.05001449584961,35.176612854003906
8,0.28497052,0.11539817,53.05001449584961,35.176612854003906
8,0.27358043,0.10284042,53.05001449584961,35.176612854003906
8,0.21800053,0.10780525,53.05001449584961,35.176612854003906
8,0.15627205,0.112000465,53.05001449584961,35.176612854003906
8,0.11889315,0.11429143,53.05001449584961,35.176612854003906
8,0.08291435,0.11338353,53.05001449584961,35.176612854003906
8,0.00027871132,0.11368275,53.05001449584961,35.176612854003906
8,-0.06813979,0.08669472,53.05001449584961,35.176612854003906
8,0.36883795,0.017718792,53.05001449584961,35.176612854003906
8,0.49600708,0.03373456,53.05001449584961,35.176612854003906
8,0.52958596,0.043634415,53.05001449584961,35.176612854003906
8,0.3569939,0.14026046,53.05001449584961,35.176612854003906
8,0.2460829,0.13544893,53.05001449584961,35.176612854003906
8,0.31007183,0.08885145,53.05001449584961,35.176612854003906
8,0.26541054,0.09455061,53.05001449584961,35.176612854003906
8,0.4916135,0.054914236,53.05001449584961,35.176612854003906
8,0.63455105,0.033008814,53.05001449584961,35.176612854003906
8,1.0453689,-0.008325577,53.05001449584961,35.176612854003906
8,1.3953662,-0.06271434,53.05001449584961,35.176612854003906
8,1.4054172,-0.059007168,53.05001449584961,35.176612854003906
8,1.35882,-0.03941369,53.05001449584961,35.176612854003906
8,1.3382971,-0.029676199,53.05001449584961,35.176612854003906
8,1.2311237,0.0030879974,53.05001449584961,35.176612854003906
8,1.0288618,0.066614866,53.05001449584961,35.176612854003906
8,0.9674921,0.076281786,53.05001449584961,35.176612854003906
8,0.9281573,0.07531047,53.05001449584961,35.176612854003906
8,0.96814585,0.04780078,53.05001449584961,35.176612854003906
8,1.0361338,0.038983822,53.05001449584961,35.176612854003906
8,1.0392549,0.044133425,53.05001449584961,35.176612854003906
8,0.9760554,0.065389395,53.05001449584961,35.176612854003906
8,0.87112045,0.08867741,53.05001449584961,35.176612854003906
8,0.74974394,0.09569001,53.05001449584961,35.176612854003906
8,0.7266214,0.09092283,53.05001449584961,35.176612854003906
8,0.7303312,0.08603692,53.05001449584961,35.176612854003906
8,0.7096665,0.09684944,53.05001449584961,35.176612854003906
8,0.68654513,0.10181165,53.05001449584961,35.176612854003906
8,0.6329055,0.109874725,53.05001449584961,35.176612854003906
8,0.52970135,0.11117983,53.05001449584961,35.176612854003906
8,0.5179759,0.1096673,53.05001449584961,35.176612854003906
8,0.50822544,0.10598016,53.05001449584961,35.176612854003906
8,0.50262475,0.10243821,53.05001449584961,35.176612854003906
8,0.50827074,0.09853768,53.05001449584961,35.176612854003906
8,0.5091679,0.09851432,53.05001449584961,35.176612854003906
8,0.50955117,0.09879756,53.05001449584961,35.176612854003906
8,0.4630059,0.11745024,53.05001449584961,35.176612854003906
8,0.13195777,0.11676526,53.05001449584961,35.176612854003906
8,0.08393514,0.108790636,53.05001449584961,35.176612854003906
8,0.07029688,0.102428675,53.05001449584961,35.176612854003906
8,-0.06062913,0.06439304,53.05001449584961,35.176612854003906
8,0.036551356,0.0420177,53.05001449584961,35.176612854003906
8,0.10886443,0.033026934,53.05001449584961,35.176612854003906
8,0.19560266,0.024964571,53.05001449584961,35.176612854003906
8,0.3868642,0.020741463,53.05001449584961,35.176612854003906
8,0.22011578,0.122856855,53.05001449584961,35.176612854003906
8,-0.13624609,0.13535953,53.05001449584961,35.176612854003906
8,-0.2453773,0.08066392,53.05001449584961,35.176612854003906
8,-0.3039446,0.073125124,53.05001449584961,35.176612854003906
8,-0.3400545,0.06960583,53.05001449584961,35.176612854003906
8,-0.4092021,0.05929947,53.05001449584961,35.176612854003906
8,-0.72635865,-0.017927647,53.05001449584961,35.176612854003906
8,-0.75153404,-0.027974606,53.05001449584961,35.176612854003906
8,-0.75485814,-0.073783875,53.05001449584961,35.176612854003906
8,-0.7547239,-0.07642293,53.05001449584961,35.176612854003906
8,-0.5197288,-0.100966215,53.05001449584961,35.176612854003906
8,-0.12270403,-0.12948751,53.05001449584961,35.176612854003906
8,1.2875111,-0.14683032,53.05001449584961,35.176612854003906
8,1.459516,-0.18714786,53.05001449584961,35.176612854003906
8,1.9539261,-0.36386442,53.05001449584961,35.176612854003906
8,1.9850729,-0.29920864,53.05001449584961,35.176612854003906
8,1.8278942,-0.20726442,53.05001449584961,35.176612854003906
8,1.5178854,-0.095097065,53.05001449584961,35.176612854003906
8,1.374013,-0.04583025,53.05001449584961,35.176612854003906
8,1.3941848,-0.043463945,53.05001449584961,35.176612854003906
8,1.0136352,0.08922553,53.05001449584961,35.176612854003906
8,0.8922539,0.12036729,53.05001449584961,35.176612854003906
8,0.25394416,0.16782784,53.05001449584961,35.176612854003906
8,-0.38612008,0.14521146,53.05001449584961,35.176612854003906
8,-0.7138569,0.071602345,53.05001449584961,35.176612854003906
8,-0.7496221,-0.03373003,53.05001449584961,35.176612854003906
8,-0.68573105,-0.059323788,53.05001449584961,35.176612854003906
8,-0.5300763,-0.07794404,53.05001449584961,35.176612854003906
8,1.1341786,-0.09761214,53.05001449584961,35.176612854003906
8,1.52351,-0.121135,53.05001449584961,35.176612854003906
8,0.87297773,0.057035446,53.05001449584961,35.176612854003906
8,0.9179244,0.046178818,53.05001449584961,35.176612854003906
8,0.97851396,0.043435335,53.05001449584961,35.176612854003906
8,1.0031822,0.033674,53.05001449584961,35.176612854003906
8,0.94880676,0.06867075,53.05001449584961,35.176612854003906
8,0.82300806,0.100236416,53.05001449584961,35.176612854003906
8,0.3615024,0.1531024,53.05001449584961,35.176612854003906
8,0.0041823387,0.13751912,53.05001449584961,35.176612854003906
8,-0.052358747,0.13065052,53.05001449584961,35.176612854003906
8,-0.39876986,0.062430143,53.05001449584961,35.176612854003906
8,-0.48832548,0.015844345,53.05001449584961,35.176612854003906
8,-0.5498967,0.017469645,53.05001449584961,35.176612854003906
8,-0.75893205,-0.005117893,53.05001449584961,35.176612854003906
8,-0.85661405,-0.028642654,53.05001449584961,35.176612854003906
8,-0.8912642,-0.04614687,53.05001449584961,35.176612854003906
8,-1.0475106,-0.11689997,53.05001449584961,35.176612854003906
8,-1.0333598,-0.13501143,53.05001449584961,35.176612854003906
8,-1.00055,-0.14855838,53.05001449584961,35.176612854003906
8,-0.3643576,-0.017771006,53.05001449584961,35.176612854003906
8,-0.3661723,-0.0030343533,53.05001449584961,35.176612854003906
8,-0.4615363,0.033173323,53.05001449584961,35.176612854003906
8,-0.5453159,0.017982006,53.05001449584961,35.176612854003906
8,-0.60422623,-0.0011868477,53.05001449584961,35.176612854003906
8,-0.64316934,-0.018069983,53.05001449584961,35.176612854003906
8,-0.65047526,-0.023228168,53.05001449584961,35.176612854003906
8,-0.6542169,-0.034550667,53.05001449584961,35.176612854003906
8,-0.6273727,-0.04110837,53.05001449584961,35.176612854003906
8,-0.6087876,-0.043770075,53.05001449584961,35.176612854003906
8,-0.35316885,-0.007508993,53.05001449584961,35.176612854003906
8,-0.34508014,0.0033376217,53.05001449584961,35.176612854003906
8,-0.31008577,0.029254436,53.05001449584961,35.176612854003906
8,-0.33666372,0.03721261,53.05001449584961,35.176612854003906
8,-0.34390485,0.02815628,53.05001449584961,35.176612854003906
8,-0.58386856,-0.03803897,53.05001449584961,35.176612854003906
8,-0.5554361,-0.03824377,53.05001449584961,35.176612854003906
8,-0.46588194,-0.030312538,53.05001449584961,35.176612854003906
8,-0.07946873,0.018650055,53.05001449584961,35.176612854003906
8,-0.3418765,0.066833496,53.05001449584961,35.176612854003906
8,-0.36109948,0.055957794,53.05001449584961,35.176612854003906
8,-0.09442794,0.0010426044,53.05001449584961,35.176612854003906
8,0.03675282,0.053765297,53.05001449584961,35.176612854003906
8,0.11625683,0.12045097,53.05001449584961,35.176612854003906
8,-0.57382154,0.07407856,53.05001449584961,35.176612854003906
8,-0.64057577,0.004338503,53.05001449584961,35.176612854003906
8,-0.1690048,-0.0060243607,53.05001449584961,35.176612854003906
8,-0.30841208,0.06783986,53.05001449584961,35.176612854003906
8,-0.35868263,0.0721879,53.05001449584961,35.176612854003906
8,-0.8173642,-0.123660326,53.05001449584961,35.176612854003906
8,-0.8000962,-0.13488269,53.05001449584961,35.176612854003906
8,-0.44876337,-0.1361084,53.05001449584961,35.176612854003906
8,0.07358301,-0.09543061,53.05001449584961,35.176612854003906
8,0.45129097,0.040205,53.05001449584961,35.176612854003906
8,0.462896,0.049334764,53.05001449584961,35.176612854003906
8,0.3732878,0.09186745,53.05001449584961,35.176612854003906
8,0.4155389,0.06958008,53.05001449584961,35.176612854003906
8,0.5399641,0.078980446,53.05001449584961,35.176612854003906
8,0.5058062,0.09327364,53.05001449584961,35.176612854003906
8,0.50967884,0.07755399,53.05001449584961,35.176612854003906
8,1.044642,0.0015969276,53.05001449584961,35.176612854003906
8,1.0814412,0.0075945854,53.05001449584961,35.176612854003906
8,1.0892634,0.010607481,53.05001449584961,35.176612854003906
8,0.8773768,0.08546376,53.05001449584961,35.176612854003906
8,0.67837477,0.07238269,53.05001449584961,35.176612854003906
8,0.6753826,0.074506044,53.05001449584961,35.176612854003906
8,0.49738014,0.12351489,53.05001449584961,35.176612854003906
8,0.45818472,0.1257987,53.05001449584961,35.176612854003906
8,0.43683338,-0.066311836,53.05001449584961,35.176612854003906
8,0.25179327,0.08662701,53.05001449584961,35.176612854003906
8,0.2356683,0.09724808,53.05001449584961,35.176612854003906
8,0.19953346,0.10909963,53.05001449584961,35.176612854003906
8,0.13333821,0.104705095,53.05001449584961,35.176612854003906
8,0.1328839,0.09649134,53.05001449584961,35.176612854003906
8,-0.22586167,0.13603902,53.05001449584961,35.176612854003906
8,-0.454305,0.08525252,53.05001449584961,35.176612854003906
8,-0.4953965,0.044335127,53.05001449584961,35.176612854003906
8,-0.56843203,0.022207737,53.05001449584961,35.176612854003906
8,-0.60880065,0.018714428,53.05001449584961,35.176612854003906
8,-0.7310364,-0.13413095,53.05001449584961,35.176612854003906
8,-0.118637204,-0.12542439,53.05001449584961,35.176612854003906
8,0.5070385,0.068161964,53.05001449584961,35.176612854003906
8,0.4227159,0.09767532,53.05001449584961,35.176612854003906
8,0.18974471,0.119693995,53.05001449584961,35.176612854003906
8,0.14677858,0.11964655,53.05001449584961,35.176612854003906
8,-0.15766788,0.11640668,53.05001449584961,35.176612854003906
8,-0.2132461,0.10836673,53.05001449584961,35.176612854003906
8,-0.27708685,0.082565784,53.05001449584961,35.176612854003906
8,-0.3315655,0.055877686,53.05001449584961,35.176612854003906
8,-0.41070867,0.039523363,53.05001449584961,35.176612854003906
8,-0.42649126,0.03481412,53.05001449584961,35.176612854003906
8,-0.45776296,0.019239902,53.05001449584961,35.176612854003906
8,-0.54697245,0.001616478,53.05001449584961,35.176612854003906
8,-0.62758166,-0.020463705,53.05001449584961,35.176612854003906
8,-0.5102375,-0.038131237,53.05001449584961,35.176612854003906
8,-0.43296933,-0.03185606,53.05001449584961,35.176612854003906
8,-0.37854207,0.032808065,53.05001449584961,35.176612854003906
8,-0.38061392,0.029388428,53.05001449584961,35.176612854003906
8,-0.38670814,0.029185534,53.05001449584961,35.176612854003906
8,-0.39469612,0.015570402,53.05001449584961,35.176612854003906
8,-0.31977952,0.023554325,53.05001449584961,35.176612854003906
8,-0.31499994,0.028663874,53.05001449584961,35.176612854003906
8,-0.31633472,0.030623913,53.05001449584961,35.176612854003906
8,-0.3094356,0.03053236,53.05001449584961,35.176612854003906
8,-0.27101362,0.030824661,53.05001449584961,35.176612854003906
8,-0.26821315,0.033812284,53.05001449584961,35.176612854003906
8,-0.2598251,0.03807044,53.05001449584961,35.176612854003906
8,-0.2584666,0.038873434,53.05001449584961,35.176612854003906
8,-0.2556193,0.0396173,53.05001449584961,35.176612854003906
8,-0.24951792,0.040447712,53.05001449584961,35.176612854003906
8,-0.26273525,0.0466516,53.05001449584961,35.176612854003906
8,-0.28032994,0.04936385,53.05001449584961,35.176612854003906
8,-0.30761206,0.046646833,53.05001449584961,35.176612854003906
8,-0.14933503,0.016719103,53.05001449584961,35.176612854003906
8,0.061369896,0.010523319,53.05001449584961,35.176612854003906
8,0.12327707,0.05145693,53.05001449584961,35.176612854003906
8,-0.15154874,0.11615753,53.05001449584961,35.176612854003906
8,-0.54704154,0.06637287,53.05001449584961,35.176612854003906
8,-0.684734,0.011276007,53.05001449584961,35.176612854003906
8,-0.63064456,-0.06543803,53.05001449584961,35.176612854003906
8,-0.16894424,-0.07544923,53.05001449584961,35.176612854003906
8,0.16780186,0.06442094,53.05001449584961,35.176612854003906
8,0.10076845,0.090423584,53.05001449584961,35.176612854003906
8,-0.1363585,0.097871065,53.05001449584961,35.176612854003906
8,-0.21803713,0.09074354,53.05001449584961,35.176612854003906
8,-0.4513119,0.06736183,53.05001449584961,35.176612854003906
8,-0.59209937,0.051400185,53.05001449584961,35.176612854003906
8,-0.70402443,0.016817331,53.05001449584961,35.176612854003906
8,-0.7213688,-0.04763651,53.05001449584961,35.176612854003906
8,-0.5751393,-0.07878232,53.05001449584961,35.176612854003906
8,-0.50719804,-0.07242203,53.05001449584961,35.176612854003906
8,-0.36811328,-0.055264473,53.05001449584961,35.176612854003906
8,-0.2760259,-0.053052187,53.05001449584961,35.176612854003906
8,-0.16391993,-0.05245638,53.05001449584961,35.176612854003906
8,0.1252594,-0.006938696,53.05001449584961,35.176612854003906
8,0.17953038,0.008265257,53.05001449584961,35.176612854003906
8,0.3005122,0.009048939,53.05001449584961,35.176612854003906
8,0.3961295,0.0055081844,53.05001449584961,35.176612854003906
8,0.9003751,-0.032836676,53.05001449584961,35.176612854003906
8,1.0625167,0.0008432865,53.05001449584961,35.176612854003906
8,1.0596783,0.03941703,53.05001449584961,35.176612854003906
8,0.8780527,0.08303785,53.05001449584961,35.176612854003906
8,0.84382606,0.08810711,53.05001449584961,35.176612854003906
8,0.7632179,0.10225606,53.05001449584961,35.176612854003906
8,0.66642094,0.117293835,53.05001449584961,35.176612854003906
8,0.2120316,0.16233373,53.05001449584961,35.176612854003906
8,-0.028167248,0.09846234,53.05001449584961,35.176612854003906
8,-0.0399251,0.07972264,53.05001449584961,35.176612854003906
8,0.57918143,-0.025883913,53.05001449584961,35.176612854003906
8,1.8614004,-0.32712936,53.05001449584961,35.176612854003906
8,2.010623,-0.39742446,53.05001449584961,35.176612854003906
8,2.1849437,-0.49000478,53.05001449584961,35.176612854003906
8,2.5387192,-0.6903608,53.05001449584961,35.176612854003906
8,2.7181072,-0.77537584,53.05001449584961,35.176612854003906
8,2.5959125,-0.64767814,53.05001449584961,35.176612854003906
8,2.4775872,-0.5674858,53.05001449584961,35.176612854003906
8,2.1444964,-0.35885048,53.05001449584961,35.176612854003906
8,1.9974909,-0.27251863,53.05001449584961,35.176612854003906
8,1.9140396,-0.23765135,53.05001449584961,35.176612854003906
8,1.8827868,-0.23110175,53.05001449584961,35.176612854003906
8,1.9082103,-0.20809817,53.05001449584961,35.176612854003906
8,2.1586106,-0.38852978,53.05001449584961,35.176612854003906
8,2.072757,-0.3304608,53.05001449584961,35.176612854003906
8,0.39504492,0.17344737,53.05001449584961,35.176612854003906
8,0.3009913,0.13524818,53.05001449584961,35.176612854003906
8,0.1346407,0.14149284,53.05001449584961,35.176612854003906
8,0.016956925,0.14046502,53.05001449584961,35.176612854003906
8,-0.421193,0.09681916,53.05001449584961,35.176612854003906
8,-0.6397233,-0.010598421,53.05001449584961,35.176612854003906
8,-0.6526613,-0.022253513,53.05001449584961,35.176612854003906
8,-0.65790987,-0.0433774,53.05001449584961,35.176612854003906
8,-0.6497717,-0.04166937,53.05001449584961,35.176612854003906
8,-0.6532604,-0.04569149,53.05001449584961,35.176612854003906
8,-0.64373636,-0.0468266,53.05001449584961,35.176612854003906
8,-0.62168026,-0.0473845,53.05001449584961,35.176612854003906
8,-0.61272705,-0.043775797,53.05001449584961,35.176612854003906
8,-0.6001836,-0.031271935,53.05001449584961,35.176612854003906
8,-0.58551836,-0.02938962,53.05001449584961,35.176612854003906
8,-0.5801164,-0.028443336,53.05001449584961,35.176612854003906
8,-0.53028136,-0.023461342,53.05001449584961,35.176612854003906
8,-0.51718515,-0.021943808,53.05001449584961,35.176612854003906
8,-0.44682735,-0.00359416,53.05001449584961,35.176612854003906
8,-0.37072325,0.020520926,53.05001449584961,35.176612854003906
8,-0.39436698,0.021716118,53.05001449584961,35.176612854003906
8,-0.38178897,0.015351057,53.05001449584961,35.176612854003906
8,-0.3630222,0.022630453,53.05001449584961,35.176612854003906
8,-0.35263836,0.020910025,53.05001449584961,35.176612854003906
8,-0.3423519,0.02575469,53.05001449584961,35.176612854003906
8,-0.33835733,0.025203705,53.05001449584961,35.176612854003906
8,-0.3232361,0.021131277,53.05001449584961,35.176612854003906
8,-0.33176064,0.031436205,53.05001449584961,35.176612854003906
8,-0.32549942,0.026294947,53.05001449584961,35.176612854003906
8,-0.06952143,0.12041664,53.05001449584961,35.176612854003906
8,-0.17213166,0.12955451,53.05001449584961,35.176612854003906
8,-0.2309432,0.08199763,53.05001449584961,35.176612854003906
8,-0.024364114,0.004935026,53.05001449584961,35.176612854003906
8,0.4083135,-0.006919861,53.05001449584961,35.176612854003906
8,0.47392404,0.0005068779,53.05001449584961,35.176612854003906
8,0.4721043,0.060263157,53.05001449584961,35.176612854003906
8,-0.13505197,0.13554406,53.05001449584961,35.176612854003906
8,-0.22133994,0.12770033,53.05001449584961,35.176612854003906
8,-0.345129,0.09674549,53.05001449584961,35.176612854003906
8,-0.37645352,0.077316046,53.05001449584961,35.176612854003906
8,-0.39889443,0.063812494,53.05001449584961,35.176612854003906
8,-0.41868985,-0.025192022,53.05001449584961,35.176612854003906
8,-0.22853816,-0.014499664,53.05001449584961,35.176612854003906
8,-0.16243315,-0.018352509,53.05001449584961,35.176612854003906
8,0.05371797,0.004214287,53.05001449584961,35.176612854003906
8,0.13232446,0.006514311,53.05001449584961,35.176612854003906
8,0.7039466,0.064677,53.05001449584961,35.176612854003906
8,0.59144497,0.10830188,53.05001449584961,35.176612854003906
8,0.55794954,0.108526945,53.05001449584961,35.176612854003906
8,0.53618455,0.09746146,53.05001449584961,35.176612854003906
8,0.6372237,0.0565722,53.05001449584961,35.176612854003906
8,1.0564618,-0.017528296,53.05001449584961,35.176612854003906
8,1.1147866,0.010551453,53.05001449584961,35.176612854003906
8,0.7162125,0.13162756,53.05001449584961,35.176612854003906
8,0.47697115,0.14589167,53.05001449584961,35.176612854003906
8,0.16699517,0.09703231,53.05001449584961,35.176612854003906
8,0.39166105,0.04431939,53.05001449584961,35.176612854003906
8,1.2810247,-0.069876194,53.05001449584961,35.176612854003906
8,1.298126,-0.06118965,53.05001449584961,35.176612854003906
8,1.316788,-0.046638966,53.05001449584961,35.176612854003906
8,1.4034903,-0.053817272,53.05001449584961,35.176612854003906
8,1.3487875,-0.021181822,53.05001449584961,35.176612854003906
8,1.1677828,0.037762403,53.05001449584961,35.176612854003906
8,0.93143964,-0.19920683,53.05001449584961,35.176612854003906
8,0.5462624,0.015742779,53.05001449584961,35.176612854003906
8,0.40059733,0.112716675,53.05001449584961,35.176612854003906
8,0.2934072,0.14442325,53.05001449584961,35.176612854003906
8,0.45598996,0.010606289,53.05001449584961,35.176612854003906
8,0.81136656,-0.0014052391,53.05001449584961,35.176612854003906
8,0.8373039,0.056309223,53.05001449584961,35.176612854003906
8,0.7825906,0.06594157,53.05001449584961,35.176612854003906
8,0.8883045,0.038474083,53.05001449584961,35.176612854003906
8,0.5948758,0.11948252,53.05001449584961,35.176612854003906
8,0.4632033,0.13436127,53.05001449584961,35.176612854003906
9,0.37662816,0.147784,69.17620849609375,33.08367156982422
9,0.22113502,0.11623359,69.17620849609375,33.08367156982422
9,-0.06125486,0.11075878,69.17620849609375,33.08367156982422
9,-0.11107099,0.11270666,69.17620849609375,33.08367156982422
9,-0.19607651,0.109188795,69.17620849609375,33.08367156982422
9,-0.23503566,0.09867215,69.17620849609375,33.08367156982422
9,-0.28586245,0.09507346,69.17620849609375,33.08367156982422
9,-0.39074647,0.08183336,69.17620849609375,33.08367156982422
9,-0.46542186,0.080637455,69.17620849609375,33.08367156982422
9,-0.7061531,0.021827698,69.17620849609375,33.08367156982422
9,-0.72861904,0.00025892258,69.17620849609375,33.08367156982422
9,-0.8430613,-0.052648544,69.17620849609375,33.08367156982422
9,-1.0937841,-0.14522481,69.17620849609375,33.08367156982422
9,-0.6477536,-0.2316587,69.17620849609375,33.08367156982422
9,0.609854,-0.008285046,69.17620849609375,33.08367156982422
9,0.7390523,0.005956173,69.17620849609375,33.08367156982422
9,0.86055994,-0.023094177,69.17620849609375,33.08367156982422
9,0.9593468,-0.02892685,69.17620849609375,33.08367156982422
9,1.1927636,-0.0544219,69.17620849609375,33.08367156982422
9,1.3182626,-0.099702835,69.17620849609375,33.08367156982422
9,1.5742865,-0.16116548,69.17620849609375,33.08367156982422
9,1.71783,-0.16529846,69.17620849609375,33.08367156982422
9,1.1363323,0.047884703,69.17620849609375,33.08367156982422
9,0.9566152,0.10191178,69.17620849609375,33.08367156982422
9,0.86076117,0.112464905,69.17620849609375,33.08367156982422
9,0.78338003,0.11628485,69.17620849609375,33.08367156982422
9,0.75057936,0.1164515,69.17620849609375,33.08367156982422
9,0.6770241,0.12152219,69.17620849609375,33.08367156982422
9,0.45654988,-0.16514087,69.17620849609375,33.08367156982422
9,0.45786405,0.09317827,69.17620849609375,33.08367156982422
9,0.8560076,0.0361228,69.17620849609375,33.08367156982422
9,0.90797544,0.063296795,69.17620849609375,33.08367156982422
9,0.99403954,0.039778948,69.17620849609375,33.08367156982422
9,1.3396463,-0.010989666,69.17620849609375,33.08367156982422
9,1.3107224,-0.018143892,69.17620849609375,33.08367156982422
9,1.2815139,0.010676622,69.17620849609375,33.08367156982422
9,1.229233,0.035868406,69.17620849609375,33.08367156982422
9,1.2451701,0.01133585,69.17620849609375,33.08367156982422
9,1.2704117,0.0053658485,69.17620849609375,33.08367156982422
9,1.0523725,0.07815933,69.17620849609375,33.08367156982422
9,0.99265695,0.082333565,69.17620849609375,33.08367156982422
9,0.74673986,0.12834454,69.17620849609375,33.08367156982422
9,0.37234008,0.1596179,69.17620849609375,33.08367156982422
9,0.23318517,0.10859132,69.17620849609375,33.08367156982422
9,0.20030749,0.11496091,69.17620849609375,33.08367156982422
9,0.22793996,0.09520483,69.17620849609375,33.08367156982422
9,0.3121016,0.09211397,69.17620849609375,33.08367156982422
9,-0.013270497,0.108680725,69.17620849609375,33.08367156982422
9,-1.0588027,-0.25045443,69.17620849609375,33.08367156982422
9,-1.0170274,-0.2286737,69.17620849609375,33.08367156982422
9,-0.8984694,-0.234025,69.17620849609375,33.08367156982422
9,-0.735163,-0.23071527,69.17620849609375,33.08367156982422
9,-0.07323575,-0.09252596,69.17620849609375,33.08367156982422
9,0.6172106,-0.060287952,69.17620849609375,33.08367156982422
9,0.7490647,-0.05254507,69.17620849609375,33.08367156982422
9,0.78552127,0.08036065,69.17620849609375,33.08367156982422
9,0.97806334,0.061716557,69.17620849609375,33.08367156982422
9,0.5783448,0.16401458,69.17620849609375,33.08367156982422
9,0.56637,0.13362503,69.17620849609375,33.08367156982422
9,0.5881767,0.108471155,69.17620849609375,33.08367156982422
9,0.010401249,0.11718154,69.17620849609375,33.08367156982422
9,-0.09310293,0.108119726,69.17620849609375,33.08367156982422
9,-0.34326768,0.084769726,69.17620849609375,33.08367156982422
9,-0.4424131,0.052065372,69.17620849609375,33.08367156982422
9,-0.48653775,0.02932024,69.17620849609375,33.08367156982422
9,0.0121032,-0.005438328,69.17620849609375,33.08367156982422
9,-0.01925826,0.08246517,69.17620849609375,33.08367156982422
9,-0.13714123,0.078612566,69.17620849609375,33.08367156982422
9,-0.15913582,0.09016991,69.17620849609375,33.08367156982422
9,-0.22157323,0.10369396,69.17620849609375,33.08367156982422
9,-0.24421799,0.08589864,69.17620849609375,33.08367156982422
9,-0.29959893,-0.117690325,69.17620849609375,33.08367156982422
9,1.529695,-0.07768273,69.17620849609375,33.08367156982422
9,1.5345209,-0.10378289,69.17620849609375,33.08367156982422
9,1.8047748,-0.20438123,69.17620849609375,33.08367156982422
9,1.6427639,-0.118346214,69.17620849609375,33.08367156982422
9,1.5960188,-0.10049224,69.17620849609375,33.08367156982422
9,1.7790792,-0.19254017,69.17620849609375,33.08367156982422
9,1.5658317,-0.077849865,69.17620849609375,33.08367156982422
9,1.3150034,0.015382528,69.17620849609375,33.08367156982422
9,1.4329371,-0.09400153,69.17620849609375,33.08367156982422
9,1.5372839,-0.10867286,69.17620849609375,33.08367156982422
9,1.4879284,-0.07012963,69.17620849609375,33.08367156982422
9,1.4083343,-0.030375242,69.17620849609375,33.08367156982422
9,1.1964011,0.048063755,69.17620849609375,33.08367156982422
9,1.0873461,0.08111,69.17620849609375,33.08367156982422
9,0.917933,0.1115253,69.17620849609375,33.08367156982422
9,0.92740893,0.04350114,69.17620849609375,33.08367156982422
9,1.0451884,0.01641059,69.17620849609375,33.08367156982422
9,1.005363,0.06974983,69.17620849609375,33.08367156982422
9,0.9768553,0.082410336,69.17620849609375,33.08367156982422
9,0.8135214,0.086083174,69.17620849609375,33.08367156982422
9,0.79539657,0.075011015,69.17620849609375,33.08367156982422
9,0.7922573,0.0842073,69.17620849609375,33.08367156982422
9,0.16528916,0.13109922,69.17620849609375,33.08367156982422
9,0.13493252,0.12879705,69.17620849609375,33.08367156982422
9,0.027094722,0.085823536,69.17620849609375,33.08367156982422
9,-0.018223286,0.100648165,69.17620849609375,33.08367156982422
9,-0.11588788,0.09125376,69.17620849609375,33.08367156982422
9,-0.11755216,0.075553656,69.17620849609375,33.08367156982422
9,-0.13507903,0.08012462,69.17620849609375,33.08367156982422
9,-0.19671762,0.06452036,69.17620849609375,33.08367156982422
9,-0.14507616,0.06369066,69.17620849609375,33.08367156982422
9,0.0024421215,0.043135643,69.17620849609375,33.08367156982422
9,0.08330858,0.05756569,69.17620849609375,33.08367156982422
9,-0.051587462,0.10541797,69.17620849609375,33.08367156982422
9,-0.092212796,0.081677675,69.17620849609375,33.08367156982422
9,-0.20959306,0.08608985,69.17620849609375,33.08367156982422
9,-0.2462858,0.068594694,69.17620849609375,33.08367156982422
9,-0.23241496,0.056548595,69.17620849609375,33.08367156982422
9,-0.4443717,-0.1596129,69.17620849609375,33.08367156982422
9,1.0366917,-0.04205942,69.17620849609375,33.08367156982422
9,1.5517201,-0.11261511,69.17620849609375,33.08367156982422
9,1.6108899,-0.14254284,69.17620849609375,33.08367156982422
9,1.5937924,-0.114473104,69.17620849609375,33.08367156982422
9,1.0584605,0.10944557,69.17620849609375,33.08367156982422
9,0.85224557,0.13586569,69.17620849609375,33.08367156982422
9,0.6385679,0.02356553,69.17620849609375,33.08367156982422
9,0.99024177,-0.014965296,69.17620849609375,33.08367156982422
9,1.4660461,-0.077197075,69.17620849609375,33.08367156982422
9,1.4085214,-0.045195103,69.17620849609375,33.08367156982422
9,1.2643313,0.01037693,69.17620849609375,33.08367156982422
9,0.05135858,0.19954848,69.17620849609375,33.08367156982422
9,-0.48035306,0.10013318,69.17620849609375,33.08367156982422
9,-0.41519403,0.020575285,69.17620849609375,33.08367156982422
9,-0.43068862,0.029361725,69.17620849609375,33.08367156982422
9,-0.43341732,0.0067589283,69.17620849609375,33.08367156982422
9,-0.39443982,-0.0013730526,69.17620849609375,33.08367156982422
9,-0.18074787,0.04875517,69.17620849609375,33.08367156982422
9,-0.5528635,0.034428596,69.17620849609375,33.08367156982422
9,-0.71086824,-0.010904312,69.17620849609375,33.08367156982422
9,-0.12843025,-0.04521513,69.17620849609375,33.08367156982422
9,0.20487952,0.04606414,69.17620849609375,33.08367156982422
9,0.8635843,-0.013659954,69.17620849609375,33.08367156982422
9,1.2684896,-0.06155491,69.17620849609375,33.08367156982422
9,1.2475743,-0.025534153,69.17620849609375,33.08367156982422
9,1.5061727,-0.09411001,69.17620849609375,33.08367156982422
9,1.5299015,-0.10068369,69.17620849609375,33.08367156982422
9,1.6023908,-0.117337465,69.17620849609375,33.08367156982422
9,1.8145597,-0.2158804,69.17620849609375,33.08367156982422
9,1.9972391,-0.3011484,69.17620849609375,33.08367156982422
9,2.1822314,-0.40202594,69.17620849609375,33.08367156982422
9,2.388339,-0.5281725,69.17620849609375,33.08367156982422
9,2.3738828,-0.5345864,69.17620849609375,33.08367156982422
9,2.3136973,-0.49424672,69.17620849609375,33.08367156982422
9,2.101601,-0.36713028,69.17620849609375,33.08367156982422
9,1.9698265,-0.2889495,69.17620849609375,33.08367156982422
9,1.9434788,-0.27428842,69.17620849609375,33.08367156982422
9,1.9246552,-0.26463366,69.17620849609375,33.08367156982422
9,1.761172,-0.16983652,69.17620849609375,33.08367156982422
9,1.6213806,-0.1077714,69.17620849609375,33.08367156982422
9,1.5696113,-0.081754684,69.17620849609375,33.08367156982422
9,1.4551046,-0.041007042,69.17620849609375,33.08367156982422
9,1.352572,0.00040841103,69.17620849609375,33.08367156982422
9,1.0881317,0.07466197,69.17620849609375,33.08367156982422
9,0.9951072,0.08265638,69.17620849609375,33.08367156982422
9,0.95748234,0.09217167,69.17620849609375,33.08367156982422
9,0.93958664,0.10464406,69.17620849609375,33.08367156982422
9,0.8686726,0.106001616,69.17620849609375,33.08367156982422
9,0.40959036,0.1718018,69.17620849609375,33.08367156982422
9,0.19580042,0.14548683,69.17620849609375,33.08367156982422
9,0.10933387,0.13947177,69.17620849609375,33.08367156982422
9,-0.002594471,0.1377871,69.17620849609375,33.08367156982422
9,-0.089138746,0.12243724,69.17620849609375,33.08367156982422
9,-0.12015462,0.118570805,69.17620849609375,33.08367156982422
9,-0.5440668,0.073176384,69.17620849609375,33.08367156982422
9,-1.0649372,-0.2403214,69.17620849609375,33.08367156982422
9,-1.2220627,-0.19454575,69.17620849609375,33.08367156982422
9,-0.7828968,-0.20763397,69.17620849609375,33.08367156982422
9,-0.5856847,-0.15697527,69.17620849609375,33.08367156982422
9,0.16593647,-0.07225132,69.17620849609375,33.08367156982422
9,1.1676862,0.026639223,69.17620849609375,33.08367156982422
9,0.90041804,0.11660528,69.17620849609375,33.08367156982422
9,0.7608969,0.1300242,69.17620849609375,33.08367156982422
9,0.531301,0.16185951,69.17620849609375,33.08367156982422
9,0.010674119,0.1189239,69.17620849609375,33.08367156982422
9,-0.19926298,0.13801885,69.17620849609375,33.08367156982422
9,-0.695574,0.022629976,69.17620849609375,33.08367156982422
9,-0.63285923,-0.03382492,69.17620849609375,33.08367156982422
9,-0.5963644,-0.01706338,69.17620849609375,33.08367156982422
9,-0.6032574,-0.034121037,69.17620849609375,33.08367156982422
9,-0.48522055,-0.04428196,69.17620849609375,33.08367156982422
9,-0.020828247,-0.3296957,69.17620849609375,33.08367156982422
9,1.2318673,-0.1379025,69.17620849609375,33.08367156982422
9,1.9459128,-0.3147869,69.17620849609375,33.08367156982422
9,2.065817,-0.3489542,69.17620849609375,33.08367156982422
9,2.097536,-0.36378384,69.17620849609375,33.08367156982422
9,1.9585397,-0.28558302,69.17620849609375,33.08367156982422
9,1.9887977,-0.3017857,69.17620849609375,33.08367156982422
9,1.7406604,-0.11491537,69.17620849609375,33.08367156982422
9,1.8062949,-0.23801899,69.17620849609375,33.08367156982422
9,1.791301,-0.20214772,69.17620849609375,33.08367156982422
9,1.824156,-0.21533513,69.17620849609375,33.08367156982422
9,1.843101,-0.222713,69.17620849609375,33.08367156982422
9,2.308964,-0.47568917,69.17620849609375,33.08367156982422
9,2.2701602,-0.45067024,69.17620849609375,33.08367156982422
9,2.205045,-0.4077356,69.17620849609375,33.08367156982422
9,2.0751579,-0.33486867,69.17620849609375,33.08367156982422
9,2.0175393,-0.29701734,69.17620849609375,33.08367156982422
9,1.9915028,-0.2932136,69.17620849609375,33.08367156982422
9,2.2758758,-0.47596383,69.17620849609375,33.08367156982422
9,2.268402,-0.45926476,69.17620849609375,33.08367156982422
9,2.1647475,-0.4006307,69.17620849609375,33.08367156982422
9,2.1697078,-0.4034803,69.17620849609375,33.08367156982422
9,2.2023005,-0.42519403,69.17620849609375,33.08367156982422
9,2.211581,-0.4272318,69.17620849609375,33.08367156982422
9,2.2562923,-0.46661782,69.17620849609375,33.08367156982422
9,2.2166517,-0.44063425,69.17620849609375,33.08367156982422
9,2.1550968,-0.4045689,69.17620849609375,33.08367156982422
9,2.024251,-0.31829858,69.17620849609375,33.08367156982422
9,1.9220219,-0.2613201,69.17620849609375,33.08367156982422
9,1.896256,-0.24661732,69.17620849609375,33.08367156982422
9,1.8601787,-0.24129796,69.17620849609375,33.08367156982422
9,1.753834,-0.18208742,69.17620849609375,33.08367156982422
9,1.685209,-0.14515805,69.17620849609375,33.08367156982422
9,1.4446502,-0.021301985,69.17620849609375,33.08367156982422
9,1.3911619,-0.002177,69.17620849609375,33.08367156982422
9,1.0571132,0.07137132,69.17620849609375,33.08367156982422
9,0.7831118,0.11291361,69.17620849609375,33.08367156982422
9,0.7621,0.12388611,69.17620849609375,33.08367156982422
9,0.7110977,0.1255734,69.17620849609375,33.08367156982422
9,-0.55154145,0.06297469,69.17620849609375,33.08367156982422
9,1.0062346,-0.031825066,69.17620849609375,33.08367156982422
9,1.113611,0.033638716,69.17620849609375,33.08367156982422
9,-0.17071581,0.12881517,69.17620849609375,33.08367156982422
9,-0.39913142,0.08656788,69.17620849609375,33.08367156982422
9,-0.45046586,0.07657361,69.17620849609375,33.08367156982422
9,-0.72717655,0.0034637451,69.17620849609375,33.08367156982422
9,-0.57093894,-0.07743764,69.17620849609375,33.08367156982422
9,-0.87437135,-0.051212788,69.17620849609375,33.08367156982422
9,-0.9117665,-0.06293249,69.17620849609375,33.08367156982422
9,-1.0447719,-0.09309602,69.17620849609375,33.08367156982422
9,-1.0636197,-0.23809385,69.17620849609375,33.08367156982422
9,-0.7061773,-0.3727982,69.17620849609375,33.08367156982422
9,-0.5125703,0.007742882,69.17620849609375,33.08367156982422
9,-0.5543271,0.0047359467,69.17620849609375,33.08367156982422
9,-0.60928386,-0.0113015175,69.17620849609375,33.08367156982422
9,-0.4785549,0.015448809,69.17620849609375,33.08367156982422
9,-0.49580902,0.016465425,69.17620849609375,33.08367156982422
9,-0.46648908,-0.0063688755,69.17620849609375,33.08367156982422
9,-0.32186985,6.67572e-06,69.17620849609375,33.08367156982422
9,-0.2709148,0.043484688,69.17620849609375,33.08367156982422
9,-0.2619717,0.044975042,69.17620849609375,33.08367156982422
9,-0.005599618,-0.15590858,69.17620849609375,33.08367156982422
9,-0.12588239,-0.2352624,69.17620849609375,33.08367156982422
9,-0.008251309,-0.11565709,69.17620849609375,33.08367156982422
9,0.4578774,0.013439655,69.17620849609375,33.08367156982422
9,0.93816733,-0.01582551,69.17620849609375,33.08367156982422
9,1.0716162,-0.012963295,69.17620849609375,33.08367156982422
9,2.3648694,-0.52881503,69.17620849609375,33.08367156982422
9,2.4790173,-0.5989053,69.17620849609375,33.08367156982422
9,2.6202526,-0.68099785,69.17620849609375,33.08367156982422
9,2.7141137,-0.7504926,69.17620849609375,33.08367156982422
9,2.6128082,-0.6643181,69.17620849609375,33.08367156982422
9,2.829894,-0.8239107,69.17620849609375,33.08367156982422
9,2.7733107,-0.77096415,69.17620849609375,33.08367156982422
9,2.5821142,-0.6448209,69.17620849609375,33.08367156982422
9,1.8558023,-0.22891593,69.17620849609375,33.08367156982422
9,1.7534299,-0.17647696,69.17620849609375,33.08367156982422
9,1.6195388,-0.10609889,69.17620849609375,33.08367156982422
9,1.5232193,-0.06622481,69.17620849609375,33.08367156982422
9,1.4311926,-0.039324522,69.17620849609375,33.08367156982422
9,1.0930424,0.072448015,69.17620849609375,33.08367156982422
9,0.86336994,0.11977029,69.17620849609375,33.08367156982422
9,0.47331095,0.15328193,69.17620849609375,33.08367156982422
9,-0.91768146,-0.050325155,69.17620849609375,33.08367156982422
9,-0.89661354,-0.07638121,69.17620849609375,33.08367156982422
9,-0.56309897,-0.103191614,69.17620849609375,33.08367156982422
9,-0.49954128,-0.098285675,69.17620849609375,33.08367156982422
9,-0.3166268,-0.072832346,69.17620849609375,33.08367156982422
9,0.23347306,0.017889023,69.17620849609375,33.08367156982422
9,-0.4938966,0.06506848,69.17620849609375,33.08367156982422
9,-0.5441161,0.056129456,69.17620849609375,33.08367156982422
9,-0.59397113,0.04563546,69.17620849609375,33.08367156982422
9,-1.1859025,-0.14805841,69.17620849609375,33.08367156982422
9,-1.2107058,-0.19540668,69.17620849609375,33.08367156982422
9,-0.75214255,-0.14536262,69.17620849609375,33.08367156982422
9,-1.1461613,-0.09689212,69.17620849609375,33.08367156982422
9,-1.2390879,-0.1464827,69.17620849609375,33.08367156982422
9,-1.1621776,-0.201792,69.17620849609375,33.08367156982422
9,-0.72925645,-0.1416452,69.17620849609375,33.08367156982422
9,-0.79907674,-0.38421726,69.17620849609375,33.08367156982422
9,0.3265128,0.025739193,69.17620849609375,33.08367156982422
9,0.42492187,0.010294437,69.17620849609375,33.08367156982422
9,0.4653114,0.016692638,69.17620849609375,33.08367156982422
9,0.6712415,0.030215979,69.17620849609375,33.08367156982422
9,0.74722505,0.025827408,69.17620849609375,33.08367156982422
9,1.5493383,-0.06985283,69.17620849609375,33.08367156982422
9,1.29022,-0.06949878,69.17620849609375,33.08367156982422
9,1.3472986,-0.07200885,69.17620849609375,33.08367156982422
9,1.7924635,-0.22041059,69.17620849609375,33.08367156982422
9,1.9765708,-0.29091096,69.17620849609375,33.08367156982422
9,1.9734077,-0.29083633,69.17620849609375,33.08367156982422
9,2.000391,-0.29367185,69.17620849609375,33.08367156982422
9,2.1556473,-0.39444017,69.17620849609375,33.08367156982422
9,2.5083044,-0.61861944,69.17620849609375,33.08367156982422
9,2.4959447,-0.6078763,69.17620849609375,33.08367156982422
9,1.9561086,-0.28469276,69.17620849609375,33.08367156982422
9,1.742532,-0.1676104,69.17620849609375,33.08367156982422
9,1.3634484,0.0065243244,69.17620849609375,33.08367156982422
9,1.1917915,0.052033663,69.17620849609375,33.08367156982422
9,1.0144823,0.09185696,69.17620849609375,33.08367156982422
9,0.8978603,0.11793375,69.17620849609375,33.08367156982422
9,0.5001422,0.1364193,69.17620849609375,33.08367156982422
9,0.44029808,0.13545585,69.17620849609375,33.08367156982422
9,0.3541919,0.12461281,69.17620849609375,33.08367156982422
9,-0.043395042,0.11470461,69.17620849609375,33.08367156982422
9,-0.38090265,0.077937365,69.17620849609375,33.08367156982422
9,-1.1348131,-0.27136087,69.17620849609375,33.08367156982422
9,-1.1574153,-0.2205553,69.17620849609375,33.08367156982422
9,0.3368913,0.09818435,69.17620849609375,33.08367156982422
9,0.30926168,0.09614754,69.17620849609375,33.08367156982422
9,0.32308233,0.10295105,69.17620849609375,33.08367156982422
9,-0.92360246,-0.048060656,69.17620849609375,33.08367156982422
9,-0.94436073,-0.06779289,69.17620849609375,33.08367156982422
9,-0.2724557,-0.056107283,69.17620849609375,33.08367156982422
9,0.2049861,0.035108566,69.17620849609375,33.08367156982422
9,0.1811614,0.069058895,69.17620849609375,33.08367156982422
9,0.02493143,-0.17650008,69.17620849609375,33.08367156982422
9,-0.07466161,0.04963827,69.17620849609375,33.08367156982422
9,-0.067709446,0.058393,69.17620849609375,33.08367156982422
9,-0.054718256,0.06266403,69.17620849609375,33.08367156982422
9,-0.048689246,0.06929159,69.17620849609375,33.08367156982422
9,0.32675898,0.046875,69.17620849609375,33.08367156982422
9,0.5699241,0.01713276,69.17620849609375,33.08367156982422
9,0.82134867,0.021918535,69.17620849609375,33.08367156982422
9,1.1560798,-0.037106514,69.17620849609375,33.08367156982422
9,1.3070664,-0.04774475,69.17620849609375,33.08367156982422
9,1.6647892,-0.16484785,69.17620849609375,33.08367156982422
9,1.6373179,-0.1358347,69.17620849609375,33.08367156982422
9,1.5647993,-0.09226608,69.17620849609375,33.08367156982422
9,1.5282514,-0.08510733,69.17620849609375,33.08367156982422
9,1.577034,-0.112718344,69.17620849609375,33.08367156982422
9,1.5863535,-0.09142685,69.17620849609375,33.08367156982422
9,1.5470705,-0.09860158,69.17620849609375,33.08367156982422
9,1.6108904,-0.123734,69.17620849609375,33.08367156982422
9,1.7437158,-0.1584475,69.17620849609375,33.08367156982422
9,1.1616483,-0.20544839,69.17620849609375,33.08367156982422
9,1.3755133,-0.042458296,69.17620849609375,33.08367156982422
9,2.958232,-1.036335,69.17620849609375,33.08367156982422
9,3.0887742,-1.084738,69.17620849609375,33.08367156982422
9,2.553273,-0.6029823,69.17620849609375,33.08367156982422
9,2.4764068,-0.5523269,69.17620849609375,33.08367156982422
9,2.39541,-0.5034299,69.17620849609375,33.08367156982422
9,2.2190964,-0.4459393,69.17620849609375,33.08367156982422
9,2.0280564,-0.32749963,69.17620849609375,33.08367156982422
9,1.9524271,-0.2822492,69.17620849609375,33.08367156982422
9,1.6845331,-0.13680291,69.17620849609375,33.08367156982422
9,1.2126713,0.03998208,69.17620849609375,33.08367156982422
9,1.1740265,0.051343203,69.17620849609375,33.08367156982422
9,1.1228683,0.056975365,69.17620849609375,33.08367156982422
9,1.1138649,0.05180669,69.17620849609375,33.08367156982422
9,0.8545072,0.12483525,69.17620849609375,33.08367156982422
9,0.6046121,-0.1373403,69.17620849609375,33.08367156982422
9,-0.28537583,0.16046166,69.17620849609375,33.08367156982422
9,0.36193144,-0.026940584,69.17620849609375,33.08367156982422
9,0.4401785,0.0060214996,69.17620849609375,33.08367156982422
9,0.48561287,0.022480965,69.17620849609375,33.08367156982422
9,0.9135268,-0.030997038,69.17620849609375,33.08367156982422
9,1.0215421,-0.041906357,69.17620849609375,33.08367156982422
9,1.2699671,-0.088673115,69.17620849609375,33.08367156982422
9,1.4760313,-0.06275225,69.17620849609375,33.08367156982422
9,1.4108799,-0.023207664,69.17620849609375,33.08367156982422
9,0.8789263,0.11538696,69.17620849609375,33.08367156982422
9,0.80321383,0.12949586,69.17620849609375,33.08367156982422
9,0.73005414,0.13854575,69.17620849609375,33.08367156982422
9,0.02374363,0.098591566,69.17620849609375,33.08367156982422
9,0.18368638,0.052027702,69.17620849609375,33.08367156982422
9,0.69276905,-0.0038945675,69.17620849609375,33.08367156982422
9,0.37094235,0.1691711,69.17620849609375,33.08367156982422
9,0.3069278,0.15896678,69.17620849609375,33.08367156982422
9,0.25537694,0.15122485,69.17620849609375,33.08367156982422
9,-0.54012996,0.027246952,69.17620849609375,33.08367156982422
9,-0.46437818,-0.07127404,69.17620849609375,33.08367156982422
9,0.6496742,0.062349558,69.17620849609375,33.08367156982422
9,0.6240895,0.11513424,69.17620849609375,33.08367156982422
9,0.57060313,0.12057161,69.17620849609375,33.08367156982422
9,0.8981304,0.09570503,69.17620849609375,33.08367156982422
9,0.8158848,0.102303505,69.17620849609375,33.08367156982422
9,0.7644079,0.10801053,69.17620849609375,33.08367156982422
9,0.5415987,0.17115974,69.17620849609375,33.08367156982422
9,0.112727046,0.20415449,69.17620849609375,33.08367156982422
9,-0.12437868,0.18428802,69.17620849609375,33.08367156982422
9,-0.2921934,0.10598397,69.17620849609375,33.08367156982422
9,-0.0052012205,0.05977869,69.17620849609375,33.08367156982422
9,0.048165917,0.04814267,69.17620849609375,33.08367156982422
9,0.096410036,0.048255682,69.17620849609375,33.08367156982422
9,0.0054678917,0.09794688,69.17620849609375,33.08367156982422
9,-0.3226757,-0.123110056,69.17620849609375,33.08367156982422
9,-0.56044453,-0.20964503,69.17620849609375,33.08367156982422
9,0.30452752,-0.1001966,69.17620849609375,33.08367156982422
9,0.56839705,-0.04659462,69.17620849609375,33.08367156982422
9,0.9043009,-0.033056498,69.17620849609375,33.08367156982422
9,0.9873514,0.04301834,69.17620849609375,33.08367156982422
9,0.87049794,0.10146618,69.17620849609375,33.08367156982422
9,0.76874185,0.12621689,69.17620849609375,33.08367156982422
9,0.66163254,0.15706539,69.17620849609375,33.08367156982422
9,0.4530145,0.15337992,69.17620849609375,33.08367156982422
9,0.3767774,0.16231513,69.17620849609375,33.08367156982422
9,0.027655602,0.1050241,69.17620849609375,33.08367156982422
10,0.015423417,0.09149408,39.416343688964844,31.249099731445312
10,-0.01022625,0.085685015,39.416343688964844,31.249099731445312
10,0.037872076,0.05430293,39.416343688964844,31.249099731445312
10,0.08946645,0.064912796,39.416343688964844,31.249099731445312
10,0.06806326,0.07089162,39.416343688964844,31.249099731445312
10,0.42159796,0.023498774,39.416343688964844,31.249099731445312
10,-0.5308526,0.06387663,39.416343688964844,31.249099731445312
10,-1.0906782,-0.07849145,39.416343688964844,31.249099731445312
10,-1.2346534,-0.25550437,39.416343688964844,31.249099731445312
10,-1.2208087,-0.27574372,39.416343688964844,31.249099731445312
10,-1.1028793,-0.20400572,39.416343688964844,31.249099731445312
10,-0.67479205,-0.07518911,39.416343688964844,31.249099731445312
10,-0.66268396,-0.018277168,39.416343688964844,31.249099731445312
10,-0.87799394,-0.11147356,39.416343688964844,31.249099731445312
10,-0.76312107,-0.115954876,39.416343688964844,31.249099731445312
10,-0.51890147,-0.06004572,39.416343688964844,31.249099731445312
10,-0.51374626,-0.039093733,39.416343688964844,31.249099731445312
10,-0.51981026,-0.030562878,39.416343688964844,31.249099731445312
10,-0.40741515,-0.027816772,39.416343688964844,31.249099731445312
10,-0.33723748,0.0006148815,39.416343688964844,31.249099731445312
10,-0.33511186,0.003481388,39.416343688964844,31.249099731445312
10,-0.3246554,0.002710104,39.416343688964844,31.249099731445312
10,-0.3340515,0.016120434,39.416343688964844,31.249099731445312
10,-0.38488793,0.018663645,39.416343688964844,31.249099731445312
10,-0.41336322,0.01556921,39.416343688964844,31.249099731445312
10,-0.45785797,0.009715319,39.416343688964844,31.249099731445312
10,-0.6263888,-0.0048840046,39.416343688964844,31.249099731445312
10,-0.6477605,-0.012694836,39.416343688964844,31.249099731445312
10,-0.80208856,-0.046247005,39.416343688964844,31.249099731445312
10,-0.8535897,-0.066351175,39.416343688964844,31.249099731445312
10,-0.90060854,-0.07853556,39.416343688964844,31.249099731445312
10,-0.9196967,-0.087070465,39.416343688964844,31.249099731445312
10,-0.98941153,-0.12715983,39.416343688964844,31.249099731445312
10,-0.8132957,-0.10070324,39.416343688964844,31.249099731445312
10,-0.52208894,-0.08477044,39.416343688964844,31.249099731445312
10,-0.44139862,-0.049477816,39.416343688964844,31.249099731445312
10,-0.33338737,0.012691021,39.416343688964844,31.249099731445312
10,-0.34276605,0.029673576,39.416343688964844,31.249099731445312
10,-0.6146541,-0.016398191,39.416343688964844,31.249099731445312
10,-0.6145259,-0.025449038,39.416343688964844,31.249099731445312
10,-0.60571885,-0.020718575,39.416343688964844,31.249099731445312
10,-0.6079903,-0.020357847,39.416343688964844,31.249099731445312
10,-0.60046196,-0.02348566,39.416343688964844,31.249099731445312
10,-0.5947542,-0.020174265,39.416343688964844,31.249099731445312
10,-0.658067,-0.010373116,39.416343688964844,31.249099731445312
10,1.2464576,-0.07917786,39.416343688964844,31.249099731445312
10,-0.6582495,0.15400362,39.416343688964844,31.249099731445312
10,-0.7571934,0.09647083,39.416343688964844,31.249099731445312
10,-0.56233525,-0.1457138,39.416343688964844,31.249099731445312
10,-0.5298791,-0.21631098,39.416343688964844,31.249099731445312
10,0.4068086,0.049694538,39.416343688964844,31.249099731445312
10,0.4171666,0.053919792,39.416343688964844,31.249099731445312
10,0.496387,0.04854107,39.416343688964844,31.249099731445312
10,0.47412312,0.08793664,39.416343688964844,31.249099731445312
10,-0.26881647,0.096648216,39.416343688964844,31.249099731445312
10,-0.24825442,0.0699451,39.416343688964844,31.249099731445312
10,-0.35030174,0.054286003,39.416343688964844,31.249099731445312
10,-0.26911044,0.0776813,39.416343688964844,31.249099731445312
10,-0.29483104,-0.093459845,39.416343688964844,31.249099731445312
10,-0.18874764,-0.011667967,39.416343688964844,31.249099731445312
10,-0.13916421,0.019542217,39.416343688964844,31.249099731445312
10,0.1974796,0.106101036,39.416343688964844,31.249099731445312
10,-0.08811486,0.14405847,39.416343688964844,31.249099731445312
10,-1.0327617,-0.12513137,39.416343688964844,31.249099731445312
10,0.9804821,-0.121569395,39.416343688964844,31.249099731445312
10,1.2775791,-0.10712814,39.416343688964844,31.249099731445312
10,1.2834165,-0.08199334,39.416343688964844,31.249099731445312
10,1.3148162,-0.08754921,39.416343688964844,31.249099731445312
10,1.0794952,0.022569656,39.416343688964844,31.249099731445312
10,1.0934463,0.0080759525,39.416343688964844,31.249099731445312
10,1.0702705,0.020769835,39.416343688964844,31.249099731445312
10,1.0574949,0.022073746,39.416343688964844,31.249099731445312
10,1.0452907,0.024520397,39.416343688964844,31.249099731445312
10,0.64965844,0.10244107,39.416343688964844,31.249099731445312
10,0.7687957,0.069621325,39.416343688964844,31.249099731445312
10,0.43851507,0.02268672,39.416343688964844,31.249099731445312
10,-0.16973186,0.1317339,39.416343688964844,31.249099731445312
10,-0.05459535,0.094078064,39.416343688964844,31.249099731445312
10,-0.21694541,0.07303882,39.416343688964844,31.249099731445312
10,-0.8607371,-0.0804925,39.416343688964844,31.249099731445312
10,0.17243624,-0.08907843,39.416343688964844,31.249099731445312
10,0.284693,-0.06651497,39.416343688964844,31.249099731445312
10,0.34859467,0.03933668,39.416343688964844,31.249099731445312
10,0.27621436,0.046264887,39.416343688964844,31.249099731445312
10,-0.25044274,0.11830711,39.416343688964844,31.249099731445312
10,-1.3664634,-0.121729136,39.416343688964844,31.249099731445312
10,-1.4812841,-0.19113111,39.416343688964844,31.249099731445312
10,-1.5844421,-0.27083254,39.416343688964844,31.249099731445312
10,-0.392233,-0.19292665,39.416343688964844,31.249099731445312
10,0.22665095,-0.077598095,39.416343688964844,31.249099731445312
10,0.5484736,0.031084776,39.416343688964844,31.249099731445312
10,0.62496066,0.040317297,39.416343688964844,31.249099731445312
10,0.7518935,0.018284082,39.416343688964844,31.249099731445312
10,0.5919993,0.1218915,39.416343688964844,31.249099731445312
10,0.5248364,0.0648551,39.416343688964844,31.249099731445312
10,0.20082569,0.12935972,39.416343688964844,31.249099731445312
10,0.036545992,0.117444515,39.416343688964844,31.249099731445312
10,-0.19684005,0.08511186,39.416343688964844,31.249099731445312
10,-0.6493295,-0.11177182,39.416343688964844,31.249099731445312
10,-0.30834103,-0.08374381,39.416343688964844,31.249099731445312
10,0.062270284,-0.043418407,39.416343688964844,31.249099731445312
10,0.08977246,-0.010555983,39.416343688964844,31.249099731445312
10,0.1208812,0.003182888,39.416343688964844,31.249099731445312
10,0.4100734,0.081045866,39.416343688964844,31.249099731445312
10,0.37130105,0.07871175,39.416343688964844,31.249099731445312
10,0.36254752,0.07974124,39.416343688964844,31.249099731445312
10,0.058578134,0.098338604,39.416343688964844,31.249099731445312
10,-0.03278625,0.08963966,39.416343688964844,31.249099731445312
10,-0.27953696,0.05893874,39.416343688964844,31.249099731445312
10,-0.34985042,0.04342532,39.416343688964844,31.249099731445312
10,-0.520503,0.01322484,39.416343688964844,31.249099731445312
10,-0.69824314,-0.031236172,39.416343688964844,31.249099731445312
10,-0.73299545,-0.046036005,39.416343688964844,31.249099731445312
10,-0.7893395,-0.065692425,39.416343688964844,31.249099731445312
10,-0.79621726,-0.0713954,39.416343688964844,31.249099731445312
10,-0.8000542,-0.07624388,39.416343688964844,31.249099731445312
10,-0.8607596,-0.10359335,39.416343688964844,31.249099731445312
10,-0.8748129,-0.12305188,39.416343688964844,31.249099731445312
10,-0.8692957,-0.0967772,39.416343688964844,31.249099731445312
10,-0.8649049,-0.10659766,39.416343688964844,31.249099731445312
10,-0.79748774,-0.12492466,39.416343688964844,31.249099731445312
10,-0.75945526,-0.11951852,39.416343688964844,31.249099731445312
10,-0.46017295,-0.061151743,39.416343688964844,31.249099731445312
10,-0.4063313,-0.023742437,39.416343688964844,31.249099731445312
10,-0.4133917,-0.01193738,39.416343688964844,31.249099731445312
10,-0.4424132,0.003635168,39.416343688964844,31.249099731445312
10,-0.5021953,0.0036785603,39.416343688964844,31.249099731445312
10,-0.5609386,-0.00460124,39.416343688964844,31.249099731445312
10,-0.57596684,-0.023199797,39.416343688964844,31.249099731445312
10,-0.63955253,-0.014989138,39.416343688964844,31.249099731445312
10,-0.7017297,-0.0247221,39.416343688964844,31.249099731445312
10,-0.87805367,-0.021310568,39.416343688964844,31.249099731445312
10,-0.81310683,-0.12782717,39.416343688964844,31.249099731445312
10,-0.9233915,-0.19559908,39.416343688964844,31.249099731445312
10,-0.9363885,-0.19552135,39.416343688964844,31.249099731445312
10,-0.3481803,-0.2503736,39.416343688964844,31.249099731445312
10,0.5819049,-0.17951941,39.416343688964844,31.249099731445312
10,0.86614513,0.036940098,39.416343688964844,31.249099731445312
10,0.77033687,0.04024291,39.416343688964844,31.249099731445312
10,-0.0052990913,0.15554428,39.416343688964844,31.249099731445312
10,-1.3749563,-0.30188298,39.416343688964844,31.249099731445312
10,-1.1846045,-0.25808907,39.416343688964844,31.249099731445312
10,-1.0897541,-0.27727795,39.416343688964844,31.249099731445312
10,-0.97060806,-0.2124598,39.416343688964844,31.249099731445312
10,-0.8115257,-0.20458913,39.416343688964844,31.249099731445312
10,-0.44226956,-0.23711371,39.416343688964844,31.249099731445312
10,0.39505863,0.14241886,39.416343688964844,31.249099731445312
10,0.30380392,0.10055041,39.416343688964844,31.249099731445312
10,0.18776178,0.100081205,39.416343688964844,31.249099731445312
10,-0.06097746,0.12526727,39.416343688964844,31.249099731445312
10,-0.553288,-0.9205501,39.416343688964844,31.249099731445312
10,-0.7046443,-0.93378544,39.416343688964844,31.249099731445312
10,-0.52474636,-1.1937847,39.416343688964844,31.249099731445312
10,-0.6340525,-1.3354762,39.416343688964844,31.249099731445312
10,-0.4188776,-1.3517082,39.416343688964844,31.249099731445312
10,-0.3460765,-1.3788059,39.416343688964844,31.249099731445312
10,-0.22231162,-1.4134731,39.416343688964844,31.249099731445312
10,-0.1280775,-1.3797517,39.416343688964844,31.249099731445312
10,-0.0038216114,-1.4143944,39.416343688964844,31.249099731445312
10,0.032425046,-1.418464,39.416343688964844,31.249099731445312
10,0.031047463,-1.4062481,39.416343688964844,31.249099731445312
10,-0.28968298,-1.3380799,39.416343688964844,31.249099731445312
10,-0.3262993,-1.3365698,39.416343688964844,31.249099731445312
10,-0.31046903,-1.3521006,39.416343688964844,31.249099731445312
10,-0.31432104,-1.3420701,39.416343688964844,31.249099731445312
10,-0.70226574,-1.3196445,39.416343688964844,31.249099731445312
10,-0.8521642,-1.3278172,39.416343688964844,31.249099731445312
10,-1.0405931,-1.389987,39.416343688964844,31.249099731445312
10,-0.8875252,-1.4003074,39.416343688964844,31.249099731445312
10,-0.6212589,-1.3706224,39.416343688964844,31.249099731445312
10,-0.5172591,-1.3413208,39.416343688964844,31.249099731445312
10,-0.6039572,-1.3352947,39.416343688964844,31.249099731445312
10,-0.5964278,-1.351408,39.416343688964844,31.249099731445312
10,-0.65508115,-1.3256752,39.416343688964844,31.249099731445312
10,-0.67798007,-1.3452682,39.416343688964844,31.249099731445312
10,-0.67519575,-1.3449624,39.416343688964844,31.249099731445312
10,-0.8284589,-1.3377571,39.416343688964844,31.249099731445312
10,-0.8717912,-1.3431633,39.416343688964844,31.249099731445312
10,-0.9086118,-1.3501813,39.416343688964844,31.249099731445312
10,-0.9661763,-1.3813863,39.416343688964844,31.249099731445312
10,-0.7762799,-1.3658295,39.416343688964844,31.249099731445312
10,-0.78522617,-1.3515558,39.416343688964844,31.249099731445312
10,-0.79384464,-1.350218,39.416343688964844,31.249099731445312
10,-0.96804017,-1.3678932,39.416343688964844,31.249099731445312
10,-0.7843489,-1.4710965,39.416343688964844,31.249099731445312
10,-0.6019725,-1.3579044,39.416343688964844,31.249099731445312
10,-0.64353955,-1.3332698,39.416343688964844,31.249099731445312
10,-0.79399174,-1.3648906,39.416343688964844,31.249099731445312
10,-0.76938087,-1.3594775,39.416343688964844,31.249099731445312
10,-0.81230533,-1.3566189,39.416343688964844,31.249099731445312
10,-0.78506327,-1.3701637,39.416343688964844,31.249099731445312
10,-0.65305024,-1.383415,39.416343688964844,31.249099731445312
10,-0.4130664,-1.3524342,39.416343688964844,31.249099731445312
10,-0.53321475,-1.3498709,39.416343688964844,31.249099731445312
10,-0.50060236,-1.3561924,39.416343688964844,31.249099731445312
10,-0.42785704,-1.3429153,39.416343688964844,31.249099731445312
10,-0.41347146,-1.3347588,39.416343688964844,31.249099731445312
10,-0.38011742,-1.3462899,39.416343688964844,31.249099731445312
10,-0.41090488,-1.3405137,39.416343688964844,31.249099731445312
10,-0.40017867,-1.3532727,39.416343688964844,31.249099731445312
10,-0.46020585,-1.3375053,39.416343688964844,31.249099731445312
10,-0.46855628,-1.3375783,39.416343688964844,31.249099731445312
10,-0.55872566,-1.3330159,39.416343688964844,31.249099731445312
10,-0.39244783,-0.21826816,39.416343688964844,31.249099731445312
10,-0.33660555,-0.0406816,39.416343688964844,31.249099731445312
10,-0.507915,0.035241842,39.416343688964844,31.249099731445312
10,-0.5775076,0.012660503,39.416343688964844,31.249099731445312
10,-0.5883781,0.0022678375,39.416343688964844,31.249099731445312
10,-0.5894907,-0.027565002,39.416343688964844,31.249099731445312
10,-0.64152974,-0.017322063,39.416343688964844,31.249099731445312
10,-0.72824126,-0.03411579,39.416343688964844,31.249099731445312
10,-0.7656699,-0.0494771,39.416343688964844,31.249099731445312
10,-0.8138661,-0.061942577,39.416343688964844,31.249099731445312
10,-0.8664431,-0.08128905,39.416343688964844,31.249099731445312
10,-0.8732962,-0.08703208,39.416343688964844,31.249099731445312
10,-0.8518848,-0.105976105,39.416343688964844,31.249099731445312
10,-0.656864,-0.0945189,39.416343688964844,31.249099731445312
10,-0.5468014,-0.03778839,39.416343688964844,31.249099731445312
10,-0.54459715,-0.026209354,39.416343688964844,31.249099731445312
10,-0.54320043,-0.020689964,39.416343688964844,31.249099731445312
10,-0.548964,-0.014511824,39.416343688964844,31.249099731445312
10,-0.8655612,-0.0600338,39.416343688964844,31.249099731445312
10,-0.5439317,-0.10034442,39.416343688964844,31.249099731445312
10,-0.16302514,-0.058984518,39.416343688964844,31.249099731445312
10,1.1516383,-0.14417553,39.416343688964844,31.249099731445312
10,1.3987131,-0.06376886,39.416343688964844,31.249099731445312
10,0.9115672,0.12585306,39.416343688964844,31.249099731445312
10,0.76642966,0.08649564,39.416343688964844,31.249099731445312
10,0.8531909,0.0483675,39.416343688964844,31.249099731445312
10,0.6624801,0.12852812,39.416343688964844,31.249099731445312
10,0.35578895,0.15926671,39.416343688964844,31.249099731445312
10,-0.7279429,0.13806725,39.416343688964844,31.249099731445312
10,-0.66488403,-0.16384196,39.416343688964844,31.249099731445312
10,-0.566856,-0.17540598,39.416343688964844,31.249099731445312
10,-0.21295702,-0.028898478,39.416343688964844,31.249099731445312
10,-0.29704332,0.06327224,39.416343688964844,31.249099731445312
10,-0.52236336,-0.027769327,39.416343688964844,31.249099731445312
10,0.34160078,0.11720204,39.416343688964844,31.249099731445312
10,0.3231151,0.1141572,39.416343688964844,31.249099731445312
10,0.33414662,0.10252166,39.416343688964844,31.249099731445312
10,0.36324978,0.12319851,39.416343688964844,31.249099731445312
10,0.21524751,0.12597752,39.416343688964844,31.249099731445312
10,0.053412914,0.13176775,39.416343688964844,31.249099731445312
10,-0.011969924,0.13744545,39.416343688964844,31.249099731445312
10,-0.18703079,0.08165002,39.416343688964844,31.249099731445312
10,0.14307857,0.05605626,39.416343688964844,31.249099731445312
10,0.24113071,0.07652664,39.416343688964844,31.249099731445312
10,0.24135566,0.09057546,39.416343688964844,31.249099731445312
10,0.2036705,0.10117912,39.416343688964844,31.249099731445312
10,0.27883363,0.079963446,39.416343688964844,31.249099731445312
10,0.28971756,0.090756655,39.416343688964844,31.249099731445312
10,0.26305318,0.096211195,39.416343688964844,31.249099731445312
10,-0.024580002,0.11045647,39.416343688964844,31.249099731445312
10,-0.17888844,0.08971286,39.416343688964844,31.249099731445312
10,-0.31355417,0.07394624,39.416343688964844,31.249099731445312
10,-0.35485423,0.074091196,39.416343688964844,31.249099731445312
10,-0.38397753,0.06823444,39.416343688964844,31.249099731445312
10,-0.4355296,0.05335188,39.416343688964844,31.249099731445312
10,-0.46633524,0.047956944,39.416343688964844,31.249099731445312
10,-0.4899727,0.038947105,39.416343688964844,31.249099731445312
10,-0.62919915,0.009223461,39.416343688964844,31.249099731445312
10,-0.67902035,-0.015552759,39.416343688964844,31.249099731445312
10,-0.69340456,-0.020951986,39.416343688964844,31.249099731445312
10,-0.71889704,-0.036815643,39.416343688964844,31.249099731445312
10,-0.67924625,-0.05909896,39.416343688964844,31.249099731445312
10,-0.6209961,-0.05036497,39.416343688964844,31.249099731445312
10,-0.58727247,-0.026911974,39.416343688964844,31.249099731445312
10,-0.58368623,-0.022634506,39.416343688964844,31.249099731445312
10,-0.5863721,-0.014248133,39.416343688964844,31.249099731445312
10,-0.59029967,-0.015669107,39.416343688964844,31.249099731445312
10,-0.61795884,-0.01824522,39.416343688964844,31.249099731445312
10,-0.63069683,-0.02167058,39.416343688964844,31.249099731445312
10,-0.637608,-0.026525974,39.416343688964844,31.249099731445312
10,-0.59563047,-0.034371376,39.416343688964844,31.249099731445312
10,-0.5731247,-0.035064697,39.416343688964844,31.249099731445312
10,-0.52281225,0.00014257431,39.416343688964844,31.249099731445312
10,-0.57627803,-0.0022044182,39.416343688964844,31.249099731445312
10,-0.62195677,-0.0013992786,39.416343688964844,31.249099731445312
10,-0.6509399,-0.020721912,39.416343688964844,31.249099731445312
10,-0.65818816,-0.03540659,39.416343688964844,31.249099731445312
10,-0.6461753,-0.036800623,39.416343688964844,31.249099731445312
10,-0.671262,-0.0845027,39.416343688964844,31.249099731445312
10,0.10828042,-0.0049574375,39.416343688964844,31.249099731445312
10,0.41136718,0.10033965,39.416343688964844,31.249099731445312
10,0.29956472,0.11389804,39.416343688964844,31.249099731445312
10,0.22376728,0.13577032,39.416343688964844,31.249099731445312
10,-0.06822193,0.12610555,39.416343688964844,31.249099731445312
10,-0.1253599,0.12424636,39.416343688964844,31.249099731445312
10,-0.32270873,0.089698315,39.416343688964844,31.249099731445312
10,-0.36821043,0.08326626,39.416343688964844,31.249099731445312
10,-0.43623054,0.06501269,39.416343688964844,31.249099731445312
10,-0.5485675,0.044133663,39.416343688964844,31.249099731445312
10,-0.6322128,0.005887747,39.416343688964844,31.249099731445312
10,-0.68826276,-0.0010564327,39.416343688964844,31.249099731445312
10,-0.9201893,-0.0825727,39.416343688964844,31.249099731445312
10,-1.117936,-0.11426425,39.416343688964844,31.249099731445312
10,-0.49775523,-0.08125782,39.416343688964844,31.249099731445312
10,0.34040534,0.03799534,39.416343688964844,31.249099731445312
10,0.4735216,0.08019519,39.416343688964844,31.249099731445312
10,0.42303038,0.115050554,39.416343688964844,31.249099731445312
10,0.39492893,0.11889839,39.416343688964844,31.249099731445312
10,0.31985354,0.11838961,39.416343688964844,31.249099731445312
10,0.32656324,0.10334277,39.416343688964844,31.249099731445312
10,0.31401598,0.11060119,39.416343688964844,31.249099731445312
10,0.29080987,0.11656475,39.416343688964844,31.249099731445312
10,0.23840892,0.109739065,39.416343688964844,31.249099731445312
10,0.24849951,0.09958434,39.416343688964844,31.249099731445312
10,0.26129878,0.09482813,39.416343688964844,31.249099731445312
10,0.33978593,0.03861189,39.416343688964844,31.249099731445312
10,0.2467413,0.11881375,39.416343688964844,31.249099731445312
10,0.06731558,0.14580774,39.416343688964844,31.249099731445312
10,0.02380979,0.13249063,39.416343688964844,31.249099731445312
10,-0.25557804,0.12704515,39.416343688964844,31.249099731445312
10,-0.42099118,0.0721066,39.416343688964844,31.249099731445312
10,-0.4532469,0.06284189,39.416343688964844,31.249099731445312
10,-0.5892322,0.039221287,39.416343688964844,31.249099731445312
10,-0.7149943,-0.028369665,39.416343688964844,31.249099731445312
10,-0.77761495,-0.059477806,39.416343688964844,31.249099731445312
10,-0.7837646,-0.06758022,39.416343688964844,31.249099731445312
10,-0.7306135,-0.0651567,39.416343688964844,31.249099731445312
10,-0.7062432,-0.051119328,39.416343688964844,31.249099731445312
10,-0.70778024,-0.053094625,39.416343688964844,31.249099731445312
10,-0.7626475,-0.0486629,39.416343688964844,31.249099731445312
10,-0.887409,-0.089693785,39.416343688964844,31.249099731445312
10,-0.8185456,-0.112659216,39.416343688964844,31.249099731445312
10,-0.7476841,-0.113144875,39.416343688964844,31.249099731445312
10,-0.6987003,-0.10956788,39.416343688964844,31.249099731445312
10,-0.6501478,-0.09937382,39.416343688964844,31.249099731445312
10,-0.55559075,-0.07642007,39.416343688964844,31.249099731445312
10,-0.5849624,0.0024032593,39.416343688964844,31.249099731445312
10,-0.7718814,-0.048897743,39.416343688964844,31.249099731445312
10,-0.8651558,-0.070628166,39.416343688964844,31.249099731445312
10,-0.79737127,-0.09704471,39.416343688964844,31.249099731445312
10,-0.34133673,-0.011315107,39.416343688964844,31.249099731445312
10,-0.28154802,0.0028600693,39.416343688964844,31.249099731445312
10,1.8313596,-0.26237774,39.416343688964844,31.249099731445312
10,1.9789734,-0.32664704,39.416343688964844,31.249099731445312
10,2.0083897,-0.33236957,39.416343688964844,31.249099731445312
10,1.776154,-0.17346287,39.416343688964844,31.249099731445312
10,1.7584438,-0.1658845,39.416343688964844,31.249099731445312
10,1.2956543,0.020973682,39.416343688964844,31.249099731445312
10,0.30393457,0.18886566,39.416343688964844,31.249099731445312
10,-0.35251415,0.12543368,39.416343688964844,31.249099731445312
10,-0.6589262,0.091837406,39.416343688964844,31.249099731445312
10,-0.87769294,0.0020179749,39.416343688964844,31.249099731445312
10,-0.7698792,-0.08822441,39.416343688964844,31.249099731445312
10,-0.42580235,-0.024744034,39.416343688964844,31.249099731445312
10,-0.3384987,-0.0033586025,39.416343688964844,31.249099731445312
10,-0.10385525,0.040469646,39.416343688964844,31.249099731445312
10,0.4429859,-9.012222e-05,39.416343688964844,31.249099731445312
10,0.39454484,0.09563351,39.416343688964844,31.249099731445312
10,0.34192502,0.11025715,39.416343688964844,31.249099731445312
10,-0.9589483,-0.112463236,39.416343688964844,31.249099731445312
10,-0.9830134,-0.12242079,39.416343688964844,31.249099731445312
10,-0.7829633,-0.13141346,39.416343688964844,31.249099731445312
10,-0.5504186,0.0412302,39.416343688964844,31.249099731445312
10,-0.6453249,0.00827527,39.416343688964844,31.249099731445312
10,-0.784058,-0.05351901,39.416343688964844,31.249099731445312
10,-0.83640385,-0.074525595,39.416343688964844,31.249099731445312
10,-0.8281443,-0.09405923,39.416343688964844,31.249099731445312
10,-0.8126858,-0.09031439,39.416343688964844,31.249099731445312
10,-0.540566,-0.04648614,39.416343688964844,31.249099731445312
10,-0.52221733,-0.026458502,39.416343688964844,31.249099731445312
10,-0.5298923,-0.0047945976,39.416343688964844,31.249099731445312
10,-0.59526825,-0.009246826,39.416343688964844,31.249099731445312
10,-0.59945124,-0.014746428,39.416343688964844,31.249099731445312
10,-0.6039695,-0.016476393,39.416343688964844,31.249099731445312
10,-0.6083705,-0.022213697,39.416343688964844,31.249099731445312
10,-0.7363192,-0.052093267,39.416343688964844,31.249099731445312
10,-0.74259007,-0.05185318,39.416343688964844,31.249099731445312
10,-0.74224275,-0.060350657,39.416343688964844,31.249099731445312
10,-0.7518982,-0.059919834,39.416343688964844,31.249099731445312
10,-0.7627667,-0.060622215,39.416343688964844,31.249099731445312
10,-0.43043208,-0.019343615,39.416343688964844,31.249099731445312
10,-0.44120276,-0.00063991547,39.416343688964844,31.249099731445312
10,-0.5249502,0.027022123,39.416343688964844,31.249099731445312
10,-0.5796256,0.0090892315,39.416343688964844,31.249099731445312
10,-0.6093617,-0.0075211525,39.416343688964844,31.249099731445312
10,-0.6453542,-0.025809526,39.416343688964844,31.249099731445312
10,-0.9421022,-0.08792734,39.416343688964844,31.249099731445312
10,-0.99566686,-0.12507796,39.416343688964844,31.249099731445312
10,-0.44060755,-0.07640123,39.416343688964844,31.249099731445312
10,0.038265944,0.032342672,39.416343688964844,31.249099731445312
10,0.3078736,0.066506624,39.416343688964844,31.249099731445312
10,0.30086553,0.115170956,39.416343688964844,31.249099731445312
10,0.17929387,0.14253855,39.416343688964844,31.249099731445312
10,0.13554859,0.13377905,39.416343688964844,31.249099731445312
10,0.030572414,0.11348915,39.416343688964844,31.249099731445312
10,-0.05510676,0.08287525,39.416343688964844,31.249099731445312
10,0.004885912,0.060810804,39.416343688964844,31.249099731445312
10,0.11102462,0.10641599,39.416343688964844,31.249099731445312
10,0.09638524,0.09678292,39.416343688964844,31.249099731445312
10,-0.017043471,0.108178854,39.416343688964844,31.249099731445312
10,-0.3007655,0.10717249,39.416343688964844,31.249099731445312
10,-0.21832824,0.07415223,39.416343688964844,31.249099731445312
10,-0.29651344,0.045487642,39.416343688964844,31.249099731445312
10,-0.24355388,0.030589104,39.416343688964844,31.249099731445312
10,-0.3176334,0.056961775,39.416343688964844,31.249099731445312
10,-0.312832,0.04348135,39.416343688964844,31.249099731445312
10,-0.26874506,0.025293827,39.416343688964844,31.249099731445312
11,-0.12090278,0.16997123,43.242889404296875,33.5253791809082
11,-0.4623769,0.19079995,43.242889404296875,33.5253791809082
11,0.25988424,0.10978794,43.242889404296875,33.5253791809082
11,-0.21494305,0.1195693,43.242889404296875,33.5253791809082
11,-0.3298235,0.09510136,43.242889404296875,33.5253791809082
11,-0.6128364,-0.008011818,43.242889404296875,33.5253791809082
11,-0.61094934,-0.009193182,43.242889404296875,33.5253791809082
11,-0.6536438,-0.003736496,43.242889404296875,33.5253791809082
11,-0.664833,-0.03250599,43.242889404296875,33.5253791809082
11,-0.48440534,-0.016473293,43.242889404296875,33.5253791809082
11,1.0618098,-0.022433281,43.242889404296875,33.5253791809082
11,1.0747521,-0.0027918816,43.242889404296875,33.5253791809082
11,1.010694,0.045689106,43.242889404296875,33.5253791809082
11,0.83194137,0.065768,43.242889404296875,33.5253791809082
11,0.70318174,0.12617517,43.242889404296875,33.5253791809082
11,0.44920743,0.16302156,43.242889404296875,33.5253791809082
11,-0.31768286,0.04234886,43.242889404296875,33.5253791809082
11,-0.32507837,0.03906107,43.242889404296875,33.5253791809082
11,-0.27490008,0.029841661,43.242889404296875,33.5253791809082
11,-0.23885584,0.10014844,43.242889404296875,33.5253791809082
11,-0.8653423,-0.013340712,43.242889404296875,33.5253791809082
11,-0.8809342,-0.056622982,43.242889404296875,33.5253791809082
11,-0.41638947,-0.117480755,43.242889404296875,33.5253791809082
11,-0.32158113,-0.4431727,43.242889404296875,33.5253791809082
11,0.6551151,-0.14122033,43.242889404296875,33.5253791809082
11,0.65219355,0.07545376,43.242889404296875,33.5253791809082
11,0.0056905746,0.11806822,43.242889404296875,33.5253791809082
11,0.059329867,0.094546795,43.242889404296875,33.5253791809082
11,0.31488812,0.11973858,43.242889404296875,33.5253791809082
11,0.24179685,0.12542033,43.242889404296875,33.5253791809082
11,-0.26210642,0.19935632,43.242889404296875,33.5253791809082
11,-0.74488103,0.11399484,43.242889404296875,33.5253791809082
11,-0.8254689,-0.07459378,43.242889404296875,33.5253791809082
11,-0.5061664,-0.1559546,43.242889404296875,33.5253791809082
11,-0.282745,-0.15531611,43.242889404296875,33.5253791809082
11,-0.39885342,0.112048626,43.242889404296875,33.5253791809082
11,-0.6905087,0.061681747,43.242889404296875,33.5253791809082
11,-0.40846443,-0.42552114,43.242889404296875,33.5253791809082
11,0.5281166,0.10984397,43.242889404296875,33.5253791809082
11,0.36140847,0.17201328,43.242889404296875,33.5253791809082
11,0.3778056,0.061306,43.242889404296875,33.5253791809082
11,-0.07186186,0.20025063,43.242889404296875,33.5253791809082
11,-0.27664113,0.15446591,43.242889404296875,33.5253791809082
11,-0.030649304,0.15143847,43.242889404296875,33.5253791809082
11,-0.18513167,0.1582017,43.242889404296875,33.5253791809082
11,0.11835933,0.07692671,43.242889404296875,33.5253791809082
11,0.3264687,0.1191082,43.242889404296875,33.5253791809082
11,-0.30401373,0.12978435,43.242889404296875,33.5253791809082
11,-0.4052112,0.089332104,43.242889404296875,33.5253791809082
11,-0.5186471,0.036690712,43.242889404296875,33.5253791809082
11,-0.5525565,0.013141155,43.242889404296875,33.5253791809082
11,-0.5822134,0.0086836815,43.242889404296875,33.5253791809082
11,-0.5728539,-0.0083351135,43.242889404296875,33.5253791809082
11,-0.5505276,-0.018128157,43.242889404296875,33.5253791809082
11,-0.35622072,0.008446932,43.242889404296875,33.5253791809082
11,-0.33920693,0.018192291,43.242889404296875,33.5253791809082
11,-0.24698365,0.045185804,43.242889404296875,33.5253791809082
11,-0.27161324,-0.04865384,43.242889404296875,33.5253791809082
11,0.76271415,-0.15881205,43.242889404296875,33.5253791809082
11,1.0516193,0.086078644,43.242889404296875,33.5253791809082
11,0.75256634,0.1587007,43.242889404296875,33.5253791809082
11,0.58842635,0.17300296,43.242889404296875,33.5253791809082
11,0.417158,0.12974715,43.242889404296875,33.5253791809082
11,0.425205,0.12301564,43.242889404296875,33.5253791809082
11,-0.046949625,0.105293274,43.242889404296875,33.5253791809082
11,-0.059021592,0.09913421,43.242889404296875,33.5253791809082
11,0.11319685,0.077419996,43.242889404296875,33.5253791809082
11,0.08551407,0.10051513,43.242889404296875,33.5253791809082
11,0.0571146,0.107224464,43.242889404296875,33.5253791809082
11,-0.08721733,0.13526726,43.242889404296875,33.5253791809082
11,-0.14025295,0.12791228,43.242889404296875,33.5253791809082
11,-0.3354628,0.13483238,43.242889404296875,33.5253791809082
11,-0.5022506,0.10206008,43.242889404296875,33.5253791809082
11,-0.5471043,-0.006254196,43.242889404296875,33.5253791809082
11,0.3480128,-0.08481693,43.242889404296875,33.5253791809082
11,-0.073064804,0.22100163,43.242889404296875,33.5253791809082
11,-0.80081815,0.028876066,43.242889404296875,33.5253791809082
11,-0.85591555,-0.119684696,43.242889404296875,33.5253791809082
11,0.009396434,-0.0142502785,43.242889404296875,33.5253791809082
11,0.076441884,-0.090116024,43.242889404296875,33.5253791809082
11,0.16665506,-0.07024789,43.242889404296875,33.5253791809082
11,0.3821274,0.11405778,43.242889404296875,33.5253791809082
11,0.038123846,0.14596272,43.242889404296875,33.5253791809082
11,-0.017571568,0.14114666,43.242889404296875,33.5253791809082
11,-0.34776998,0.09454131,43.242889404296875,33.5253791809082
11,0.22827089,-0.000626564,43.242889404296875,33.5253791809082
11,-0.10246086,-0.015694141,43.242889404296875,33.5253791809082
11,0.15762997,0.07054281,43.242889404296875,33.5253791809082
11,0.50084054,0.06378579,43.242889404296875,33.5253791809082
11,-0.20982623,-0.003972769,43.242889404296875,33.5253791809082
11,-0.053500414,-0.01920867,43.242889404296875,33.5253791809082
11,0.5237783,0.08621049,43.242889404296875,33.5253791809082
11,0.16925764,0.18617535,43.242889404296875,33.5253791809082
11,-0.495736,0.059039593,43.242889404296875,33.5253791809082
11,-0.1785438,0.10294366,43.242889404296875,33.5253791809082
11,-0.22133923,0.09859872,43.242889404296875,33.5253791809082
11,-0.24487877,0.087120295,43.242889404296875,33.5253791809082
11,-0.4485863,0.031077385,43.242889404296875,33.5253791809082
11,-0.47901225,0.026357174,43.242889404296875,33.5253791809082
11,-0.4817447,0.022937775,43.242889404296875,33.5253791809082
11,-0.46659023,0.013300657,43.242889404296875,33.5253791809082
11,-0.44904643,-0.017673254,43.242889404296875,33.5253791809082
11,-0.38531363,0.034366846,43.242889404296875,33.5253791809082
11,-0.4307599,0.039936543,43.242889404296875,33.5253791809082
11,-0.3819158,0.020057678,43.242889404296875,33.5253791809082
11,0.49192023,0.1258452,43.242889404296875,33.5253791809082
11,0.33950746,0.124233484,43.242889404296875,33.5253791809082
11,0.40131855,0.08079338,43.242889404296875,33.5253791809082
11,0.77857184,0.07537246,43.242889404296875,33.5253791809082
11,0.6687732,0.11679816,43.242889404296875,33.5253791809082
11,0.22795701,0.1133399,43.242889404296875,33.5253791809082
11,0.35941064,0.08434796,43.242889404296875,33.5253791809082
11,0.3831998,0.11370802,43.242889404296875,33.5253791809082
11,0.14278722,0.15077305,43.242889404296875,33.5253791809082
11,0.09846568,0.1414113,43.242889404296875,33.5253791809082
11,-0.25627637,0.0884912,43.242889404296875,33.5253791809082
11,-0.31014347,0.07425237,43.242889404296875,33.5253791809082
11,-0.5211469,-0.22954726,43.242889404296875,33.5253791809082
11,-0.31009352,-0.0828166,43.242889404296875,33.5253791809082
11,-0.026461482,0.118881464,43.242889404296875,33.5253791809082
11,-0.0820359,0.117596865,43.242889404296875,33.5253791809082
11,-0.14977455,0.12130308,43.242889404296875,33.5253791809082
11,-0.45071453,0.01422286,43.242889404296875,33.5253791809082
11,-0.236004,-0.012859106,43.242889404296875,33.5253791809082
11,-0.09715533,0.011131763,43.242889404296875,33.5253791809082
11,-0.05290389,0.023090601,43.242889404296875,33.5253791809082
11,0.15101385,0.051468134,43.242889404296875,33.5253791809082
11,0.42533934,-0.10288334,43.242889404296875,33.5253791809082
11,0.5661926,-0.017806292,43.242889404296875,33.5253791809082
11,0.58981633,0.030483484,43.242889404296875,33.5253791809082
11,0.6295574,0.043634415,43.242889404296875,33.5253791809082
11,0.6851616,-0.24839401,43.242889404296875,33.5253791809082
11,0.58821225,-0.16416526,43.242889404296875,33.5253791809082
11,0.8198607,-0.07075405,43.242889404296875,33.5253791809082
11,0.8952563,-0.027783155,43.242889404296875,33.5253791809082
11,1.195565,-0.012938738,43.242889404296875,33.5253791809082
11,1.1238279,0.058543205,43.242889404296875,33.5253791809082
11,1.1412282,0.0414021,43.242889404296875,33.5253791809082
11,1.1690228,0.027987003,43.242889404296875,33.5253791809082
11,1.1673017,-0.29845667,43.242889404296875,33.5253791809082
11,1.1109862,-0.3328941,43.242889404296875,33.5253791809082
11,1.1185868,-0.21604395,43.242889404296875,33.5253791809082
11,1.350749,-0.14691687,43.242889404296875,33.5253791809082
11,1.510205,-0.067764044,43.242889404296875,33.5253791809082
11,1.2920818,0.027155876,43.242889404296875,33.5253791809082
11,0.6393287,0.15550518,43.242889404296875,33.5253791809082
11,0.412822,0.110004425,43.242889404296875,33.5253791809082
11,-0.05491531,0.09424019,43.242889404296875,33.5253791809082
11,-0.5702459,0.058095455,43.242889404296875,33.5253791809082
11,-0.657766,0.03155136,43.242889404296875,33.5253791809082
11,-0.7238908,-0.029763937,43.242889404296875,33.5253791809082
11,-0.9353668,-0.037403345,43.242889404296875,33.5253791809082
11,-0.87675,-0.09972811,43.242889404296875,33.5253791809082
11,-0.33861876,-0.09197354,43.242889404296875,33.5253791809082
11,-0.19917,0.09177804,43.242889404296875,33.5253791809082
11,-0.23872733,0.0777092,43.242889404296875,33.5253791809082
11,-0.1481669,-0.36154532,43.242889404296875,33.5253791809082
11,0.32091022,-0.2850747,43.242889404296875,33.5253791809082
11,0.8039365,0.06614351,43.242889404296875,33.5253791809082
11,0.8321638,0.08044338,43.242889404296875,33.5253791809082
11,0.7949393,0.09170914,43.242889404296875,33.5253791809082
11,1.2775154,-0.05994439,43.242889404296875,33.5253791809082
11,1.2110584,-0.01814866,43.242889404296875,33.5253791809082
11,0.6408961,0.1463201,43.242889404296875,33.5253791809082
11,0.40028572,0.197824,43.242889404296875,33.5253791809082
11,-0.09243631,0.18561578,43.242889404296875,33.5253791809082
11,-0.25183094,-0.06410241,43.242889404296875,33.5253791809082
11,0.2792133,0.014280558,43.242889404296875,33.5253791809082
11,0.34446537,0.1287651,43.242889404296875,33.5253791809082
11,0.22216642,0.12498927,43.242889404296875,33.5253791809082
11,0.07887328,0.15253425,43.242889404296875,33.5253791809082
11,0.024384141,0.13994646,43.242889404296875,33.5253791809082
11,0.22581613,-0.053943396,43.242889404296875,33.5253791809082
11,0.24572575,-0.12448716,43.242889404296875,33.5253791809082
11,0.429821,-0.0956707,43.242889404296875,33.5253791809082
11,0.65216994,0.04512906,43.242889404296875,33.5253791809082
11,0.65744066,0.0019960403,43.242889404296875,33.5253791809082
11,0.8199947,-0.029073715,43.242889404296875,33.5253791809082
11,1.4441509,0.0042266846,43.242889404296875,33.5253791809082
11,0.20725465,0.19307947,43.242889404296875,33.5253791809082
11,0.3493017,-0.15422678,43.242889404296875,33.5253791809082
11,0.981092,-0.33561683,43.242889404296875,33.5253791809082
11,0.98949814,0.056739807,43.242889404296875,33.5253791809082
11,0.8463218,0.10849142,43.242889404296875,33.5253791809082
11,0.9567044,0.04544401,43.242889404296875,33.5253791809082
11,0.87183166,0.11868119,43.242889404296875,33.5253791809082
11,-0.42780542,0.08434749,43.242889404296875,33.5253791809082
11,-0.46558362,0.07417154,43.242889404296875,33.5253791809082
11,-0.5598517,0.05699277,43.242889404296875,33.5253791809082
11,-0.62407434,0.052129507,43.242889404296875,33.5253791809082
11,-0.83653057,-0.0003914833,43.242889404296875,33.5253791809082
11,-0.37815237,-0.10210991,43.242889404296875,33.5253791809082
11,-0.15421593,-0.0131390095,43.242889404296875,33.5253791809082
11,-0.28870678,0.10668039,43.242889404296875,33.5253791809082
11,-0.49976033,0.06918502,43.242889404296875,33.5253791809082
11,-0.8095667,-0.0051631927,43.242889404296875,33.5253791809082
11,0.039744496,-0.10164666,43.242889404296875,33.5253791809082
11,-0.1504221,0.16804671,43.242889404296875,33.5253791809082
11,-0.26766622,0.10564947,43.242889404296875,33.5253791809082
11,-0.34219205,0.10609484,43.242889404296875,33.5253791809082
11,-0.5160165,0.08805752,43.242889404296875,33.5253791809082
11,-0.8644485,-0.0049495697,43.242889404296875,33.5253791809082
11,-0.9322805,-0.047119617,43.242889404296875,33.5253791809082
11,-0.74740624,-0.097798586,43.242889404296875,33.5253791809082
11,-0.66673917,-0.0660975,43.242889404296875,33.5253791809082
11,-0.5770535,-0.022812843,43.242889404296875,33.5253791809082
11,-0.60823196,-0.0066108704,43.242889404296875,33.5253791809082
11,-0.5812941,-0.02411127,43.242889404296875,33.5253791809082
11,-0.18551445,0.011138916,43.242889404296875,33.5253791809082
11,0.019928932,0.066421986,43.242889404296875,33.5253791809082
11,0.01300633,0.0838573,43.242889404296875,33.5253791809082
11,0.03971839,0.07518554,43.242889404296875,33.5253791809082
11,0.31411052,0.10486889,43.242889404296875,33.5253791809082
11,0.39522266,0.08292174,43.242889404296875,33.5253791809082
11,0.5634911,0.0014674664,43.242889404296875,33.5253791809082
11,0.2725041,0.18892145,43.242889404296875,33.5253791809082
11,0.11070514,0.1929357,43.242889404296875,33.5253791809082
11,-0.10275912,0.06962848,43.242889404296875,33.5253791809082
11,-0.0046622753,0.08337593,43.242889404296875,33.5253791809082
11,0.32434916,-0.076327085,43.242889404296875,33.5253791809082
11,0.43612623,-0.035369158,43.242889404296875,33.5253791809082
11,1.025475,0.020195961,43.242889404296875,33.5253791809082
11,0.8444607,0.111634254,43.242889404296875,33.5253791809082
11,0.7027657,0.12438345,43.242889404296875,33.5253791809082
11,0.6339884,0.14020658,43.242889404296875,33.5253791809082
11,0.4529909,0.16054893,43.242889404296875,33.5253791809082
11,0.24037862,-0.1453805,43.242889404296875,33.5253791809082
11,-0.19079947,0.0038704872,43.242889404296875,33.5253791809082
11,-0.0698899,0.031172276,43.242889404296875,33.5253791809082
11,-0.0782578,0.023427248,43.242889404296875,33.5253791809082
11,0.16449618,-0.0910058,43.242889404296875,33.5253791809082
11,0.49533796,-0.13003206,43.242889404296875,33.5253791809082
11,0.96327686,-0.18076825,43.242889404296875,33.5253791809082
11,2.0380428,-0.37967086,43.242889404296875,33.5253791809082
11,2.1335845,-0.61808634,43.242889404296875,33.5253791809082
11,2.1181118,-0.4334712,43.242889404296875,33.5253791809082
11,1.5780542,-0.03719306,43.242889404296875,33.5253791809082
11,1.3069887,0.044074297,43.242889404296875,33.5253791809082
11,0.9304521,0.12261629,43.242889404296875,33.5253791809082
11,0.63570166,0.14532995,43.242889404296875,33.5253791809082
11,0.08426428,0.17066264,43.242889404296875,33.5253791809082
11,-0.30751884,0.12742162,43.242889404296875,33.5253791809082
11,-0.6274607,0.01777172,43.242889404296875,33.5253791809082
11,-0.65410376,0.04074979,43.242889404296875,33.5253791809082
11,-0.8110561,-0.021121502,43.242889404296875,33.5253791809082
11,-0.80392075,-0.058697224,43.242889404296875,33.5253791809082
11,-0.4923864,0.011657238,43.242889404296875,33.5253791809082
11,-0.5053336,0.015469313,43.242889404296875,33.5253791809082
11,-0.41958046,-0.013561487,43.242889404296875,33.5253791809082
11,-0.29288995,-0.036157608,43.242889404296875,33.5253791809082
11,-0.18733478,-0.025053501,43.242889404296875,33.5253791809082
11,-0.19064832,-0.34990358,43.242889404296875,33.5253791809082
11,0.3949623,0.106466055,43.242889404296875,33.5253791809082
11,0.42555642,0.080189705,43.242889404296875,33.5253791809082
11,0.42531836,0.09867096,43.242889404296875,33.5253791809082
11,0.8235483,0.10202885,43.242889404296875,33.5253791809082
11,0.74958897,0.13372445,43.242889404296875,33.5253791809082
11,0.4274578,0.16826725,43.242889404296875,33.5253791809082
11,0.42713022,0.14001703,43.242889404296875,33.5253791809082
11,0.3002764,0.1585424,43.242889404296875,33.5253791809082
11,-0.35753822,-0.23423696,43.242889404296875,33.5253791809082
11,-0.08880615,-0.059326172,43.242889404296875,33.5253791809082
11,0.14200771,0.0096178055,43.242889404296875,33.5253791809082
11,1.2192621,-0.052515507,43.242889404296875,33.5253791809082
11,0.7990842,0.15852451,43.242889404296875,33.5253791809082
11,0.4316088,0.16421723,43.242889404296875,33.5253791809082
11,0.3215289,0.13878965,43.242889404296875,33.5253791809082
11,0.11789036,-0.24860692,43.242889404296875,33.5253791809082
11,0.2849381,0.1322608,43.242889404296875,33.5253791809082
11,0.11767888,0.1460731,43.242889404296875,33.5253791809082
11,-0.14598763,0.1561718,43.242889404296875,33.5253791809082
11,-0.7244935,0.013226032,43.242889404296875,33.5253791809082
11,-0.81711185,-0.023827553,43.242889404296875,33.5253791809082
11,-0.9071746,-0.013686895,43.242889404296875,33.5253791809082
11,-1.1369117,-0.16002059,43.242889404296875,33.5253791809082
11,-0.39704645,-0.11663699,43.242889404296875,33.5253791809082
11,-0.14431858,-0.0590806,43.242889404296875,33.5253791809082
11,-0.24827707,0.11031175,43.242889404296875,33.5253791809082
11,-0.3309828,0.08097315,43.242889404296875,33.5253791809082
11,-0.39440584,0.07091379,43.242889404296875,33.5253791809082
11,-0.59560496,0.034136295,43.242889404296875,33.5253791809082
11,-0.76575786,-0.036639452,43.242889404296875,33.5253791809082
11,-0.7420765,-0.074401855,43.242889404296875,33.5253791809082
11,-0.71298504,-0.055799246,43.242889404296875,33.5253791809082
11,-0.78281915,-0.028411388,43.242889404296875,33.5253791809082
11,-0.17959976,0.06577778,43.242889404296875,33.5253791809082
11,-0.06431496,-0.3691702,43.242889404296875,33.5253791809082
11,0.4607451,0.06227112,43.242889404296875,33.5253791809082
11,0.4713509,0.09183836,43.242889404296875,33.5253791809082
11,0.69407964,0.042517424,43.242889404296875,33.5253791809082
11,0.500358,0.06801748,43.242889404296875,33.5253791809082
11,0.5088872,0.10373926,43.242889404296875,33.5253791809082
11,0.28438103,-0.027315855,43.242889404296875,33.5253791809082
11,0.3290378,0.007693529,43.242889404296875,33.5253791809082
11,0.22080779,0.1327188,43.242889404296875,33.5253791809082
11,0.1775204,0.12571502,43.242889404296875,33.5253791809082
11,0.2701155,0.09127164,43.242889404296875,33.5253791809082
11,0.40815926,0.06732297,43.242889404296875,33.5253791809082
11,0.47362757,0.06372762,43.242889404296875,33.5253791809082
11,0.09805858,0.13973165,43.242889404296875,33.5253791809082
11,-0.2939893,0.09360051,43.242889404296875,33.5253791809082
11,-0.32669604,0.08173013,43.242889404296875,33.5253791809082
11,-0.74444056,-0.12625742,43.242889404296875,33.5253791809082
11,-0.6350318,-0.053612947,43.242889404296875,33.5253791809082
11,-0.5945801,-0.052649975,43.242889404296875,33.5253791809082
11,-0.50494385,-0.065942764,43.242889404296875,33.5253791809082
11,-0.375718,-0.07676983,43.242889404296875,33.5253791809082
11,-0.20670748,-0.03655553,43.242889404296875,33.5253791809082
11,-0.28798234,-0.24395967,43.242889404296875,33.5253791809082
11,0.058017373,0.1270101,43.242889404296875,33.5253791809082
11,-0.31434453,0.09033418,43.242889404296875,33.5253791809082
11,-0.06803274,0.028609753,43.242889404296875,33.5253791809082
11,0.094221115,0.054972887,43.242889404296875,33.5253791809082
11,0.19684505,0.11941671,43.242889404296875,33.5253791809082
11,0.1156193,0.07736349,43.242889404296875,33.5253791809082
11,0.20347118,-0.028662682,43.242889404296875,33.5253791809082
11,0.4265417,0.10037279,43.242889404296875,33.5253791809082
11,0.27757657,0.06585288,43.242889404296875,33.5253791809082
11,0.304955,0.026129007,43.242889404296875,33.5253791809082
11,0.7741411,0.102157354,43.242889404296875,33.5253791809082
11,0.57843137,0.14867449,43.242889404296875,33.5253791809082
11,0.5976546,0.11676645,43.242889404296875,33.5253791809082
11,0.14126706,0.15631294,43.242889404296875,33.5253791809082
11,0.1394217,0.11225915,43.242889404296875,33.5253791809082
11,0.15109122,0.08111763,43.242889404296875,33.5253791809082
11,0.37136865,0.085185766,43.242889404296875,33.5253791809082
11,0.4923849,0.15757775,43.242889404296875,33.5253791809082
11,0.10445464,0.14871764,43.242889404296875,33.5253791809082
11,0.17687893,0.056206226,43.242889404296875,33.5253791809082
11,0.18676746,0.09844661,43.242889404296875,33.5253791809082
11,-0.04822886,0.13470268,43.242889404296875,33.5253791809082
11,0.19476998,0.10779858,43.242889404296875,33.5253791809082
11,-0.39396417,0.08604002,43.242889404296875,33.5253791809082
11,-0.4697054,0.032106876,43.242889404296875,33.5253791809082
11,-0.2845683,-0.003371954,43.242889404296875,33.5253791809082
11,-0.19157445,0.029073954,43.242889404296875,33.5253791809082
11,-0.16431248,0.037659645,43.242889404296875,33.5253791809082
11,0.2157315,-0.2457161,43.242889404296875,33.5253791809082
11,0.43019986,-0.04434061,43.242889404296875,33.5253791809082
11,0.21756017,0.112953186,43.242889404296875,33.5253791809082
11,0.23591447,0.09681988,43.242889404296875,33.5253791809082
11,0.021645427,0.15229917,43.242889404296875,33.5253791809082
11,-0.081282616,0.099435806,43.242889404296875,33.5253791809082
11,-0.15241253,0.10660863,43.242889404296875,33.5253791809082
11,-0.114581466,0.0629127,43.242889404296875,33.5253791809082
11,-0.0718081,0.095719576,43.242889404296875,33.5253791809082
11,-0.12713146,0.10459161,43.242889404296875,33.5253791809082
11,-0.7805865,0.100051165,43.242889404296875,33.5253791809082
11,-0.2491082,-0.06782317,43.242889404296875,33.5253791809082
11,-0.33940625,0.06373954,43.242889404296875,33.5253791809082
11,-0.42113388,0.048802614,43.242889404296875,33.5253791809082
11,-0.36642325,0.00042295456,43.242889404296875,33.5253791809082
11,-0.5500331,0.082218885,43.242889404296875,33.5253791809082
11,-0.075205445,0.04047346,43.242889404296875,33.5253791809082
11,-0.026495337,0.074216366,43.242889404296875,33.5253791809082
11,-0.059692264,0.09383702,43.242889404296875,33.5253791809082
11,-0.058243275,0.089012384,43.242889404296875,33.5253791809082
11,-0.095858455,0.079254866,43.242889404296875,33.5253791809082
11,-0.11021185,0.07881117,43.242889404296875,33.5253791809082
11,-0.1273129,0.0829587,43.242889404296875,33.5253791809082
11,-0.124754906,0.07725716,43.242889404296875,33.5253791809082
11,-0.015839815,0.057244778,43.242889404296875,33.5253791809082
11,-0.0037431717,-0.27647448,43.242889404296875,33.5253791809082
11,0.25579572,-0.10490918,43.242889404296875,33.5253791809082
11,0.55731,-0.06634998,43.242889404296875,33.5253791809082
11,1.2453103,-0.08236551,43.242889404296875,33.5253791809082
11,1.4525461,-0.02908516,43.242889404296875,33.5253791809082
11,1.4034855,-0.17080021,43.242889404296875,33.5253791809082
11,1.2996368,0.011329651,43.242889404296875,33.5253791809082
11,0.2090596,0.1541481,43.242889404296875,33.5253791809082
11,0.12743294,0.14510703,43.242889404296875,33.5253791809082
11,-0.5228995,0.10585618,43.242889404296875,33.5253791809082
11,-0.8560103,0.029335499,43.242889404296875,33.5253791809082
11,-0.6033222,-0.19862366,43.242889404296875,33.5253791809082
11,-0.29996157,-0.09824324,43.242889404296875,33.5253791809082
11,-0.16645348,0.05772209,43.242889404296875,33.5253791809082
11,-0.26396942,0.08876681,43.242889404296875,33.5253791809082
11,-0.32283914,0.04860878,43.242889404296875,33.5253791809082
11,-0.32822037,0.0525136,43.242889404296875,33.5253791809082
11,-0.27661526,0.045487165,43.242889404296875,33.5253791809082
11,-0.2920879,0.054990053,43.242889404296875,33.5253791809082
11,0.4208486,-0.07827735,43.242889404296875,33.5253791809082
11,0.6339958,-0.014804602,43.242889404296875,33.5253791809082
11,0.6503048,-0.061294794,43.242889404296875,33.5253791809082
11,-0.034058332,0.14716458,43.242889404296875,33.5253791809082
11,-0.39377153,0.10295677,43.242889404296875,33.5253791809082
11,-0.5707364,0.052560568,43.242889404296875,33.5253791809082
11,-0.5750989,0.04460478,43.242889404296875,33.5253791809082
11,-0.45484698,-0.24749875,43.242889404296875,33.5253791809082
11,-0.26459503,-0.15638328,43.242889404296875,33.5253791809082
11,-0.13679099,-0.109959364,43.242889404296875,33.5253791809082
11,0.07987237,-0.033323526,43.242889404296875,33.5253791809082
11,-0.050352454,0.12954807,43.242889404296875,33.5253791809082
11,-0.2951039,0.09320855,43.242889404296875,33.5253791809082
11,0.33056414,0.110759735,43.242889404296875,33.5253791809082
11,0.38005304,0.007153511,43.242889404296875,33.5253791809082
11,-0.7760476,-0.042135954,43.242889404296875,33.5253791809082
11,1.5225408,-0.13143682,43.242889404296875,33.5253791809082
11,1.5235023,-0.06477523,43.242889404296875,33.5253791809082
11,1.1771183,0.0660305,43.242889404296875,33.5253791809082
12,-0.4811241,0.008653879,35.93455505371094,26.445579528808594
12,-0.4882015,0.012561321,35.93455505371094,26.445579528808594
12,-0.4918049,0.011482,35.93455505371094,26.445579528808594
12,-0.5898299,0.011002302,35.93455505371094,26.445579528808594
12,-0.61824197,-0.006165266,35.93455505371094,26.445579528808594
12,-0.57713884,-0.044685602,35.93455505371094,26.445579528808594
12,-0.5352028,-0.049105167,35.93455505371094,26.445579528808594
12,-0.31586707,-0.28576398,35.93455505371094,26.445579528808594
12,0.5589471,-0.14367676,35.93455505371094,26.445579528808594
12,0.7893095,0.09411645,35.93455505371094,26.445579528808594
12,0.759341,0.093094826,35.93455505371094,26.445579528808594
12,0.6212363,0.109960556,35.93455505371094,26.445579528808594
12,0.46713793,0.12562728,35.93455505371094,26.445579528808594
12,0.23430121,0.13606668,35.93455505371094,26.445579528808594
12,0.016968608,0.12956595,35.93455505371094,26.445579528808594
12,-0.06513417,0.1164453,35.93455505371094,26.445579528808594
12,-0.35492253,0.080907345,35.93455505371094,26.445579528808594
12,-0.43874288,0.064264774,35.93455505371094,26.445579528808594
12,-0.6772994,0.009520292,35.93455505371094,26.445579528808594
12,-0.7209513,0.00094127655,35.93455505371094,26.445579528808594
12,-0.5631811,-0.08178854,35.93455505371094,26.445579528808594
12,0.9712553,0.009294033,35.93455505371094,26.445579528808594
12,0.78475523,0.11168647,35.93455505371094,26.445579528808594
12,0.40048993,0.1326611,35.93455505371094,26.445579528808594
12,0.14579535,0.13135386,35.93455505371094,26.445579528808594
12,-0.059833765,0.11255407,35.93455505371094,26.445579528808594
12,-0.10107994,0.10946298,35.93455505371094,26.445579528808594
12,-0.3310678,0.06700206,35.93455505371094,26.445579528808594
12,-0.052672267,-0.07601142,35.93455505371094,26.445579528808594
12,0.25949287,0.081135035,35.93455505371094,26.445579528808594
12,0.20514584,0.10166478,35.93455505371094,26.445579528808594
12,-0.23281562,0.08207941,35.93455505371094,26.445579528808594
12,-0.15342784,0.038646698,35.93455505371094,26.445579528808594
12,-0.049071074,0.01618886,35.93455505371094,26.445579528808594
12,-0.101020455,0.07750511,35.93455505371094,26.445579528808594
12,-0.102024436,0.07313299,35.93455505371094,26.445579528808594
12,-0.27594543,0.06368208,35.93455505371094,26.445579528808594
12,-0.28857446,0.058733463,35.93455505371094,26.445579528808594
12,-0.32792962,0.050692797,35.93455505371094,26.445579528808594
12,-0.17178345,0.025668621,35.93455505371094,26.445579528808594
12,-0.14251232,0.06571269,35.93455505371094,26.445579528808594
12,-0.1954509,0.07922459,35.93455505371094,26.445579528808594
12,-0.17493951,0.053073406,35.93455505371094,26.445579528808594
12,-0.07687402,0.060007334,35.93455505371094,26.445579528808594
12,-0.039529085,0.06298494,35.93455505371094,26.445579528808594
12,0.0068941116,0.054689646,35.93455505371094,26.445579528808594
12,0.2509749,0.11027408,35.93455505371094,26.445579528808594
12,0.288391,0.10438347,35.93455505371094,26.445579528808594
12,0.29519582,0.11068034,35.93455505371094,26.445579528808594
12,0.2280178,0.1145761,35.93455505371094,26.445579528808594
12,0.21481657,0.11466932,35.93455505371094,26.445579528808594
12,0.14458537,0.115662575,35.93455505371094,26.445579528808594
12,0.12836587,0.11339474,35.93455505371094,26.445579528808594
12,-0.018317223,0.10419655,35.93455505371094,26.445579528808594
12,-0.14059007,0.0885272,35.93455505371094,26.445579528808594
12,-0.19862986,0.10068798,35.93455505371094,26.445579528808594
12,-0.36221707,0.053882122,35.93455505371094,26.445579528808594
12,-0.5760111,0.021883488,35.93455505371094,26.445579528808594
12,-0.74077046,-0.04671526,35.93455505371094,26.445579528808594
12,-0.77642727,-0.092066765,35.93455505371094,26.445579528808594
12,-0.097756505,-0.18097043,35.93455505371094,26.445579528808594
12,0.060658693,0.09108853,35.93455505371094,26.445579528808594
12,0.032360554,0.08703303,35.93455505371094,26.445579528808594
12,-0.03420651,0.098349094,35.93455505371094,26.445579528808594
12,-0.28313196,0.037364244,35.93455505371094,26.445579528808594
12,-0.0646615,0.0554204,35.93455505371094,26.445579528808594
12,-0.073646426,0.065252066,35.93455505371094,26.445579528808594
12,-0.052417397,0.06693697,35.93455505371094,26.445579528808594
12,-0.08610082,0.075948,35.93455505371094,26.445579528808594
12,-0.11488676,0.067341805,35.93455505371094,26.445579528808594
12,-0.26834917,0.07115817,35.93455505371094,26.445579528808594
12,-0.5449017,0.00252676,35.93455505371094,26.445579528808594
12,-0.5533029,-0.0013651848,35.93455505371094,26.445579528808594
12,-0.6891664,-0.028518915,35.93455505371094,26.445579528808594
12,-0.79599905,-0.24805832,35.93455505371094,26.445579528808594
12,-0.24689472,-0.0452168,35.93455505371094,26.445579528808594
12,-0.5198303,0.054517508,35.93455505371094,26.445579528808594
12,-0.8715166,0.06166005,35.93455505371094,26.445579528808594
12,-1.1985825,-0.11706376,35.93455505371094,26.445579528808594
12,-1.2173902,-0.26186633,35.93455505371094,26.445579528808594
12,-1.1868129,-0.19156456,35.93455505371094,26.445579528808594
12,-0.9320832,-0.26956558,35.93455505371094,26.445579528808594
12,0.14680862,-0.08625603,35.93455505371094,26.445579528808594
12,0.33719778,0.042637587,35.93455505371094,26.445579528808594
12,0.41288567,0.01670742,35.93455505371094,26.445579528808594
12,0.31317687,0.11441851,35.93455505371094,26.445579528808594
12,-0.59391505,-0.04548216,35.93455505371094,26.445579528808594
12,-0.52777797,-0.028822899,35.93455505371094,26.445579528808594
12,-0.41553557,-0.0062758923,35.93455505371094,26.445579528808594
12,-0.40430737,0.0061483383,35.93455505371094,26.445579528808594
12,-0.043082118,0.04068017,35.93455505371094,26.445579528808594
12,0.03670931,0.057931423,35.93455505371094,26.445579528808594
12,0.097925544,0.09215641,35.93455505371094,26.445579528808594
12,0.20973408,0.100229025,35.93455505371094,26.445579528808594
12,0.23868084,0.091903925,35.93455505371094,26.445579528808594
12,0.40793216,0.018512487,35.93455505371094,26.445579528808594
12,-0.24249506,0.14303946,35.93455505371094,26.445579528808594
12,-0.31117928,0.12919688,35.93455505371094,26.445579528808594
12,-0.35744917,0.07771993,35.93455505371094,26.445579528808594
12,-0.41245806,0.044161797,35.93455505371094,26.445579528808594
12,-0.8576701,-0.03723693,35.93455505371094,26.445579528808594
12,-0.45908135,0.015195608,35.93455505371094,26.445579528808594
12,-0.6331684,-0.037549734,35.93455505371094,26.445579528808594
12,-0.69260406,-0.012734413,35.93455505371094,26.445579528808594
12,-0.59816533,-0.21893287,35.93455505371094,26.445579528808594
12,-0.83343416,-0.26205707,35.93455505371094,26.445579528808594
12,-0.64143544,-0.08925295,35.93455505371094,26.445579528808594
12,-0.35896468,-0.003585577,35.93455505371094,26.445579528808594
12,-0.30282104,0.019592524,35.93455505371094,26.445579528808594
12,-0.3801068,0.024896383,35.93455505371094,26.445579528808594
12,-0.42389846,0.041920185,35.93455505371094,26.445579528808594
12,-0.31105828,-0.0064969063,35.93455505371094,26.445579528808594
12,-0.27533424,0.024796963,35.93455505371094,26.445579528808594
12,-0.26918638,0.02982235,35.93455505371094,26.445579528808594
12,0.19193101,0.064626694,35.93455505371094,26.445579528808594
12,0.07279515,-0.17721105,35.93455505371094,26.445579528808594
12,0.03100872,0.033643007,35.93455505371094,26.445579528808594
12,0.24112916,0.065331936,35.93455505371094,26.445579528808594
12,0.427678,0.0626533,35.93455505371094,26.445579528808594
12,-0.10507095,0.15096498,35.93455505371094,26.445579528808594
12,-0.717035,0.050813198,35.93455505371094,26.445579528808594
12,-0.5519698,-0.09130955,35.93455505371094,26.445579528808594
12,-0.77628404,0.032342196,35.93455505371094,26.445579528808594
12,-0.5897757,-0.04754591,35.93455505371094,26.445579528808594
12,-0.5843804,-0.040802717,35.93455505371094,26.445579528808594
12,-0.5885741,-0.03286934,35.93455505371094,26.445579528808594
12,-0.509146,-0.035750628,35.93455505371094,26.445579528808594
12,-0.5136008,-0.016105413,35.93455505371094,26.445579528808594
12,-0.5274579,-0.0053207874,35.93455505371094,26.445579528808594
12,-0.50138515,-0.02336359,35.93455505371094,26.445579528808594
12,-0.46849108,-0.009268999,35.93455505371094,26.445579528808594
12,-0.13903892,0.0018277168,35.93455505371094,26.445579528808594
12,0.3773297,0.107019424,35.93455505371094,26.445579528808594
12,0.15654564,0.14958215,35.93455505371094,26.445579528808594
12,0.116090655,0.13906837,35.93455505371094,26.445579528808594
12,-0.4122926,0.06075692,35.93455505371094,26.445579528808594
12,-0.4517042,0.049015522,35.93455505371094,26.445579528808594
12,-0.5003674,0.04896927,35.93455505371094,26.445579528808594
12,-1.1082494,-0.15228438,35.93455505371094,26.445579528808594
12,-1.1236546,-0.17861629,35.93455505371094,26.445579528808594
12,-1.1163284,-0.18553686,35.93455505371094,26.445579528808594
12,-0.6090282,-0.17376423,35.93455505371094,26.445579528808594
12,0.032841563,0.059698343,35.93455505371094,26.445579528808594
12,0.04662645,0.06383228,35.93455505371094,26.445579528808594
12,0.00844872,0.08469343,35.93455505371094,26.445579528808594
12,-0.0007981062,0.08184457,35.93455505371094,26.445579528808594
12,-0.0153490305,0.07161784,35.93455505371094,26.445579528808594
12,-0.013648868,0.07974815,35.93455505371094,26.445579528808594
12,-0.028771639,0.077847004,35.93455505371094,26.445579528808594
12,-0.07075286,0.04058647,35.93455505371094,26.445579528808594
12,0.6200452,0.11093426,35.93455505371094,26.445579528808594
12,0.28651488,0.1303854,35.93455505371094,26.445579528808594
12,-0.010694623,0.11195254,35.93455505371094,26.445579528808594
12,-0.21845675,0.10568762,35.93455505371094,26.445579528808594
12,-0.6536407,-0.13179159,35.93455505371094,26.445579528808594
12,-0.033694983,-0.0012176037,35.93455505371094,26.445579528808594
12,-0.056469202,0.03454256,35.93455505371094,26.445579528808594
12,0.12347865,0.03421402,35.93455505371094,26.445579528808594
12,0.57795525,0.051989555,35.93455505371094,26.445579528808594
12,0.70534515,0.08847356,35.93455505371094,26.445579528808594
12,0.7126434,0.07135248,35.93455505371094,26.445579528808594
12,1.0102341,0.1055069,35.93455505371094,26.445579528808594
12,0.29841304,0.18394327,35.93455505371094,26.445579528808594
12,0.18098354,0.08944225,35.93455505371094,26.445579528808594
12,0.2558713,0.073052645,35.93455505371094,26.445579528808594
12,0.2859887,0.076147795,35.93455505371094,26.445579528808594
12,0.16768634,0.11222267,35.93455505371094,26.445579528808594
12,-0.15414906,0.11178994,35.93455505371094,26.445579528808594
12,-0.2376709,0.0971601,35.93455505371094,26.445579528808594
12,-0.888338,-0.052271605,35.93455505371094,26.445579528808594
12,-1.1347555,-0.14576912,35.93455505371094,26.445579528808594
12,-1.1661735,-0.15462923,35.93455505371094,26.445579528808594
12,-1.3959126,-0.26697493,35.93455505371094,26.445579528808594
12,-1.4269716,-0.28679967,35.93455505371094,26.445579528808594
12,-1.412846,-0.31207538,35.93455505371094,26.445579528808594
12,-1.4329293,-0.3097086,35.93455505371094,26.445579528808594
12,-0.4175563,-0.25994372,35.93455505371094,26.445579528808594
12,0.03152919,-0.045378923,35.93455505371094,26.445579528808594
12,0.29252172,0.083111286,35.93455505371094,26.445579528808594
12,-0.023386836,0.092081785,35.93455505371094,26.445579528808594
12,-0.16942787,-0.14280248,35.93455505371094,26.445579528808594
12,0.2871592,0.0012841225,35.93455505371094,26.445579528808594
12,0.6270492,0.07949448,35.93455505371094,26.445579528808594
12,0.49872327,0.104677916,35.93455505371094,26.445579528808594
12,-0.45079452,0.06846571,35.93455505371094,26.445579528808594
12,-0.5054463,0.057947636,35.93455505371094,26.445579528808594
12,-0.43051016,-0.04044342,35.93455505371094,26.445579528808594
12,-0.3491428,-0.008705139,35.93455505371094,26.445579528808594
12,-0.32458735,0.017798662,35.93455505371094,26.445579528808594
12,-0.48905218,0.018202782,35.93455505371094,26.445579528808594
12,-0.60570365,0.020765066,35.93455505371094,26.445579528808594
12,-0.72810304,-0.03047514,35.93455505371094,26.445579528808594
12,-0.68682563,-0.032284975,35.93455505371094,26.445579528808594
12,-0.287848,-0.025863647,35.93455505371094,26.445579528808594
12,-0.5876012,0.09174323,35.93455505371094,26.445579528808594
12,-0.5965965,-0.05502963,35.93455505371094,26.445579528808594
12,-0.2242136,-0.04742527,35.93455505371094,26.445579528808594
12,-0.31701744,-0.08748078,35.93455505371094,26.445579528808594
12,-0.3104806,0.0036780834,35.93455505371094,26.445579528808594
12,-1.0492831,-0.016808987,35.93455505371094,26.445579528808594
12,-1.0072361,-0.18336344,35.93455505371094,26.445579528808594
12,-0.29178298,-0.17944574,35.93455505371094,26.445579528808594
12,0.17909276,-0.11766434,35.93455505371094,26.445579528808594
12,0.34008706,0.15811491,35.93455505371094,26.445579528808594
12,0.16860938,0.14285088,35.93455505371094,26.445579528808594
12,-0.28970003,0.11918354,35.93455505371094,26.445579528808594
12,-0.86514497,-0.029343605,35.93455505371094,26.445579528808594
12,-0.8956378,-0.051479578,35.93455505371094,26.445579528808594
12,-1.0242021,-0.08878207,35.93455505371094,26.445579528808594
12,-1.0017787,-0.12419486,35.93455505371094,26.445579528808594
12,-1.0949969,-0.16952777,35.93455505371094,26.445579528808594
12,-1.0467664,-0.16043091,35.93455505371094,26.445579528808594
12,-1.040347,-0.1692388,35.93455505371094,26.445579528808594
12,-0.32654333,-0.07545066,35.93455505371094,26.445579528808594
12,-0.14811385,0.060127497,35.93455505371094,26.445579528808594
12,-0.09744668,0.058112383,35.93455505371094,26.445579528808594
12,-0.14456415,0.07484269,35.93455505371094,26.445579528808594
12,-0.14630783,0.07298875,35.93455505371094,26.445579528808594
12,-0.45383406,0.048435688,35.93455505371094,26.445579528808594
12,-0.5771145,0.0135781765,35.93455505371094,26.445579528808594
12,-0.71817464,-0.0020551682,35.93455505371094,26.445579528808594
12,-0.88307047,-0.16225576,35.93455505371094,26.445579528808594
12,-0.87798774,-0.13858938,35.93455505371094,26.445579528808594
12,-0.89352787,-0.122189045,35.93455505371094,26.445579528808594
12,-0.8914251,-0.12303734,35.93455505371094,26.445579528808594
12,-0.8300502,-0.1105814,35.93455505371094,26.445579528808594
12,-0.8398316,-0.08486605,35.93455505371094,26.445579528808594
12,-0.587941,-0.30580688,35.93455505371094,26.445579528808594
12,0.03627813,-0.059592247,35.93455505371094,26.445579528808594
12,0.19724059,-0.064743996,35.93455505371094,26.445579528808594
12,0.51808405,-0.05625224,35.93455505371094,26.445579528808594
12,0.63454676,-0.044277906,35.93455505371094,26.445579528808594
12,0.7999778,0.02442789,35.93455505371094,26.445579528808594
12,0.4534253,0.11973572,35.93455505371094,26.445579528808594
12,-0.027146697,0.06306076,35.93455505371094,26.445579528808594
12,0.6137471,0.028579235,35.93455505371094,26.445579528808594
12,0.69366455,0.027307749,35.93455505371094,26.445579528808594
12,0.7695005,0.04626274,35.93455505371094,26.445579528808594
12,0.9791763,0.00039625168,35.93455505371094,26.445579528808594
12,-0.53714585,-0.007869244,35.93455505371094,26.445579528808594
12,-0.6036908,-0.0011379719,35.93455505371094,26.445579528808594
12,-0.7564539,-0.0026726723,35.93455505371094,26.445579528808594
12,-1.259511,-0.22483063,35.93455505371094,26.445579528808594
12,-1.0997685,-0.24580741,35.93455505371094,26.445579528808594
12,-0.79398155,-0.20880985,35.93455505371094,26.445579528808594
12,0.14742804,0.005615711,35.93455505371094,26.445579528808594
12,0.10158312,0.046017647,35.93455505371094,26.445579528808594
12,0.12185395,0.09479976,35.93455505371094,26.445579528808594
12,-0.12986338,0.15346384,35.93455505371094,26.445579528808594
12,-0.36534917,0.12784743,35.93455505371094,26.445579528808594
12,0.281659,0.0456841,35.93455505371094,26.445579528808594
12,0.38300693,0.027540684,35.93455505371094,26.445579528808594
12,0.48944795,0.01163435,35.93455505371094,26.445579528808594
12,0.27914715,0.12688088,35.93455505371094,26.445579528808594
12,0.09353149,0.14135098,35.93455505371094,26.445579528808594
12,0.12928283,0.0951221,35.93455505371094,26.445579528808594
12,0.10290861,0.10911608,35.93455505371094,26.445579528808594
12,0.0917896,0.10367417,35.93455505371094,26.445579528808594
12,0.38212347,0.122929096,35.93455505371094,26.445579528808594
12,0.44799137,0.106140375,35.93455505371094,26.445579528808594
12,0.3585379,0.10402179,35.93455505371094,26.445579528808594
12,0.36534297,0.099359274,35.93455505371094,26.445579528808594
12,0.35578966,0.110299826,35.93455505371094,26.445579528808594
12,-0.01846981,0.14481592,35.93455505371094,26.445579528808594
12,0.0162251,0.106863976,35.93455505371094,26.445579528808594
12,-0.2093414,0.097093105,35.93455505371094,26.445579528808594
12,-0.8625491,-0.07443547,35.93455505371094,26.445579528808594
12,-0.7692615,-0.12501836,35.93455505371094,26.445579528808594
12,-0.58396304,-0.11564994,35.93455505371094,26.445579528808594
12,-0.26935685,-0.02206564,35.93455505371094,26.445579528808594
12,0.16079462,-0.07123113,35.93455505371094,26.445579528808594
12,0.22931635,0.13213205,35.93455505371094,26.445579528808594
12,0.034534574,0.12662792,35.93455505371094,26.445579528808594
12,-0.09866214,-0.03386855,35.93455505371094,26.445579528808594
12,-0.15383005,0.031033754,35.93455505371094,26.445579528808594
12,0.10070205,0.06404257,35.93455505371094,26.445579528808594
12,0.082713366,0.07346296,35.93455505371094,26.445579528808594
12,0.18981206,-0.0037710667,35.93455505371094,26.445579528808594
12,-0.62692505,-0.03776002,35.93455505371094,26.445579528808594
12,-0.6209773,-0.03464079,35.93455505371094,26.445579528808594
12,-0.61121076,-0.03758192,35.93455505371094,26.445579528808594
12,-0.59530675,-0.034445524,35.93455505371094,26.445579528808594
12,-0.5195148,-0.03541398,35.93455505371094,26.445579528808594
12,-0.26312613,0.028598547,35.93455505371094,26.445579528808594
12,-0.2709793,0.035336256,35.93455505371094,26.445579528808594
12,-0.26497054,0.033034325,35.93455505371094,26.445579528808594
12,-0.25761497,0.036993027,35.93455505371094,26.445579528808594
12,-0.3038627,0.05723548,35.93455505371094,26.445579528808594
12,-0.3233701,0.025068998,35.93455505371094,26.445579528808594
12,-0.50188357,0.020552158,35.93455505371094,26.445579528808594
12,-0.51662016,0.014083147,35.93455505371094,26.445579528808594
12,-0.56831807,0.005294323,35.93455505371094,26.445579528808594
12,-0.5783572,-0.0007560253,35.93455505371094,26.445579528808594
12,-0.25533354,-0.14175892,35.93455505371094,26.445579528808594
12,0.11125934,-0.05686307,35.93455505371094,26.445579528808594
12,0.23359668,-0.048246622,35.93455505371094,26.445579528808594
12,0.8422723,-0.021062136,35.93455505371094,26.445579528808594
12,1.2130625,-0.027386904,35.93455505371094,26.445579528808594
12,1.2704341,0.0015788078,35.93455505371094,26.445579528808594
12,0.8679924,0.1473906,35.93455505371094,26.445579528808594
12,0.59950376,0.21949005,35.93455505371094,26.445579528808594
12,0.48653185,0.103428364,35.93455505371094,26.445579528808594
12,0.7465296,0.096399784,35.93455505371094,26.445579528808594
12,0.772311,0.058795214,35.93455505371094,26.445579528808594
12,-0.2664919,0.18423486,35.93455505371094,26.445579528808594
12,-0.637739,0.05694318,35.93455505371094,26.445579528808594
12,-0.9060653,-0.20500183,35.93455505371094,26.445579528808594
12,-0.66641617,-0.11241722,35.93455505371094,26.445579528808594
12,-0.63505137,-0.04262209,35.93455505371094,26.445579528808594
12,-0.6111581,-0.015664339,35.93455505371094,26.445579528808594
12,-0.6782922,-0.024489641,35.93455505371094,26.445579528808594
12,-0.6929445,-0.03238201,35.93455505371094,26.445579528808594
12,-0.68614787,-0.046477318,35.93455505371094,26.445579528808594
12,-0.7098701,-0.050557613,35.93455505371094,26.445579528808594
12,-0.70870036,-0.05197239,35.93455505371094,26.445579528808594
12,-0.7420357,-0.036543846,35.93455505371094,26.445579528808594
12,-0.67669576,-0.075929165,35.93455505371094,26.445579528808594
12,-0.47938055,-0.016241074,35.93455505371094,26.445579528808594
12,-0.3984809,-0.026270151,35.93455505371094,26.445579528808594
12,-0.30432403,-0.03890443,35.93455505371094,26.445579528808594
12,-0.21121645,0.015160799,35.93455505371094,26.445579528808594
12,-0.26631236,0.05010271,35.93455505371094,26.445579528808594
12,-0.12528634,0.03839135,35.93455505371094,26.445579528808594
12,-0.043735266,0.05210328,35.93455505371094,26.445579528808594
12,0.054246068,-0.21935296,35.93455505371094,26.445579528808594
12,1.1893013,-0.10896492,35.93455505371094,26.445579528808594
12,1.3520648,-0.054723978,35.93455505371094,26.445579528808594
12,0.88786006,0.10959816,35.93455505371094,26.445579528808594
12,0.32298005,0.18088698,35.93455505371094,26.445579528808594
12,-0.40798295,0.11078048,35.93455505371094,26.445579528808594
12,-1.0972418,-0.28224564,35.93455505371094,26.445579528808594
12,-1.1923348,-0.28518295,35.93455505371094,26.445579528808594
12,-0.85442173,-0.29661608,35.93455505371094,26.445579528808594
12,-0.427248,-0.16146111,35.93455505371094,26.445579528808594
12,0.28561568,-0.098526955,35.93455505371094,26.445579528808594
12,0.39242804,-0.031018496,35.93455505371094,26.445579528808594
12,-1.1156623,-0.03615594,35.93455505371094,26.445579528808594
12,-0.5354624,0.0035676956,35.93455505371094,26.445579528808594
12,-0.7311762,0.0059916973,35.93455505371094,26.445579528808594
12,-0.9458263,-0.052573204,35.93455505371094,26.445579528808594
12,-0.45251703,-0.11876273,35.93455505371094,26.445579528808594
12,-0.37763333,0.038822412,35.93455505371094,26.445579528808594
12,-0.62497437,-0.1668756,35.93455505371094,26.445579528808594
12,-0.38033497,-0.34712362,35.93455505371094,26.445579528808594
12,0.6401336,-0.12295556,35.93455505371094,26.445579528808594
12,0.84626174,-0.13665819,35.93455505371094,26.445579528808594
12,1.0482664,0.029055595,35.93455505371094,26.445579528808594
12,0.8989513,0.075647354,35.93455505371094,26.445579528808594
12,0.9700384,0.065335274,35.93455505371094,26.445579528808594
12,0.6417506,0.13258076,35.93455505371094,26.445579528808594
12,0.4052639,0.12948608,35.93455505371094,26.445579528808594
12,0.32911265,0.14865875,35.93455505371094,26.445579528808594
12,-0.2740717,0.10274267,35.93455505371094,26.445579528808594
12,-0.70791274,-0.023597002,35.93455505371094,26.445579528808594
12,-0.7153933,-0.045803547,35.93455505371094,26.445579528808594
12,-0.6646431,-0.059948683,35.93455505371094,26.445579528808594
12,-0.6582985,-0.05274558,35.93455505371094,26.445579528808594
12,-0.6852708,-0.046653748,35.93455505371094,26.445579528808594
12,-0.70501465,-0.056832314,35.93455505371094,26.445579528808594
12,-0.63979214,-0.040979147,35.93455505371094,26.445579528808594
12,-0.478581,-0.003565073,35.93455505371094,26.445579528808594
12,-0.46705186,0.025906324,35.93455505371094,26.445579528808594
12,-0.06440961,0.020408392,35.93455505371094,26.445579528808594
12,-0.00701952,0.04994583,35.93455505371094,26.445579528808594
12,-0.015867114,0.0804162,35.93455505371094,26.445579528808594
12,-0.025205135,0.08431864,35.93455505371094,26.445579528808594
12,-0.044340372,0.08994293,35.93455505371094,26.445579528808594
12,-0.08860588,0.089247465,35.93455505371094,26.445579528808594
12,-0.1099838,0.08967066,35.93455505371094,26.445579528808594
12,-0.18975198,0.07994318,35.93455505371094,26.445579528808594
12,-0.3054602,0.07369232,35.93455505371094,26.445579528808594
12,-0.3434273,0.056024313,35.93455505371094,26.445579528808594
12,-0.41491246,0.024234533,35.93455505371094,26.445579528808594
12,-0.5408146,-0.15710258,35.93455505371094,26.445579528808594
12,0.56233096,0.055392504,35.93455505371094,26.445579528808594
12,0.09326804,0.13609147,35.93455505371094,26.445579528808594
12,-0.15935051,0.116841316,35.93455505371094,26.445579528808594
12,-0.24510276,0.10353947,35.93455505371094,26.445579528808594
12,-0.34865785,0.08202577,35.93455505371094,26.445579528808594
12,-0.49905133,0.042142868,35.93455505371094,26.445579528808594
12,-0.0877316,-0.12132478,35.93455505371094,26.445579528808594
12,0.035636663,-0.08568835,35.93455505371094,26.445579528808594
12,0.22871137,-0.031341076,35.93455505371094,26.445579528808594
12,0.3437122,0.027487516,35.93455505371094,26.445579528808594
12,0.39556956,0.053103685,35.93455505371094,26.445579528808594
12,0.28698528,0.09933448,35.93455505371094,26.445579528808594
12,-0.35702538,0.09572363,35.93455505371094,26.445579528808594
12,-0.63024336,0.018419981,35.93455505371094,26.445579528808594
12,-0.95585334,-0.101305485,35.93455505371094,26.445579528808594
12,-1.076019,-0.33436942,35.93455505371094,26.445579528808594
12,-1.0090295,-0.29679704,35.93455505371094,26.445579528808594
12,-0.6222731,-0.116945505,35.93455505371094,26.445579528808594
12,-0.15828133,-0.052193403,35.93455505371094,26.445579528808594
12,-0.05704975,-0.048658133,35.93455505371094,26.445579528808594
12,0.05811262,-0.043919325,35.93455505371094,26.445579528808594
12,0.31848085,0.087346554,35.93455505371094,26.445579528808594
12,0.807431,0.06841087,35.93455505371094,26.445579528808594
12,0.7909384,0.0841074,35.93455505371094,26.445579528808594
12,0.6891093,0.089604616,35.93455505371094,26.445579528808594
12,0.66280603,0.10202122,35.93455505371094,26.445579528808594
13,-0.45984507,0.0043890476,26.88846206665039,20.96714973449707
13,-0.46586692,0.0053048134,26.88846206665039,20.96714973449707
13,-0.47012115,0.0035207272,26.88846206665039,20.96714973449707
13,-0.46953714,0.002667427,26.88846206665039,20.96714973449707
13,-0.59079236,-0.0064616203,26.88846206665039,20.96714973449707
13,-0.633791,-0.01185298,26.88846206665039,20.96714973449707
13,-0.61777127,-0.036601543,26.88846206665039,20.96714973449707
13,-0.61005723,-0.039232492,26.88846206665039,20.96714973449707
13,-0.54514563,-0.039989233,26.88846206665039,20.96714973449707
13,-0.4942587,-0.02340436,26.88846206665039,20.96714973449707
13,-0.31027043,-0.015004873,26.88846206665039,20.96714973449707
13,-0.16833532,-0.017374754,26.88846206665039,20.96714973449707
13,-0.037044644,0.016750574,26.88846206665039,20.96714973449707
13,0.3310299,0.04064989,26.88846206665039,20.96714973449707
13,0.3309375,0.08230758,26.88846206665039,20.96714973449707
13,0.2869197,0.09474182,26.88846206665039,20.96714973449707
13,0.23318875,0.078407764,26.88846206665039,20.96714973449707
13,0.21527028,0.09182954,26.88846206665039,20.96714973449707
13,0.17487407,0.103336096,26.88846206665039,20.96714973449707
13,-0.063631535,0.10233617,26.88846206665039,20.96714973449707
13,-0.09031379,0.004365921,26.88846206665039,20.96714973449707
13,-0.03836584,0.026640177,26.88846206665039,20.96714973449707
13,0.13236177,0.007871389,26.88846206665039,20.96714973449707
13,0.33048117,0.0642674,26.88846206665039,20.96714973449707
13,-0.04559493,0.09339476,26.88846206665039,20.96714973449707
13,-0.10149932,0.09167099,26.88846206665039,20.96714973449707
13,-0.41714883,0.06351256,26.88846206665039,20.96714973449707
13,-0.7460069,-0.0386796,26.88846206665039,20.96714973449707
13,-0.76250863,-0.05656886,26.88846206665039,20.96714973449707
13,-0.3391521,0.001850605,26.88846206665039,20.96714973449707
13,-0.23951185,-0.02327013,26.88846206665039,20.96714973449707
13,0.42690635,-0.2718761,26.88846206665039,20.96714973449707
13,0.6792736,-0.008365154,26.88846206665039,20.96714973449707
13,0.7381177,0.038354397,26.88846206665039,20.96714973449707
13,0.94661736,0.01217103,26.88846206665039,20.96714973449707
13,0.8904395,0.051100492,26.88846206665039,20.96714973449707
13,0.7277014,0.08272815,26.88846206665039,20.96714973449707
13,0.45109987,0.12335205,26.88846206665039,20.96714973449707
13,0.33020318,0.093886614,26.88846206665039,20.96714973449707
13,0.31746173,0.09671497,26.88846206665039,20.96714973449707
13,0.21558666,0.09611201,26.88846206665039,20.96714973449707
13,0.10999465,0.09073424,26.88846206665039,20.96714973449707
13,0.047974467,0.09950304,26.88846206665039,20.96714973449707
13,0.03802252,0.09244776,26.88846206665039,20.96714973449707
13,0.02637589,0.09083891,26.88846206665039,20.96714973449707
13,-0.25558782,0.07897568,26.88846206665039,20.96714973449707
13,-0.27667272,0.06920004,26.88846206665039,20.96714973449707
13,-0.3138833,0.057326794,26.88846206665039,20.96714973449707
13,-0.33175993,0.052736044,26.88846206665039,20.96714973449707
13,-0.33083475,0.03332925,26.88846206665039,20.96714973449707
13,-0.31817007,0.027606726,26.88846206665039,20.96714973449707
13,-0.4040475,0.018286467,26.88846206665039,20.96714973449707
13,-0.44277424,0.025826931,26.88846206665039,20.96714973449707
13,-0.6288385,-0.04926634,26.88846206665039,20.96714973449707
13,-0.5928488,-0.049841642,26.88846206665039,20.96714973449707
13,-0.58861816,-0.034297466,26.88846206665039,20.96714973449707
13,-0.57409704,-0.037982702,26.88846206665039,20.96714973449707
13,-0.55759907,-0.037282944,26.88846206665039,20.96714973449707
13,-0.16352546,-0.014448166,26.88846206665039,20.96714973449707
13,-0.119187355,0.02917862,26.88846206665039,20.96714973449707
13,0.45191097,0.015354395,26.88846206665039,20.96714973449707
13,0.48259425,0.046862125,26.88846206665039,20.96714973449707
13,0.49114203,0.068241835,26.88846206665039,20.96714973449707
13,0.5055163,0.07096052,26.88846206665039,20.96714973449707
13,0.42010844,0.09509897,26.88846206665039,20.96714973449707
13,0.38134956,0.09972572,26.88846206665039,20.96714973449707
13,0.37363505,0.09600639,26.88846206665039,20.96714973449707
13,0.34714258,0.10330939,26.88846206665039,20.96714973449707
13,0.30638254,0.09869814,26.88846206665039,20.96714973449707
13,0.29108584,0.09873843,26.88846206665039,20.96714973449707
13,0.18708372,0.10608673,26.88846206665039,20.96714973449707
13,0.018193483,0.10034227,26.88846206665039,20.96714973449707
13,-0.09931302,0.08641434,26.88846206665039,20.96714973449707
13,0.017413855,0.06409025,26.88846206665039,20.96714973449707
13,-0.1600244,0.07758999,26.88846206665039,20.96714973449707
13,-0.23293531,0.053290606,26.88846206665039,20.96714973449707
13,-0.24709153,-0.13394856,26.88846206665039,20.96714973449707
13,-0.17743468,-0.03398013,26.88846206665039,20.96714973449707
13,-0.081328034,-0.0054647923,26.88846206665039,20.96714973449707
13,0.2495631,-0.018021584,26.88846206665039,20.96714973449707
13,0.51707244,-0.004098654,26.88846206665039,20.96714973449707
13,0.5094522,0.086285114,26.88846206665039,20.96714973449707
13,0.5130708,0.07915807,26.88846206665039,20.96714973449707
13,1.2061145,-0.04247856,26.88846206665039,20.96714973449707
13,1.1942358,-0.020417452,26.88846206665039,20.96714973449707
13,0.18448067,0.1430707,26.88846206665039,20.96714973449707
13,-0.3399279,0.19990206,26.88846206665039,20.96714973449707
13,-0.80291826,0.063167095,26.88846206665039,20.96714973449707
13,-0.99861413,-0.008574486,26.88846206665039,20.96714973449707
13,-1.0591933,-0.18370676,26.88846206665039,20.96714973449707
13,0.037391305,0.082399845,26.88846206665039,20.96714973449707
13,0.002413988,0.08825517,26.88846206665039,20.96714973449707
13,-0.31279564,0.09050512,26.88846206665039,20.96714973449707
13,-0.31281495,0.043303728,26.88846206665039,20.96714973449707
13,-0.27854633,0.03041768,26.88846206665039,20.96714973449707
13,-0.31802547,0.039489746,26.88846206665039,20.96714973449707
13,-0.4499023,0.010963678,26.88846206665039,20.96714973449707
13,-0.5061384,0.021819115,26.88846206665039,20.96714973449707
13,-0.509097,-0.012726307,26.88846206665039,20.96714973449707
13,-0.5370638,-0.013422489,26.88846206665039,20.96714973449707
13,-0.5217284,-0.012685537,26.88846206665039,20.96714973449707
13,-0.49924135,-0.014760971,26.88846206665039,20.96714973449707
13,-0.6090093,-0.009227514,26.88846206665039,20.96714973449707
13,-0.46312505,-0.01751542,26.88846206665039,20.96714973449707
13,-0.36911952,-0.005300045,26.88846206665039,20.96714973449707
13,-0.3298154,0.0007646084,26.88846206665039,20.96714973449707
13,-0.053802848,0.010694981,26.88846206665039,20.96714973449707
13,0.12857044,-0.056758642,26.88846206665039,20.96714973449707
13,0.3855462,0.0007801056,26.88846206665039,20.96714973449707
13,0.42909753,0.021477222,26.88846206665039,20.96714973449707
13,0.899529,0.04864669,26.88846206665039,20.96714973449707
13,0.50718975,0.14135575,26.88846206665039,20.96714973449707
13,0.5083176,0.10718298,26.88846206665039,20.96714973449707
13,0.24483728,0.13133717,26.88846206665039,20.96714973449707
13,0.1811626,0.11090112,26.88846206665039,20.96714973449707
13,0.06327534,0.1116004,26.88846206665039,20.96714973449707
13,-0.11752546,0.09152889,26.88846206665039,20.96714973449707
13,-0.1812551,0.083488464,26.88846206665039,20.96714973449707
13,-0.2420603,0.075550556,26.88846206665039,20.96714973449707
13,-0.3775897,0.046850204,26.88846206665039,20.96714973449707
13,-0.43290925,0.031136513,26.88846206665039,20.96714973449707
13,-0.41806984,-0.19641113,26.88846206665039,20.96714973449707
13,-0.3583336,-0.13508058,26.88846206665039,20.96714973449707
13,-0.3437209,0.035341263,26.88846206665039,20.96714973449707
13,-0.5924906,-0.0044920444,26.88846206665039,20.96714973449707
13,-0.6050243,-0.01262784,26.88846206665039,20.96714973449707
13,-0.60455525,-0.034263372,26.88846206665039,20.96714973449707
13,-0.28935122,0.0064401627,26.88846206665039,20.96714973449707
13,-0.3294978,0.01869464,26.88846206665039,20.96714973449707
13,-0.10208607,0.04843092,26.88846206665039,20.96714973449707
13,-0.15896714,0.07720566,26.88846206665039,20.96714973449707
13,-0.21933687,0.03523016,26.88846206665039,20.96714973449707
13,-0.20496213,0.03686714,26.88846206665039,20.96714973449707
13,-0.2704655,0.053362608,26.88846206665039,20.96714973449707
13,-0.24732935,0.021180391,26.88846206665039,20.96714973449707
13,-0.23078048,0.024825096,26.88846206665039,20.96714973449707
13,-0.21500957,0.027740479,26.88846206665039,20.96714973449707
13,-0.19217765,0.037578344,26.88846206665039,20.96714973449707
13,-0.20844567,0.045572758,26.88846206665039,20.96714973449707
13,-0.22425294,0.052311182,26.88846206665039,20.96714973449707
13,-0.2796104,0.050022125,26.88846206665039,20.96714973449707
13,-0.20941186,0.032142162,26.88846206665039,20.96714973449707
13,-0.19189262,0.051623583,26.88846206665039,20.96714973449707
13,0.04225576,0.017171383,26.88846206665039,20.96714973449707
13,0.037400007,0.060391903,26.88846206665039,20.96714973449707
13,0.059613705,0.09408927,26.88846206665039,20.96714973449707
13,0.06834519,0.07538724,26.88846206665039,20.96714973449707
13,0.07806349,0.07352781,26.88846206665039,20.96714973449707
13,0.07821834,0.07407069,26.88846206665039,20.96714973449707
13,0.07250595,0.07989502,26.88846206665039,20.96714973449707
13,0.06774604,0.07816434,26.88846206665039,20.96714973449707
13,-0.08416748,0.08804035,26.88846206665039,20.96714973449707
13,-0.1526823,0.023571014,26.88846206665039,20.96714973449707
13,-0.13120067,0.014884949,26.88846206665039,20.96714973449707
13,-0.077884674,0.06420112,26.88846206665039,20.96714973449707
13,-0.04605043,0.08277464,26.88846206665039,20.96714973449707
13,0.09632242,0.055943012,26.88846206665039,20.96714973449707
13,0.06285024,0.016142607,26.88846206665039,20.96714973449707
13,0.14088047,0.069260836,26.88846206665039,20.96714973449707
13,-0.2616421,0.05919242,26.88846206665039,20.96714973449707
13,-0.25260413,0.02617383,26.88846206665039,20.96714973449707
13,-0.15162015,-0.026842833,26.88846206665039,20.96714973449707
13,0.08835578,-0.030688286,26.88846206665039,20.96714973449707
13,0.39049745,0.06726265,26.88846206665039,20.96714973449707
13,-0.08355117,0.11834788,26.88846206665039,20.96714973449707
13,-0.21410799,0.08990407,26.88846206665039,20.96714973449707
13,-0.33286285,0.08711624,26.88846206665039,20.96714973449707
13,-0.7676537,-0.30149722,26.88846206665039,20.96714973449707
13,-0.1895206,-0.22055626,26.88846206665039,20.96714973449707
13,0.21888256,-0.14414024,26.88846206665039,20.96714973449707
13,0.43662977,0.061640263,26.88846206665039,20.96714973449707
13,0.4761517,0.04904771,26.88846206665039,20.96714973449707
13,0.32693207,0.12655568,26.88846206665039,20.96714973449707
13,-0.29723704,0.10479522,26.88846206665039,20.96714973449707
13,-0.23424637,0.019637346,26.88846206665039,20.96714973449707
13,-0.13011444,0.033504486,26.88846206665039,20.96714973449707
13,-0.017989278,0.05073476,26.88846206665039,20.96714973449707
13,-0.04537356,0.071861744,26.88846206665039,20.96714973449707
13,-0.04231608,0.06530118,26.88846206665039,20.96714973449707
13,-0.039057136,0.069218874,26.88846206665039,20.96714973449707
13,-0.06670785,0.07757616,26.88846206665039,20.96714973449707
13,0.0021010637,0.057442665,26.88846206665039,20.96714973449707
13,0.0507375,0.0831275,26.88846206665039,20.96714973449707
13,-0.019172192,0.07635403,26.88846206665039,20.96714973449707
13,-0.010154724,0.0713706,26.88846206665039,20.96714973449707
13,-0.38548744,0.046404123,26.88846206665039,20.96714973449707
13,-0.47784674,0.033367395,26.88846206665039,20.96714973449707
13,-0.5666965,0.007829666,26.88846206665039,20.96714973449707
13,-0.5443754,-0.012393475,26.88846206665039,20.96714973449707
13,-0.5260524,-0.016183853,26.88846206665039,20.96714973449707
13,-0.52824396,-0.009796143,26.88846206665039,20.96714973449707
13,-0.53158355,-0.008960247,26.88846206665039,20.96714973449707
13,-0.42340112,-0.027082682,26.88846206665039,20.96714973449707
13,-0.3263706,0.0011239052,26.88846206665039,20.96714973449707
13,-0.110722065,0.072576046,26.88846206665039,20.96714973449707
13,0.07371688,0.028222322,26.88846206665039,20.96714973449707
13,0.22637796,0.00046396255,26.88846206665039,20.96714973449707
13,-0.33362997,0.07502842,26.88846206665039,20.96714973449707
13,-0.39051056,0.029347897,26.88846206665039,20.96714973449707
13,-0.076188326,0.003120184,26.88846206665039,20.96714973449707
13,-0.50150114,-0.0052473545,26.88846206665039,20.96714973449707
13,-0.50860554,0.0005571842,26.88846206665039,20.96714973449707
13,0.22103167,-0.06538463,26.88846206665039,20.96714973449707
13,0.30447268,-0.030809402,26.88846206665039,20.96714973449707
13,0.10903716,0.065020084,26.88846206665039,20.96714973449707
13,0.026507258,0.09514117,26.88846206665039,20.96714973449707
13,-0.33018756,0.05045867,26.88846206665039,20.96714973449707
13,-0.38745284,0.0474236,26.88846206665039,20.96714973449707
13,-0.43116152,0.038529158,26.88846206665039,20.96714973449707
13,-0.64811647,-0.11064434,26.88846206665039,20.96714973449707
13,-0.022344232,-0.093667746,26.88846206665039,20.96714973449707
13,0.30897462,-0.029381752,26.88846206665039,20.96714973449707
13,0.5079545,-0.0030970573,26.88846206665039,20.96714973449707
13,0.89042306,-0.011877537,26.88846206665039,20.96714973449707
13,0.7593372,0.07598305,26.88846206665039,20.96714973449707
13,0.592576,-0.17671585,26.88846206665039,20.96714973449707
13,0.63608027,-0.04312253,26.88846206665039,20.96714973449707
13,0.6376674,0.012925148,26.88846206665039,20.96714973449707
13,0.54108405,0.09350133,26.88846206665039,20.96714973449707
13,0.5092534,0.10005307,26.88846206665039,20.96714973449707
13,0.5049244,0.09346199,26.88846206665039,20.96714973449707
13,0.4966966,0.087265015,26.88846206665039,20.96714973449707
13,0.43728423,0.09817171,26.88846206665039,20.96714973449707
13,0.19903862,0.14344311,26.88846206665039,20.96714973449707
13,0.018759727,0.14648294,26.88846206665039,20.96714973449707
13,-0.6011419,0.022158384,26.88846206665039,20.96714973449707
13,-0.7098616,-0.031069279,26.88846206665039,20.96714973449707
13,-0.6796722,-0.049340725,26.88846206665039,20.96714973449707
13,-0.70733476,-0.044386625,26.88846206665039,20.96714973449707
13,-0.7897415,-0.078924894,26.88846206665039,20.96714973449707
13,-0.820176,-0.08059883,26.88846206665039,20.96714973449707
13,-0.76147544,-0.08843064,26.88846206665039,20.96714973449707
13,-0.73750156,-0.07573748,26.88846206665039,20.96714973449707
13,-0.712334,-0.063381195,26.88846206665039,20.96714973449707
13,-0.71414036,-0.063529015,26.88846206665039,20.96714973449707
13,-0.73818064,-0.05499935,26.88846206665039,20.96714973449707
13,-0.75056905,-0.07038975,26.88846206665039,20.96714973449707
13,-0.70387596,-0.065231085,26.88846206665039,20.96714973449707
13,-0.68595004,-0.06826615,26.88846206665039,20.96714973449707
13,-0.61370105,-0.061857224,26.88846206665039,20.96714973449707
13,-0.47304672,-0.03008461,26.88846206665039,20.96714973449707
13,-0.53877383,-0.015568018,26.88846206665039,20.96714973449707
13,-0.52703184,-0.01808381,26.88846206665039,20.96714973449707
13,-0.59227705,-0.020463705,26.88846206665039,20.96714973449707
13,-0.6136152,-0.031115294,26.88846206665039,20.96714973449707
13,-0.5983957,-0.03766036,26.88846206665039,20.96714973449707
13,-0.47008502,-0.06322861,26.88846206665039,20.96714973449707
13,-0.29415786,-0.050397396,26.88846206665039,20.96714973449707
13,-0.13286185,-0.019318342,26.88846206665039,20.96714973449707
13,-0.025086641,0.022631884,26.88846206665039,20.96714973449707
13,0.052042365,0.05218935,26.88846206665039,20.96714973449707
13,0.13351727,0.09233236,26.88846206665039,20.96714973449707
13,-0.539734,-0.0067210197,26.88846206665039,20.96714973449707
13,-0.5967058,-0.0864408,26.88846206665039,20.96714973449707
13,-0.6589304,-0.11345434,26.88846206665039,20.96714973449707
13,-0.29239702,-0.15298104,26.88846206665039,20.96714973449707
13,-0.10282838,-0.14165306,26.88846206665039,20.96714973449707
13,0.059550643,-0.110426664,26.88846206665039,20.96714973449707
13,0.7329948,0.07191086,26.88846206665039,20.96714973449707
13,0.5382794,0.089767694,26.88846206665039,20.96714973449707
13,0.2945286,0.15737724,26.88846206665039,20.96714973449707
13,0.14745867,0.1723876,26.88846206665039,20.96714973449707
13,0.17664444,0.044309616,26.88846206665039,20.96714973449707
13,0.1759727,0.050046682,26.88846206665039,20.96714973449707
13,-0.045048714,0.12189603,26.88846206665039,20.96714973449707
13,-0.4212643,0.043353796,26.88846206665039,20.96714973449707
13,-0.4946295,0.0019052029,26.88846206665039,20.96714973449707
13,-0.2851237,-0.03619337,26.88846206665039,20.96714973449707
13,0.15346265,0.0442338,26.88846206665039,20.96714973449707
13,-0.15317762,0.061890364,26.88846206665039,20.96714973449707
13,-0.115547895,0.05494976,26.88846206665039,20.96714973449707
13,-0.39693332,0.05681467,26.88846206665039,20.96714973449707
13,-0.58579606,-0.007222891,26.88846206665039,20.96714973449707
13,-0.6016198,-0.018064737,26.88846206665039,20.96714973449707
13,-0.6156697,-0.01896596,26.88846206665039,20.96714973449707
13,-0.50863737,-0.059857607,26.88846206665039,20.96714973449707
13,-0.40846825,-0.032945395,26.88846206665039,20.96714973449707
13,-0.3246442,-0.019425869,26.88846206665039,20.96714973449707
13,-0.55497265,-0.018273592,26.88846206665039,20.96714973449707
13,-0.54359275,-0.020901203,26.88846206665039,20.96714973449707
13,-0.54670733,-0.010658979,26.88846206665039,20.96714973449707
13,-0.5284931,-0.018223047,26.88846206665039,20.96714973449707
13,-0.63506824,-0.022503853,26.88846206665039,20.96714973449707
13,-0.6629742,-0.029266834,26.88846206665039,20.96714973449707
13,0.27284586,0.008195877,26.88846206665039,20.96714973449707
13,1.0749147,-0.007974625,26.88846206665039,20.96714973449707
13,1.3445475,-0.057088375,26.88846206665039,20.96714973449707
13,1.1528738,0.04206133,26.88846206665039,20.96714973449707
13,1.0241144,0.07930374,26.88846206665039,20.96714973449707
13,0.435714,0.11989617,26.88846206665039,20.96714973449707
13,-0.15031052,0.110201836,26.88846206665039,20.96714973449707
13,-0.452343,0.077105284,26.88846206665039,20.96714973449707
13,-0.48181385,0.057861567,26.88846206665039,20.96714973449707
13,-0.49889636,0.04135537,26.88846206665039,20.96714973449707
13,-0.6228673,-0.24509668,26.88846206665039,20.96714973449707
13,-0.43771672,-0.11894727,26.88846206665039,20.96714973449707
13,-0.48792028,-0.0050485134,26.88846206665039,20.96714973449707
13,-0.32300115,0.04092312,26.88846206665039,20.96714973449707
13,-0.16630709,-0.025302172,26.88846206665039,20.96714973449707
13,0.119796515,0.008444786,26.88846206665039,20.96714973449707
13,0.15763795,0.039956808,26.88846206665039,20.96714973449707
13,0.11541915,0.068663836,26.88846206665039,20.96714973449707
13,0.048243046,0.10052395,26.88846206665039,20.96714973449707
13,-0.39227557,0.099927664,26.88846206665039,20.96714973449707
13,-0.454467,0.07972956,26.88846206665039,20.96714973449707
13,-0.78224516,-0.013581991,26.88846206665039,20.96714973449707
13,-0.39286327,-0.005594492,26.88846206665039,20.96714973449707
13,-0.4061947,-0.009524822,26.88846206665039,20.96714973449707
13,-0.3396666,-0.026226759,26.88846206665039,20.96714973449707
13,-0.115891576,-0.2607956,26.88846206665039,20.96714973449707
13,0.25421977,-0.10803175,26.88846206665039,20.96714973449707
13,0.4290582,0.056731462,26.88846206665039,20.96714973449707
13,0.2768396,0.11911368,26.88846206665039,20.96714973449707
13,0.19443417,0.12786746,26.88846206665039,20.96714973449707
13,0.23102796,0.086055994,26.88846206665039,20.96714973449707
13,0.3660643,0.03679371,26.88846206665039,20.96714973449707
13,0.4490198,0.0764153,26.88846206665039,20.96714973449707
13,0.35447645,0.13186026,26.88846206665039,20.96714973449707
13,0.13525116,0.07594156,26.88846206665039,20.96714973449707
13,0.10522294,0.08039904,26.88846206665039,20.96714973449707
13,-0.38730383,0.025154352,26.88846206665039,20.96714973449707
13,-0.42874348,0.01749587,26.88846206665039,20.96714973449707
13,-0.42730403,-0.002464056,26.88846206665039,20.96714973449707
13,-0.47442263,0.0005187988,26.88846206665039,20.96714973449707
13,-0.47308564,0.013105869,26.88846206665039,20.96714973449707
13,-0.7832471,-0.04107499,26.88846206665039,20.96714973449707
13,-0.30186892,-0.031042099,26.88846206665039,20.96714973449707
13,-0.1515466,-0.039672136,26.88846206665039,20.96714973449707
13,-0.14526463,0.0038974285,26.88846206665039,20.96714973449707
13,-0.13183415,0.015089989,26.88846206665039,20.96714973449707
13,-0.006866455,0.046957016,26.88846206665039,20.96714973449707
13,0.22960114,0.050832987,26.88846206665039,20.96714973449707
13,0.29798055,0.093921185,26.88846206665039,20.96714973449707
13,0.29901695,0.08644652,26.88846206665039,20.96714973449707
13,0.28694844,0.07868123,26.88846206665039,20.96714973449707
13,-0.09071624,0.12405515,26.88846206665039,20.96714973449707
13,-0.04786563,0.08474517,26.88846206665039,20.96714973449707
13,0.19988036,0.05514288,26.88846206665039,20.96714973449707
13,0.15962398,0.08201313,26.88846206665039,20.96714973449707
13,0.14036918,0.0494318,26.88846206665039,20.96714973449707
13,0.11546135,0.07990694,26.88846206665039,20.96714973449707
13,0.049429417,0.07410216,26.88846206665039,20.96714973449707
13,0.0702728,0.06774688,26.88846206665039,20.96714973449707
13,-0.48431295,0.013691664,26.88846206665039,20.96714973449707
13,-0.48378658,-0.018843174,26.88846206665039,20.96714973449707
13,0.13401389,-0.055892944,26.88846206665039,20.96714973449707
13,0.42918456,-0.01854086,26.88846206665039,20.96714973449707
13,0.25868702,0.007119179,26.88846206665039,20.96714973449707
13,0.23379362,0.050396442,26.88846206665039,20.96714973449707
13,-0.18173373,0.047830105,26.88846206665039,20.96714973449707
13,-0.0107934475,-0.0039918423,26.88846206665039,20.96714973449707
13,0.04911673,0.0072026253,26.88846206665039,20.96714973449707
13,0.3938427,0.07946348,26.88846206665039,20.96714973449707
13,0.39236617,0.07784414,26.88846206665039,20.96714973449707
13,0.43030047,0.064706326,26.88846206665039,20.96714973449707
13,0.4017818,0.11128116,26.88846206665039,20.96714973449707
13,0.34323692,0.107631445,26.88846206665039,20.96714973449707
13,0.16348815,0.100030184,26.88846206665039,20.96714973449707
13,-0.117005825,0.07046914,26.88846206665039,20.96714973449707
13,-0.23404753,0.0711081,26.88846206665039,20.96714973449707
13,-0.3112712,0.04930997,26.88846206665039,20.96714973449707
13,-0.30017376,0.037739277,26.88846206665039,20.96714973449707
13,-0.32852077,0.030477047,26.88846206665039,20.96714973449707
13,-0.32676768,0.029143095,26.88846206665039,20.96714973449707
13,-0.3308437,0.027988434,26.88846206665039,20.96714973449707
13,-0.3232838,0.024219275,26.88846206665039,20.96714973449707
13,-0.50601757,0.031305075,26.88846206665039,20.96714973449707
13,-0.47416735,-0.0032014847,26.88846206665039,20.96714973449707
13,-0.48655486,-0.00093626976,26.88846206665039,20.96714973449707
13,-0.58820564,0.0064151287,26.88846206665039,20.96714973449707
13,-0.6849254,-0.017830372,26.88846206665039,20.96714973449707
13,-0.67345905,-0.072086334,26.88846206665039,20.96714973449707
13,-0.54414123,-0.076990366,26.88846206665039,20.96714973449707
13,-0.24466503,-0.0063500404,26.88846206665039,20.96714973449707
13,-0.16960299,0.0027623177,26.88846206665039,20.96714973449707
13,0.35854328,0.057323456,26.88846206665039,20.96714973449707
13,0.3692547,0.06455088,26.88846206665039,20.96714973449707
13,0.34316063,0.08743906,26.88846206665039,20.96714973449707
13,0.20073652,0.129143,26.88846206665039,20.96714973449707
13,0.10674977,0.09589529,26.88846206665039,20.96714973449707
13,-0.027890801,0.058214426,26.88846206665039,20.96714973449707
13,-0.019507289,0.059018373,26.88846206665039,20.96714973449707
13,-0.07385266,0.07998061,26.88846206665039,20.96714973449707
13,-0.12436271,0.0756402,26.88846206665039,20.96714973449707
13,-0.124628425,0.06566572,26.88846206665039,20.96714973449707
13,-0.02914679,0.07119608,26.88846206665039,20.96714973449707
13,-0.10489559,0.0788846,26.88846206665039,20.96714973449707
13,0.34498787,0.04334092,26.88846206665039,20.96714973449707
13,0.22286582,0.098210335,26.88846206665039,20.96714973449707
13,0.18136,0.08577871,26.88846206665039,20.96714973449707
13,-0.09067035,0.10180831,26.88846206665039,20.96714973449707
13,-0.1379335,0.09349656,26.88846206665039,20.96714973449707
13,0.078648806,0.049215555,26.88846206665039,20.96714973449707
13,-0.18418694,0.0684638,26.88846206665039,20.96714973449707
13,-0.24638593,0.059203148,26.88846206665039,20.96714973449707
13,-0.4568078,0.03453517,26.88846206665039,20.96714973449707
13,0.2356844,-0.039468527,26.88846206665039,20.96714973449707
13,0.10305691,0.042745113,26.88846206665039,20.96714973449707
13,0.1314925,0.07365489,26.88846206665039,20.96714973449707
13,-0.14847875,0.06286073,26.88846206665039,20.96714973449707
14,-0.55047,-0.048373938,31.03340721130371,32.21022415161133
14,-0.5568329,-0.023840427,31.03340721130371,32.21022415161133
14,-0.55940676,-0.026867628,31.03340721130371,32.21022415161133
14,-0.60524195,-0.028531075,31.03340721130371,32.21022415161133
14,-0.1103816,0.08147693,31.03340721130371,32.21022415161133
14,-0.5600088,-0.012274027,31.03340721130371,32.21022415161133
14,-0.63962615,-0.01371789,31.03340721130371,32.21022415161133
14,-0.31474853,0.0026595592,31.03340721130371,32.21022415161133
14,-0.2802993,0.03947544,31.03340721130371,32.21022415161133
14,-0.303321,0.041989803,31.03340721130371,32.21022415161133
14,-0.25905836,-0.032414198,31.03340721130371,32.21022415161133
14,-0.065772176,-0.070791006,31.03340721130371,32.21022415161133
14,0.14193428,-0.02176404,31.03340721130371,32.21022415161133
14,0.025636315,0.09450388,31.03340721130371,32.21022415161133
14,-0.8297346,0.027235031,31.03340721130371,32.21022415161133
14,-1.337812,-0.1420455,31.03340721130371,32.21022415161133
14,-1.4492762,-0.19168735,31.03340721130371,32.21022415161133
14,-0.8871929,-0.104435444,31.03340721130371,32.21022415161133
14,-0.9053927,-0.10469842,31.03340721130371,32.21022415161133
14,-0.7939845,-0.15484428,31.03340721130371,32.21022415161133
14,-0.6228047,-0.105793476,31.03340721130371,32.21022415161133
14,-0.31494796,0.00047183037,31.03340721130371,32.21022415161133
14,-0.23579884,0.0032715797,31.03340721130371,32.21022415161133
14,-0.2068224,0.019133091,31.03340721130371,32.21022415161133
14,-0.18740106,0.047544956,31.03340721130371,32.21022415161133
14,0.022795796,0.1520865,31.03340721130371,32.21022415161133
14,-0.49119192,0.07315898,31.03340721130371,32.21022415161133
14,-0.7214159,-0.031566143,31.03340721130371,32.21022415161133
14,-0.79980487,-0.054258823,31.03340721130371,32.21022415161133
14,-0.8421365,-0.05590868,31.03340721130371,32.21022415161133
14,-0.861143,-0.06965828,31.03340721130371,32.21022415161133
14,-0.8214064,-0.09759617,31.03340721130371,32.21022415161133
14,-0.6661265,-0.037224293,31.03340721130371,32.21022415161133
14,-0.32175446,-0.31330848,31.03340721130371,32.21022415161133
14,-0.0019972324,-0.08347702,31.03340721130371,32.21022415161133
14,-0.17026973,0.056884527,31.03340721130371,32.21022415161133
14,-0.12894619,0.046893835,31.03340721130371,32.21022415161133
14,-0.10867238,0.051796198,31.03340721130371,32.21022415161133
14,-0.12262428,0.060543776,31.03340721130371,32.21022415161133
14,-0.21358538,0.067858934,31.03340721130371,32.21022415161133
14,-0.09525466,0.019579887,31.03340721130371,32.21022415161133
14,-0.03169191,0.079713106,31.03340721130371,32.21022415161133
14,-0.6761208,0.039913177,31.03340721130371,32.21022415161133
14,-0.94795126,-0.008959055,31.03340721130371,32.21022415161133
14,-0.9119839,-0.14187717,31.03340721130371,32.21022415161133
14,-0.96079224,-0.117649555,31.03340721130371,32.21022415161133
14,-0.67839956,-0.19152164,31.03340721130371,32.21022415161133
14,-0.5999568,-0.17078638,31.03340721130371,32.21022415161133
14,-0.53683126,-0.13596964,31.03340721130371,32.21022415161133
14,-0.47076833,0.0031599998,31.03340721130371,32.21022415161133
14,-0.6771791,0.018468618,31.03340721130371,32.21022415161133
14,-1.0256705,-0.1102438,31.03340721130371,32.21022415161133
14,-0.9502076,-0.15216398,31.03340721130371,32.21022415161133
14,-0.7549517,-0.14936233,31.03340721130371,32.21022415161133
14,-0.22845995,0.01669383,31.03340721130371,32.21022415161133
14,-0.6451869,0.0035710335,31.03340721130371,32.21022415161133
14,-0.78716636,-0.0579319,31.03340721130371,32.21022415161133
14,-0.75183547,-0.07906699,31.03340721130371,32.21022415161133
14,-0.7207441,-0.08258438,31.03340721130371,32.21022415161133
14,-0.35810614,-0.016104698,31.03340721130371,32.21022415161133
14,-0.49288672,0.014319181,31.03340721130371,32.21022415161133
14,-0.5834339,0.020851135,31.03340721130371,32.21022415161133
14,-0.7448974,-0.029810429,31.03340721130371,32.21022415161133
14,-1.0493534,-0.15439677,31.03340721130371,32.21022415161133
14,-0.86474115,-0.34118128,31.03340721130371,32.21022415161133
14,-0.29292655,-0.24695706,31.03340721130371,32.21022415161133
14,0.17020416,0.08286214,31.03340721130371,32.21022415161133
14,-0.4743272,0.08251953,31.03340721130371,32.21022415161133
14,-0.8256015,0.0074718,31.03340721130371,32.21022415161133
14,-1.0114417,-0.049019814,31.03340721130371,32.21022415161133
14,0.060545564,-0.16508222,31.03340721130371,32.21022415161133
14,0.17010307,-0.020819187,31.03340721130371,32.21022415161133
14,-0.87483996,-0.089766264,31.03340721130371,32.21022415161133
14,-0.95678675,-0.10666299,31.03340721130371,32.21022415161133
14,-0.94696885,-0.15072441,31.03340721130371,32.21022415161133
14,-0.6695243,-0.15384173,31.03340721130371,32.21022415161133
14,-0.30504155,-0.11930752,31.03340721130371,32.21022415161133
14,-0.15894008,-0.10706234,31.03340721130371,32.21022415161133
14,0.4710809,0.11072612,31.03340721130371,32.21022415161133
14,0.4294821,0.09634757,31.03340721130371,32.21022415161133
14,0.36750388,0.10205364,31.03340721130371,32.21022415161133
14,0.2311995,0.10714364,31.03340721130371,32.21022415161133
14,-0.058612704,0.14713049,31.03340721130371,32.21022415161133
14,-0.15586364,0.13851452,31.03340721130371,32.21022415161133
14,-0.2610489,0.1341033,31.03340721130371,32.21022415161133
14,-0.7186241,0.015492439,31.03340721130371,32.21022415161133
14,-0.8097675,-0.10721254,31.03340721130371,32.21022415161133
14,-0.93925864,-0.25147414,31.03340721130371,32.21022415161133
14,-0.36893845,-0.001329422,31.03340721130371,32.21022415161133
14,0.1694349,-0.007414341,31.03340721130371,32.21022415161133
14,0.6313498,0.007774353,31.03340721130371,32.21022415161133
14,0.70371485,0.053551435,31.03340721130371,32.21022415161133
14,0.6197915,0.1236496,31.03340721130371,32.21022415161133
14,0.20875752,0.16599607,31.03340721130371,32.21022415161133
14,0.08458328,0.17417526,31.03340721130371,32.21022415161133
14,-0.20617223,0.14187956,31.03340721130371,32.21022415161133
14,-0.42452598,0.13823676,31.03340721130371,32.21022415161133
14,-0.83743685,0.07267451,31.03340721130371,32.21022415161133
14,0.10921407,0.15574813,31.03340721130371,32.21022415161133
14,-0.26065636,0.13812518,31.03340721130371,32.21022415161133
14,-1.095782,-0.048392534,31.03340721130371,32.21022415161133
14,0.12087631,-0.31343746,31.03340721130371,32.21022415161133
14,0.3005178,0.036593676,31.03340721130371,32.21022415161133
14,-0.2926916,0.124785185,31.03340721130371,32.21022415161133
14,-0.40521348,0.11902523,31.03340721130371,32.21022415161133
14,-0.5204178,0.108457804,31.03340721130371,32.21022415161133
14,-0.6215112,0.08804488,31.03340721130371,32.21022415161133
14,-0.35525656,-0.11851621,31.03340721130371,32.21022415161133
14,0.26656532,0.03461981,31.03340721130371,32.21022415161133
14,0.17512965,0.11159849,31.03340721130371,32.21022415161133
14,-0.086680055,0.0968523,31.03340721130371,32.21022415161133
14,-0.20699751,0.07409668,31.03340721130371,32.21022415161133
14,-0.28309643,0.05887866,31.03340721130371,32.21022415161133
14,-0.38768566,0.036990643,31.03340721130371,32.21022415161133
14,-0.48711383,0.0002553463,31.03340721130371,32.21022415161133
14,-0.47656542,-0.0027077198,31.03340721130371,32.21022415161133
14,-0.4412676,-0.0066189766,31.03340721130371,32.21022415161133
14,0.0033584833,-0.19907808,31.03340721130371,32.21022415161133
14,0.070599556,0.04227352,31.03340721130371,32.21022415161133
14,-0.16414762,0.113918066,31.03340721130371,32.21022415161133
14,-0.46252662,0.060094357,31.03340721130371,32.21022415161133
14,-0.5677809,0.015315294,31.03340721130371,32.21022415161133
14,-0.4842465,-0.020893097,31.03340721130371,32.21022415161133
14,-0.58447534,0.05403495,31.03340721130371,32.21022415161133
14,-0.5091703,-0.18926048,31.03340721130371,32.21022415161133
14,-0.6296604,-0.13236141,31.03340721130371,32.21022415161133
14,-0.52141017,-0.00018048286,31.03340721130371,32.21022415161133
14,0.308779,0.05910349,31.03340721130371,32.21022415161133
14,0.38357735,-0.008577347,31.03340721130371,32.21022415161133
14,0.060699463,0.14711142,31.03340721130371,32.21022415161133
14,-0.013906598,0.14285731,31.03340721130371,32.21022415161133
14,-0.17504096,0.13406038,31.03340721130371,32.21022415161133
14,-0.3372748,0.12506223,31.03340721130371,32.21022415161133
14,-0.6014762,0.072612286,31.03340721130371,32.21022415161133
14,-0.41883957,-0.02090025,31.03340721130371,32.21022415161133
14,-0.4182241,0.061877012,31.03340721130371,32.21022415161133
14,-0.570948,0.05088973,31.03340721130371,32.21022415161133
14,-0.7639463,-0.08254719,31.03340721130371,32.21022415161133
14,-0.7864011,-0.06260228,31.03340721130371,32.21022415161133
14,-0.5510757,-0.11003375,31.03340721130371,32.21022415161133
14,-0.3344878,-0.09236264,31.03340721130371,32.21022415161133
14,-0.4759444,0.06351519,31.03340721130371,32.21022415161133
14,-0.9775663,-0.03153062,31.03340721130371,32.21022415161133
14,-1.0389832,-0.054579735,31.03340721130371,32.21022415161133
14,-0.5853082,-0.20603085,31.03340721130371,32.21022415161133
14,-0.3530978,-0.14765811,31.03340721130371,32.21022415161133
14,-0.28596675,-0.09715772,31.03340721130371,32.21022415161133
14,-0.25292194,-0.053730488,31.03340721130371,32.21022415161133
14,0.47787237,-0.0008711815,31.03340721130371,32.21022415161133
14,0.59822226,0.037300825,31.03340721130371,32.21022415161133
14,0.63497496,0.06730652,31.03340721130371,32.21022415161133
14,0.26313186,0.13637686,31.03340721130371,32.21022415161133
14,-0.48190296,-0.024529219,31.03340721130371,32.21022415161133
14,-0.39016294,-0.032164097,31.03340721130371,32.21022415161133
14,0.30654502,0.065206766,31.03340721130371,32.21022415161133
14,-0.1932478,0.12684321,31.03340721130371,32.21022415161133
14,-0.3135655,0.09518027,31.03340721130371,32.21022415161133
14,-0.3577777,0.0636127,31.03340721130371,32.21022415161133
14,-0.26695263,0.022648811,31.03340721130371,32.21022415161133
14,-0.41454566,0.03899908,31.03340721130371,32.21022415161133
14,-0.5884546,-0.11823821,31.03340721130371,32.21022415161133
14,-0.3275423,-0.04346609,31.03340721130371,32.21022415161133
14,-0.28801084,0.020301342,31.03340721130371,32.21022415161133
14,-0.29415882,0.024766207,31.03340721130371,32.21022415161133
14,-0.3091539,0.032009363,31.03340721130371,32.21022415161133
14,-0.83994174,-0.020540476,31.03340721130371,32.21022415161133
14,-0.97851586,-0.0789175,31.03340721130371,32.21022415161133
14,-0.65678364,-0.10385704,31.03340721130371,32.21022415161133
14,-0.44314474,-0.08282614,31.03340721130371,32.21022415161133
14,-0.084629655,-0.04608941,31.03340721130371,32.21022415161133
14,-0.038203478,0.04612255,31.03340721130371,32.21022415161133
14,-0.049054503,-0.08628535,31.03340721130371,32.21022415161133
14,0.015271783,0.004122734,31.03340721130371,32.21022415161133
14,-0.01910162,0.04913163,31.03340721130371,32.21022415161133
14,-0.17373872,0.05076456,31.03340721130371,32.21022415161133
14,-0.12774336,0.061846256,31.03340721130371,32.21022415161133
14,-0.11314714,0.054041147,31.03340721130371,32.21022415161133
14,0.1251545,0.028812885,31.03340721130371,32.21022415161133
14,0.29705346,0.059137344,31.03340721130371,32.21022415161133
14,-0.2374618,-0.025892258,31.03340721130371,32.21022415161133
14,-0.25351417,-0.0805037,31.03340721130371,32.21022415161133
14,-0.00777936,-0.006393194,31.03340721130371,32.21022415161133
14,0.028281808,0.01911664,31.03340721130371,32.21022415161133
14,-0.43393278,0.07923126,31.03340721130371,32.21022415161133
14,-0.20898879,0.028326511,31.03340721130371,32.21022415161133
14,-0.10532057,0.023213148,31.03340721130371,32.21022415161133
14,0.12392366,0.06191945,31.03340721130371,32.21022415161133
14,-0.10305202,0.11954355,31.03340721130371,32.21022415161133
14,-0.36261368,0.097093344,31.03340721130371,32.21022415161133
14,-1.0464686,-0.12890697,31.03340721130371,32.21022415161133
14,-0.9990667,-0.14582992,31.03340721130371,32.21022415161133
14,-0.87224376,-0.13180971,31.03340721130371,32.21022415161133
14,-0.37061822,0.014960051,31.03340721130371,32.21022415161133
14,-0.42720795,-0.00023031235,31.03340721130371,32.21022415161133
14,-0.37678015,-0.0023007393,31.03340721130371,32.21022415161133
14,0.18432021,0.07014251,31.03340721130371,32.21022415161133
14,0.08652651,0.1043241,31.03340721130371,32.21022415161133
14,-0.2204696,0.096111536,31.03340721130371,32.21022415161133
14,-0.428352,0.059120417,31.03340721130371,32.21022415161133
14,-0.7740714,-0.04651332,31.03340721130371,32.21022415161133
14,-0.32437217,-0.07399011,31.03340721130371,32.21022415161133
14,-0.40590525,0.043542624,31.03340721130371,32.21022415161133
14,-0.41008306,0.006085634,31.03340721130371,32.21022415161133
14,0.06136489,-0.048631668,31.03340721130371,32.21022415161133
14,-0.109867096,0.06742501,31.03340721130371,32.21022415161133
14,-0.030873418,0.09871268,31.03340721130371,32.21022415161133
14,-0.019014,0.033811808,31.03340721130371,32.21022415161133
14,-0.8618202,-0.0029685497,31.03340721130371,32.21022415161133
14,-1.0691655,-0.07728672,31.03340721130371,32.21022415161133
14,-0.08524084,-0.14339519,31.03340721130371,32.21022415161133
14,-0.29277885,0.054771423,31.03340721130371,32.21022415161133
14,-0.47153348,0.05886078,31.03340721130371,32.21022415161133
14,-0.88535583,-0.13431454,31.03340721130371,32.21022415161133
14,-1.0017159,-0.13301778,31.03340721130371,32.21022415161133
14,-0.06561959,-0.0303061,31.03340721130371,32.21022415161133
14,-0.38686216,0.07580757,31.03340721130371,32.21022415161133
14,-1.2686644,-0.115240574,31.03340721130371,32.21022415161133
14,-1.3292497,-0.14620304,31.03340721130371,32.21022415161133
14,-1.3606066,-0.18050241,31.03340721130371,32.21022415161133
14,-1.2461606,-0.2680936,31.03340721130371,32.21022415161133
14,-1.1356791,-0.2670126,31.03340721130371,32.21022415161133
14,-1.1391659,-0.43586278,31.03340721130371,32.21022415161133
14,-0.69870347,0.023413181,31.03340721130371,32.21022415161133
14,-0.9112403,-0.054472446,31.03340721130371,32.21022415161133
14,-1.3429177,-0.19396925,31.03340721130371,32.21022415161133
14,-0.6121317,-0.10798192,31.03340721130371,32.21022415161133
14,0.17124319,-0.006360054,31.03340721130371,32.21022415161133
14,0.16553283,0.084492445,31.03340721130371,32.21022415161133
14,0.11331451,0.096521854,31.03340721130371,32.21022415161133
14,0.084687114,0.09845948,31.03340721130371,32.21022415161133
14,-0.25203788,0.107245445,31.03340721130371,32.21022415161133
14,-0.317266,0.09982729,31.03340721130371,32.21022415161133
14,-0.39085412,0.064095736,31.03340721130371,32.21022415161133
14,-0.28863692,0.042699814,31.03340721130371,32.21022415161133
14,-0.5198965,-0.14452219,31.03340721130371,32.21022415161133
14,-0.59855145,-0.10611057,31.03340721130371,32.21022415161133
14,-0.15949333,-0.31191564,31.03340721130371,32.21022415161133
14,0.36538255,-0.17525792,31.03340721130371,32.21022415161133
14,1.2045248,-0.049717426,31.03340721130371,32.21022415161133
14,1.1101503,0.008064985,31.03340721130371,32.21022415161133
14,-0.58744967,-0.03015852,31.03340721130371,32.21022415161133
14,-0.7273147,-0.052245617,31.03340721130371,32.21022415161133
14,-0.97284174,-0.080999136,31.03340721130371,32.21022415161133
14,-0.67665446,-0.15591407,31.03340721130371,32.21022415161133
14,-0.17301905,-0.14602137,31.03340721130371,32.21022415161133
14,0.3570541,-0.046024323,31.03340721130371,32.21022415161133
14,-0.17538035,0.12526536,31.03340721130371,32.21022415161133
14,-0.18384767,0.09363055,31.03340721130371,32.21022415161133
14,-0.5370744,0.12540507,31.03340721130371,32.21022415161133
14,-0.8982186,0.10359192,31.03340721130371,32.21022415161133
14,-1.3580803,-0.1452384,31.03340721130371,32.21022415161133
14,-1.1611199,-0.26616192,31.03340721130371,32.21022415161133
14,-1.1881016,-0.13819075,31.03340721130371,32.21022415161133
14,-1.1992455,-0.1768527,31.03340721130371,32.21022415161133
14,-1.2185059,-0.20359206,31.03340721130371,32.21022415161133
14,-1.1952083,-0.22239184,31.03340721130371,32.21022415161133
14,-1.2292082,-0.38272548,31.03340721130371,32.21022415161133
14,-1.1517589,-0.20244002,31.03340721130371,32.21022415161133
14,-0.3968761,-0.20247173,31.03340721130371,32.21022415161133
14,-0.48805547,-0.006058693,31.03340721130371,32.21022415161133
14,-0.5087327,-0.0071046352,31.03340721130371,32.21022415161133
14,-0.92831045,0.0042598248,31.03340721130371,32.21022415161133
14,-1.3439747,-0.22105098,31.03340721130371,32.21022415161133
14,-0.46603578,-0.17782593,31.03340721130371,32.21022415161133
14,-0.94510174,-0.071784735,31.03340721130371,32.21022415161133
14,-1.2297035,-0.22561622,31.03340721130371,32.21022415161133
14,-1.1339184,-0.24243522,31.03340721130371,32.21022415161133
14,-1.0478097,-0.21584034,31.03340721130371,32.21022415161133
14,-0.106042385,0.00064110756,31.03340721130371,32.21022415161133
14,-0.35483813,0.07722974,31.03340721130371,32.21022415161133
14,-0.35127616,0.035587788,31.03340721130371,32.21022415161133
14,-0.08494222,0.06348777,31.03340721130371,32.21022415161133
14,-0.6815801,0.048862457,31.03340721130371,32.21022415161133
14,-0.8257033,0.0070376396,31.03340721130371,32.21022415161133
14,-0.8890759,-0.012078762,31.03340721130371,32.21022415161133
14,-1.1789927,-0.11189604,31.03340721130371,32.21022415161133
14,-1.3475561,-0.23118305,31.03340721130371,32.21022415161133
14,-1.3627317,-0.25295663,31.03340721130371,32.21022415161133
14,-1.3734758,-0.26910853,31.03340721130371,32.21022415161133
14,-0.3395989,0.11577678,31.03340721130371,32.21022415161133
14,-0.51719433,0.024926186,31.03340721130371,32.21022415161133
14,-0.3194728,0.023398638,31.03340721130371,32.21022415161133
14,-0.3088597,0.017851591,31.03340721130371,32.21022415161133
14,-0.30015612,0.019859076,31.03340721130371,32.21022415161133
14,-0.11294162,-0.0030310154,31.03340721130371,32.21022415161133
14,0.093310475,0.12399697,31.03340721130371,32.21022415161133
14,-0.5137473,0.0845983,31.03340721130371,32.21022415161133
14,-0.87746453,0.0042717457,31.03340721130371,32.21022415161133
14,-0.9344292,-0.020290136,31.03340721130371,32.21022415161133
14,-1.2110251,-0.16808343,31.03340721130371,32.21022415161133
14,0.29007673,-0.35153604,31.03340721130371,32.21022415161133
14,0.6225455,-0.1672051,31.03340721130371,32.21022415161133
14,-0.7163902,0.011967182,31.03340721130371,32.21022415161133
14,-0.79672045,0.013194561,31.03340721130371,32.21022415161133
14,-1.0638869,-0.10198259,31.03340721130371,32.21022415161133
14,-0.8841949,-0.16316009,31.03340721130371,32.21022415161133
14,-0.84130126,-0.14661384,31.03340721130371,32.21022415161133
14,-0.67714775,-0.14828038,31.03340721130371,32.21022415161133
14,-0.45437664,-0.03622079,31.03340721130371,32.21022415161133
14,-0.052602887,-0.016200542,31.03340721130371,32.21022415161133
14,0.015212774,0.101419926,31.03340721130371,32.21022415161133
14,0.26331007,0.034407616,31.03340721130371,32.21022415161133
14,0.16702354,0.10201192,31.03340721130371,32.21022415161133
14,-0.34198332,0.055124283,31.03340721130371,32.21022415161133
14,-0.57952225,-0.07248783,31.03340721130371,32.21022415161133
14,-0.9343786,-0.031247616,31.03340721130371,32.21022415161133
14,-0.78449064,-0.12651968,31.03340721130371,32.21022415161133
14,-1.1384403,-0.22091722,31.03340721130371,32.21022415161133
14,-0.18706858,-0.16920114,31.03340721130371,32.21022415161133
14,0.04240024,-0.02047062,31.03340721130371,32.21022415161133
14,0.2542765,-0.019426346,31.03340721130371,32.21022415161133
14,0.27602506,0.015844822,31.03340721130371,32.21022415161133
14,-0.006265998,0.11280322,31.03340721130371,32.21022415161133
14,-0.27179646,0.115176916,31.03340721130371,32.21022415161133
14,-0.443406,0.049648046,31.03340721130371,32.21022415161133
14,-0.90496373,-0.040237665,31.03340721130371,32.21022415161133
14,-0.9350773,-0.05841112,31.03340721130371,32.21022415161133
14,-0.56787425,-0.22192287,31.03340721130371,32.21022415161133
14,-0.4880318,-0.017074585,31.03340721130371,32.21022415161133
14,-0.8936423,0.0020189285,31.03340721130371,32.21022415161133
14,-1.0488982,-0.08405876,31.03340721130371,32.21022415161133
14,-1.0620375,-0.18763375,31.03340721130371,32.21022415161133
14,-0.37062883,-0.05440879,31.03340721130371,32.21022415161133
14,-0.28566206,-0.030191183,31.03340721130371,32.21022415161133
14,-0.27980268,0.035065413,31.03340721130371,32.21022415161133
14,-0.05744338,0.011922121,31.03340721130371,32.21022415161133
14,0.029116392,0.020895004,31.03340721130371,32.21022415161133
14,-0.12903321,0.09519076,31.03340721130371,32.21022415161133
14,-0.39544785,0.08979416,31.03340721130371,32.21022415161133
14,-0.4660582,0.079879284,31.03340721130371,32.21022415161133
14,-0.8779031,0.019828558,31.03340721130371,32.21022415161133
14,-0.6124659,0.13562846,31.03340721130371,32.21022415161133
14,-0.74874663,-0.09850907,31.03340721130371,32.21022415161133
14,-0.41232395,0.0038113594,31.03340721130371,32.21022415161133
14,-0.47315097,-0.0009059906,31.03340721130371,32.21022415161133
14,-0.4423185,-0.014223337,31.03340721130371,32.21022415161133
14,-0.036961436,0.07478976,31.03340721130371,32.21022415161133
14,-0.14782333,0.09747672,31.03340721130371,32.21022415161133
14,-0.22224307,0.065341234,31.03340721130371,32.21022415161133
14,-0.5106164,0.048930407,31.03340721130371,32.21022415161133
14,-0.5674917,0.04368663,31.03340721130371,32.21022415161133
14,-0.80246466,0.00434041,31.03340721130371,32.21022415161133
14,-0.9081294,-0.112087965,31.03340721130371,32.21022415161133
14,-0.6450611,-0.09874916,31.03340721130371,32.21022415161133
14,-0.32771182,-0.028987408,31.03340721130371,32.21022415161133
14,-0.32948864,-0.015420198,31.03340721130371,32.21022415161133
14,-0.31659985,0.007825375,31.03340721130371,32.21022415161133
14,-0.3463341,0.026355982,31.03340721130371,32.21022415161133
14,-0.48091424,0.008432865,31.03340721130371,32.21022415161133
14,-0.49624658,0.018285513,31.03340721130371,32.21022415161133
14,-0.57711554,0.026641846,31.03340721130371,32.21022415161133
14,-1.0869648,-0.09528875,31.03340721130371,32.21022415161133
14,-0.76726556,-0.13509727,31.03340721130371,32.21022415161133
14,-0.44550377,-0.07311678,31.03340721130371,32.21022415161133
14,-0.35427737,-0.06218791,31.03340721130371,32.21022415161133
14,-0.18317807,-0.022659779,31.03340721130371,32.21022415161133
14,-0.100060105,-0.012769699,31.03340721130371,32.21022415161133
14,0.032883286,0.07119751,31.03340721130371,32.21022415161133
14,0.03446424,0.08665371,31.03340721130371,32.21022415161133
14,-0.23904788,0.12908244,31.03340721130371,32.21022415161133
14,-0.8423112,-0.012845993,31.03340721130371,32.21022415161133
14,-0.9511663,-0.040358543,31.03340721130371,32.21022415161133
14,-1.0363903,-0.07875109,31.03340721130371,32.21022415161133
14,-0.89072245,-0.15778136,31.03340721130371,32.21022415161133
14,-1.0093176,-0.10646868,31.03340721130371,32.21022415161133
14,-1.0738666,-0.13388824,31.03340721130371,32.21022415161133
14,-1.0987921,-0.15047812,31.03340721130371,32.21022415161133
14,-1.0810698,-0.17018604,31.03340721130371,32.21022415161133
14,-0.86127317,-0.2952788,31.03340721130371,32.21022415161133
14,-0.78920734,-0.10969019,31.03340721130371,32.21022415161133
14,-0.90118533,-0.1155324,31.03340721130371,32.21022415161133
14,-0.5528893,-0.046835423,31.03340721130371,32.21022415161133
14,-0.41388297,-0.06627846,31.03340721130371,32.21022415161133
14,-0.27161312,-0.07708144,31.03340721130371,32.21022415161133
14,0.43407536,-0.021178722,31.03340721130371,32.21022415161133
14,0.44582295,0.052852154,31.03340721130371,32.21022415161133
14,-0.4363742,0.11420512,31.03340721130371,32.21022415161133
14,-0.48817813,0.08190465,31.03340721130371,32.21022415161133
14,-0.4869355,0.034430742,31.03340721130371,32.21022415161133
14,0.09010911,0.0056402683,31.03340721130371,32.21022415161133
14,-0.31610858,0.11648798,31.03340721130371,32.21022415161133
14,-0.48992616,0.12749553,31.03340721130371,32.21022415161133
14,-0.44637066,-0.23028278,31.03340721130371,32.21022415161133
14,-0.8451512,0.021686316,31.03340721130371,32.21022415161133
14,-0.90949714,-0.0077233315,31.03340721130371,32.21022415161133
14,-1.1757941,-0.077213526,31.03340721130371,32.21022415161133
14,-0.79334074,-0.44255638,31.03340721130371,32.21022415161133
14,-0.60964173,-0.37220168,31.03340721130371,32.21022415161133
14,-0.45536262,-0.18176651,31.03340721130371,32.21022415161133
14,-0.7556642,-0.111516714,31.03340721130371,32.21022415161133
14,-0.56571305,-0.09434724,31.03340721130371,32.21022415161133
14,-0.23900807,0.0135753155,31.03340721130371,32.21022415161133
14,-0.028197408,0.012368917,31.03340721130371,32.21022415161133
14,0.10808027,0.13441491,31.03340721130371,32.21022415161133
14,-0.34193015,0.120631695,31.03340721130371,32.21022415161133
14,-0.95533067,0.010106564,31.03340721130371,32.21022415161133
14,-0.90671456,-0.18578172,31.03340721130371,32.21022415161133
14,-0.16667187,-0.04767871,31.03340721130371,32.21022415161133
14,-0.22559154,0.015476942,31.03340721130371,32.21022415161133
14,-0.06730771,0.014246464,31.03340721130371,32.21022415161133
15,0.38396537,0.13522124,59.39040756225586,38.20219421386719
15,0.42242062,0.08389974,59.39040756225586,38.20219421386719
15,0.21499479,0.12985063,59.39040756225586,38.20219421386719
15,0.14781976,0.14448309,59.39040756225586,38.20219421386719
15,0.103874564,0.07869053,59.39040756225586,38.20219421386719
15,0.1990577,0.09209967,59.39040756225586,38.20219421386719
15,0.34653914,0.09551668,59.39040756225586,38.20219421386719
15,0.34447896,0.10479665,59.39040756225586,38.20219421386719
15,0.034674644,0.12441611,59.39040756225586,38.20219421386719
15,-0.04862964,0.12281084,59.39040756225586,38.20219421386719
15,-0.10050857,0.123188496,59.39040756225586,38.20219421386719
15,-0.34771442,0.1031692,59.39040756225586,38.20219421386719
15,-0.5281337,0.064840555,59.39040756225586,38.20219421386719
15,-0.770503,0.00043678284,59.39040756225586,38.20219421386719
15,-0.77533644,-0.02350521,59.39040756225586,38.20219421386719
15,-0.8281187,-0.03512311,59.39040756225586,38.20219421386719
15,-0.8242658,-0.07287574,59.39040756225586,38.20219421386719
15,-0.7979557,-0.08204031,59.39040756225586,38.20219421386719
15,-0.8277294,-0.07901597,59.39040756225586,38.20219421386719
15,-0.83514404,-0.082761526,59.39040756225586,38.20219421386719
15,-0.7230705,-0.06183791,59.39040756225586,38.20219421386719
15,-0.2666477,0.018928528,59.39040756225586,38.20219421386719
15,-0.15231895,0.05161476,59.39040756225586,38.20219421386719
15,-0.15529728,0.061629057,59.39040756225586,38.20219421386719
15,-0.20005894,0.06481862,59.39040756225586,38.20219421386719
15,-0.18738651,0.06068611,59.39040756225586,38.20219421386719
15,-0.1866349,0.07400417,59.39040756225586,38.20219421386719
15,-0.2134012,0.07960105,59.39040756225586,38.20219421386719
15,-0.4142362,0.053794384,59.39040756225586,38.20219421386719
15,-0.7206125,0.012824774,59.39040756225586,38.20219421386719
15,-0.9736791,-0.05123973,59.39040756225586,38.20219421386719
15,-0.18952739,-0.27741694,59.39040756225586,38.20219421386719
15,0.3808428,-0.10466504,59.39040756225586,38.20219421386719
15,0.6733291,0.13224316,59.39040756225586,38.20219421386719
15,0.38180482,0.15521431,59.39040756225586,38.20219421386719
15,0.2854166,0.14522552,59.39040756225586,38.20219421386719
15,0.20834029,0.13985062,59.39040756225586,38.20219421386719
15,0.115391135,0.14161515,59.39040756225586,38.20219421386719
15,-0.39796162,0.055982113,59.39040756225586,38.20219421386719
15,-0.42392492,0.053100586,59.39040756225586,38.20219421386719
15,-0.45155686,0.051148415,59.39040756225586,38.20219421386719
15,-0.4656788,0.041320562,59.39040756225586,38.20219421386719
15,-0.5241606,0.01213336,59.39040756225586,38.20219421386719
15,-0.47498184,-0.025481224,59.39040756225586,38.20219421386719
15,-0.43994427,0.0033664703,59.39040756225586,38.20219421386719
15,-0.5664367,-0.16772604,59.39040756225586,38.20219421386719
15,0.21730566,-0.0044252872,59.39040756225586,38.20219421386719
15,-0.37055695,0.03578639,59.39040756225586,38.20219421386719
15,-0.5090914,-0.06935358,59.39040756225586,38.20219421386719
15,0.3582567,-0.037827253,59.39040756225586,38.20219421386719
15,-0.103429556,0.12801194,59.39040756225586,38.20219421386719
15,-0.26908982,0.11717057,59.39040756225586,38.20219421386719
15,-0.16907787,-0.026463747,59.39040756225586,38.20219421386719
15,0.9256642,0.050279856,59.39040756225586,38.20219421386719
15,1.0150492,0.019834757,59.39040756225586,38.20219421386719
15,1.111834,0.013104916,59.39040756225586,38.20219421386719
15,1.2418828,0.0038309097,59.39040756225586,38.20219421386719
15,0.4929906,0.16996789,59.39040756225586,38.20219421386719
15,0.32447684,0.14390469,59.39040756225586,38.20219421386719
15,0.20233715,0.090245485,59.39040756225586,38.20219421386719
15,0.26172292,0.07254505,59.39040756225586,38.20219421386719
15,0.14624596,0.14692831,59.39040756225586,38.20219421386719
15,0.05919981,0.15299106,59.39040756225586,38.20219421386719
15,-0.35861146,0.079704285,59.39040756225586,38.20219421386719
15,-0.4640851,0.039693117,59.39040756225586,38.20219421386719
15,-0.43436074,0.01691556,59.39040756225586,38.20219421386719
15,-0.44031048,0.0224092,59.39040756225586,38.20219421386719
15,-0.5160622,0.013297319,59.39040756225586,38.20219421386719
15,-0.54669064,0.01200819,59.39040756225586,38.20219421386719
15,-0.56053334,0.0037884712,59.39040756225586,38.20219421386719
15,-0.55995464,-0.008960247,59.39040756225586,38.20219421386719
15,-0.33076024,0.00385499,59.39040756225586,38.20219421386719
15,-0.04036522,0.018449545,59.39040756225586,38.20219421386719
15,0.0859735,0.08189297,59.39040756225586,38.20219421386719
15,-0.10813868,0.06171918,59.39040756225586,38.20219421386719
15,0.048009276,0.066413164,59.39040756225586,38.20219421386719
15,0.06440556,0.06998968,59.39040756225586,38.20219421386719
15,0.09073424,0.05845833,59.39040756225586,38.20219421386719
15,0.21907663,0.112508774,59.39040756225586,38.20219421386719
15,0.33180678,0.038035393,59.39040756225586,38.20219421386719
15,1.371737,-0.2061224,59.39040756225586,38.20219421386719
15,2.0526974,-0.32925987,59.39040756225586,38.20219421386719
15,2.2313735,-0.45401,59.39040756225586,38.20219421386719
15,2.5324924,-0.6273799,59.39040756225586,38.20219421386719
15,2.6201053,-0.6571276,59.39040756225586,38.20219421386719
15,2.45953,-0.5794029,59.39040756225586,38.20219421386719
15,2.255378,-0.44145393,59.39040756225586,38.20219421386719
15,1.7916672,-0.18203402,59.39040756225586,38.20219421386719
15,1.6851525,-0.14264822,59.39040756225586,38.20219421386719
15,1.7993851,-0.1939292,59.39040756225586,38.20219421386719
15,1.6598096,-0.109484196,59.39040756225586,38.20219421386719
15,1.0558999,0.062170267,59.39040756225586,38.20219421386719
15,1.0057163,0.10888004,59.39040756225586,38.20219421386719
15,-0.24688423,0.21810198,59.39040756225586,38.20219421386719
15,-0.59530383,0.11897421,59.39040756225586,38.20219421386719
15,-1.1601002,-0.008965254,59.39040756225586,38.20219421386719
15,-1.2693672,-0.27352,59.39040756225586,38.20219421386719
15,-1.0612773,-0.23065567,59.39040756225586,38.20219421386719
15,-0.8958737,-0.14637017,59.39040756225586,38.20219421386719
15,-0.7362401,-0.03071165,59.39040756225586,38.20219421386719
15,-0.92827135,-0.082561016,59.39040756225586,38.20219421386719
15,-1.0128608,-0.11549735,59.39040756225586,38.20219421386719
15,-1.0777041,-0.1353786,59.39040756225586,38.20219421386719
15,-1.0914776,-0.14718652,59.39040756225586,38.20219421386719
15,-1.1075686,-0.17033243,59.39040756225586,38.20219421386719
15,-1.0087326,-0.21606278,59.39040756225586,38.20219421386719
15,-0.6996623,-0.058505297,59.39040756225586,38.20219421386719
15,-0.70355,-0.050380945,59.39040756225586,38.20219421386719
15,-0.74659055,-0.050796747,59.39040756225586,38.20219421386719
15,-0.503152,-0.033176184,59.39040756225586,38.20219421386719
15,-0.42679214,-0.01395154,59.39040756225586,38.20219421386719
15,-0.5155148,0.03444028,59.39040756225586,38.20219421386719
15,-0.71174175,-0.03205037,59.39040756225586,38.20219421386719
15,-0.90540165,-0.12137365,59.39040756225586,38.20219421386719
15,-0.78174746,-0.09845877,59.39040756225586,38.20219421386719
15,-0.7423705,-0.08696389,59.39040756225586,38.20219421386719
15,-0.6938431,-0.07145429,59.39040756225586,38.20219421386719
15,-0.7149486,-0.054460764,59.39040756225586,38.20219421386719
15,-0.71021473,-0.0814445,59.39040756225586,38.20219421386719
15,-0.55811274,-0.046392918,59.39040756225586,38.20219421386719
15,-0.54199505,-0.036667347,59.39040756225586,38.20219421386719
15,-0.7759675,-0.021263123,59.39040756225586,38.20219421386719
15,-0.91046387,-0.08635259,59.39040756225586,38.20219421386719
15,-0.9787935,-0.09857035,59.39040756225586,38.20219421386719
15,-1.006922,-0.105679035,59.39040756225586,38.20219421386719
15,-1.0291122,-0.11587763,59.39040756225586,38.20219421386719
15,-1.179436,-0.26763988,59.39040756225586,38.20219421386719
15,-1.0012317,-0.26440215,59.39040756225586,38.20219421386719
15,-0.3702966,-0.0061507225,59.39040756225586,38.20219421386719
15,-0.65391827,-0.016004324,59.39040756225586,38.20219421386719
15,-0.83107585,0.067332506,59.39040756225586,38.20219421386719
15,-1.086246,-0.121891975,59.39040756225586,38.20219421386719
15,-1.2120386,-0.16313934,59.39040756225586,38.20219421386719
15,-1.240901,-0.24115539,59.39040756225586,38.20219421386719
15,-0.8606027,-0.1882968,59.39040756225586,38.20219421386719
15,-0.785441,-0.14759779,59.39040756225586,38.20219421386719
15,0.17416227,0.008984804,59.39040756225586,38.20219421386719
15,-0.24170768,0.074052095,59.39040756225586,38.20219421386719
15,-0.6985789,0.0569005,59.39040756225586,38.20219421386719
15,-0.90147066,0.050563574,59.39040756225586,38.20219421386719
15,-0.99617004,-0.13799047,59.39040756225586,38.20219421386719
15,-0.9873075,-0.110298395,59.39040756225586,38.20219421386719
15,-1.3698854,-0.5401919,59.39040756225586,38.20219421386719
15,-0.8118573,-0.2859552,59.39040756225586,38.20219421386719
15,-0.5937705,-0.12546396,59.39040756225586,38.20219421386719
15,0.09154117,0.042028666,59.39040756225586,38.20219421386719
15,0.25899374,0.019979715,59.39040756225586,38.20219421386719
15,0.33135426,0.06452632,59.39040756225586,38.20219421386719
15,0.009061813,0.13989377,59.39040756225586,38.20219421386719
15,-1.3161054,-0.22461629,59.39040756225586,38.20219421386719
15,-1.5575978,-0.35364938,59.39040756225586,38.20219421386719
15,-1.3781834,-0.29593444,59.39040756225586,38.20219421386719
15,-1.3626724,-0.29242444,59.39040756225586,38.20219421386719
15,-1.3370583,-0.30006552,59.39040756225586,38.20219421386719
15,-1.2830682,-0.30881023,59.39040756225586,38.20219421386719
15,-1.220042,-0.3034966,59.39040756225586,38.20219421386719
15,-1.0059888,-0.27132297,59.39040756225586,38.20219421386719
15,-0.9197613,-0.24383259,59.39040756225586,38.20219421386719
15,-0.7485963,-0.13339639,59.39040756225586,38.20219421386719
15,-0.57561326,-0.070863485,59.39040756225586,38.20219421386719
15,-0.5581399,0.0088682175,59.39040756225586,38.20219421386719
15,-0.6832698,-0.026222706,59.39040756225586,38.20219421386719
15,-0.7071204,-0.027228117,59.39040756225586,38.20219421386719
15,-0.7671461,-0.018897057,59.39040756225586,38.20219421386719
15,-0.87906766,-0.1242969,59.39040756225586,38.20219421386719
15,-0.45700914,-0.030819416,59.39040756225586,38.20219421386719
15,-0.5482791,0.020387888,59.39040756225586,38.20219421386719
15,-0.5929303,0.004051447,59.39040756225586,38.20219421386719
15,-0.8119357,-0.02534604,59.39040756225586,38.20219421386719
15,-0.9407688,-0.097409725,59.39040756225586,38.20219421386719
15,-1.0479043,-0.124060154,59.39040756225586,38.20219421386719
15,-1.069253,-0.14723992,59.39040756225586,38.20219421386719
15,-1.0638317,-0.15713382,59.39040756225586,38.20219421386719
15,-1.0631485,-0.16037917,59.39040756225586,38.20219421386719
15,-1.0569792,-0.16534376,59.39040756225586,38.20219421386719
15,-0.9404225,-0.1731453,59.39040756225586,38.20219421386719
15,-0.82049394,-0.115026,59.39040756225586,38.20219421386719
15,-0.99362206,-0.14226007,59.39040756225586,38.20219421386719
15,-0.7649754,-0.09636259,59.39040756225586,38.20219421386719
15,-0.75379413,-0.09066892,59.39040756225586,38.20219421386719
15,-0.77505547,-0.044224977,59.39040756225586,38.20219421386719
15,-0.84491324,-0.061314583,59.39040756225586,38.20219421386719
15,-1.0158159,-0.20842314,59.39040756225586,38.20219421386719
15,-0.6506346,-0.1102221,59.39040756225586,38.20219421386719
15,-0.568727,-0.321738,59.39040756225586,38.20219421386719
15,-0.7551534,-0.3748865,59.39040756225586,38.20219421386719
15,-1.0004592,-0.14088511,59.39040756225586,38.20219421386719
15,-1.1577975,-0.2020905,59.39040756225586,38.20219421386719
15,-1.0637624,-0.21422148,59.39040756225586,38.20219421386719
15,-0.9763713,-0.17037058,59.39040756225586,38.20219421386719
15,-1.0459788,-0.14570689,59.39040756225586,38.20219421386719
15,-1.0997556,-0.14121556,59.39040756225586,38.20219421386719
15,-1.370852,-0.1922617,59.39040756225586,38.20219421386719
15,-1.4419633,-0.25071883,59.39040756225586,38.20219421386719
15,-1.419804,-0.28358793,59.39040756225586,38.20219421386719
15,-0.98992586,-0.12702084,59.39040756225586,38.20219421386719
15,-1.4681709,-0.26567888,59.39040756225586,38.20219421386719
15,-1.1418414,-0.33613634,59.39040756225586,38.20219421386719
15,-0.80853933,-0.11241794,59.39040756225586,38.20219421386719
15,-0.72430646,-0.09724951,59.39040756225586,38.20219421386719
15,-0.55718005,-0.08216047,59.39040756225586,38.20219421386719
15,-0.28667164,0.061179638,59.39040756225586,38.20219421386719
15,-0.34049833,0.06346297,59.39040756225586,38.20219421386719
15,0.02147317,0.013115406,59.39040756225586,38.20219421386719
15,0.16596246,-0.016575336,59.39040756225586,38.20219421386719
15,0.21741521,0.13227057,59.39040756225586,38.20219421386719
15,0.0036525726,0.09537268,59.39040756225586,38.20219421386719
15,0.26905417,0.06819773,59.39040756225586,38.20219421386719
15,0.3058499,0.072140455,59.39040756225586,38.20219421386719
15,0.33274317,0.1052587,59.39040756225586,38.20219421386719
15,0.33136284,0.10620451,59.39040756225586,38.20219421386719
15,0.39834523,0.14612293,59.39040756225586,38.20219421386719
15,0.4063475,0.09059453,59.39040756225586,38.20219421386719
15,0.09774816,0.07164407,59.39040756225586,38.20219421386719
15,-0.19299304,0.12179232,59.39040756225586,38.20219421386719
15,-0.29797077,0.1245532,59.39040756225586,38.20219421386719
15,-0.6359031,-0.028597593,59.39040756225586,38.20219421386719
15,-0.7587647,-0.1255312,59.39040756225586,38.20219421386719
15,-0.15743339,0.00965476,59.39040756225586,38.20219421386719
15,0.032668114,0.0059247017,59.39040756225586,38.20219421386719
15,0.55774796,0.09021616,59.39040756225586,38.20219421386719
15,0.6150892,0.07288003,59.39040756225586,38.20219421386719
15,0.76949644,0.066707134,59.39040756225586,38.20219421386719
15,0.44846034,0.14790082,59.39040756225586,38.20219421386719
15,0.2727828,0.1174953,59.39040756225586,38.20219421386719
15,0.4545834,0.070705414,59.39040756225586,38.20219421386719
15,0.485031,0.08503127,59.39040756225586,38.20219421386719
15,0.54355025,0.11501932,59.39040756225586,38.20219421386719
15,0.58616567,0.102077246,59.39040756225586,38.20219421386719
15,0.72140956,0.11422753,59.39040756225586,38.20219421386719
15,-0.7789121,0.09298754,59.39040756225586,38.20219421386719
15,-1.0103393,0.025977373,59.39040756225586,38.20219421386719
15,-1.0564455,-0.12376022,59.39040756225586,38.20219421386719
15,-1.6489415,-0.41741014,59.39040756225586,38.20219421386719
15,-0.60361135,-0.01546526,59.39040756225586,38.20219421386719
15,-0.8624236,-0.011188269,59.39040756225586,38.20219421386719
15,-0.4523489,-0.16613531,59.39040756225586,38.20219421386719
15,-0.6990305,0.1308701,59.39040756225586,38.20219421386719
15,-1.153114,-0.0066211224,59.39040756225586,38.20219421386719
15,-1.28213,-0.030852318,59.39040756225586,38.20219421386719
15,-1.4248731,-0.24691582,59.39040756225586,38.20219421386719
15,-0.5948027,-0.17865539,59.39040756225586,38.20219421386719
15,-0.4083246,-0.08250189,59.39040756225586,38.20219421386719
15,-0.33073997,-0.015353203,59.39040756225586,38.20219421386719
15,-0.23283052,-0.031400204,59.39040756225586,38.20219421386719
15,0.42994845,0.021864176,59.39040756225586,38.20219421386719
15,0.44847858,0.08572483,59.39040756225586,38.20219421386719
15,0.4039414,0.09037709,59.39040756225586,38.20219421386719
15,0.65049505,0.053346634,59.39040756225586,38.20219421386719
15,0.80499864,0.03530693,59.39040756225586,38.20219421386719
15,0.71555924,0.08313513,59.39040756225586,38.20219421386719
15,1.2981048,-0.041467667,59.39040756225586,38.20219421386719
15,1.1958787,0.026848078,59.39040756225586,38.20219421386719
15,1.0525272,0.07343316,59.39040756225586,38.20219421386719
15,1.0256541,0.079952,59.39040756225586,38.20219421386719
15,1.0972686,0.045571804,59.39040756225586,38.20219421386719
15,0.26291585,0.03396249,59.39040756225586,38.20219421386719
15,0.40012527,0.013780117,59.39040756225586,38.20219421386719
15,0.7776532,0.018027067,59.39040756225586,38.20219421386719
15,0.36683202,0.19813204,59.39040756225586,38.20219421386719
15,0.03250742,0.22702551,59.39040756225586,38.20219421386719
15,-0.31091392,0.09316397,59.39040756225586,38.20219421386719
15,-0.45886165,0.019352913,59.39040756225586,38.20219421386719
15,-0.46341616,0.023479462,59.39040756225586,38.20219421386719
15,-0.46276695,0.018285751,59.39040756225586,38.20219421386719
15,-0.4445076,0.011844635,59.39040756225586,38.20219421386719
15,-0.4274317,0.012386084,59.39040756225586,38.20219421386719
15,-0.42862272,0.0035748482,59.39040756225586,38.20219421386719
15,-0.07985258,0.02212429,59.39040756225586,38.20219421386719
15,-0.015134931,-0.19525337,59.39040756225586,38.20219421386719
15,0.26731622,-0.019567013,59.39040756225586,38.20219421386719
15,0.69623184,0.013432026,59.39040756225586,38.20219421386719
15,2.1896024,-0.40523887,59.39040756225586,38.20219421386719
15,1.933845,-0.25277567,59.39040756225586,38.20219421386719
15,1.0470235,-0.35784745,59.39040756225586,38.20219421386719
15,0.48576844,0.14781308,59.39040756225586,38.20219421386719
15,0.12892425,0.13422632,59.39040756225586,38.20219421386719
15,0.12495673,0.117854595,59.39040756225586,38.20219421386719
15,0.23536992,0.086847305,59.39040756225586,38.20219421386719
15,0.20674956,0.098281145,59.39040756225586,38.20219421386719
15,0.4877013,0.039655685,59.39040756225586,38.20219421386719
15,0.7407882,0.1502366,59.39040756225586,38.20219421386719
15,0.37220216,0.1380446,59.39040756225586,38.20219421386719
15,-0.31693935,0.070180416,59.39040756225586,38.20219421386719
15,-0.3347758,0.067742586,59.39040756225586,38.20219421386719
15,-0.48581696,0.029930353,59.39040756225586,38.20219421386719
15,-0.54292744,0.034143925,59.39040756225586,38.20219421386719
15,-0.6203572,0.0114347935,59.39040756225586,38.20219421386719
15,-0.57982427,-0.04981947,59.39040756225586,38.20219421386719
15,-0.4102776,-0.03340912,59.39040756225586,38.20219421386719
15,-0.23621142,0.00942421,59.39040756225586,38.20219421386719
15,-0.097614884,0.031208992,59.39040756225586,38.20219421386719
15,-0.21241593,0.10331702,59.39040756225586,38.20219421386719
15,0.35999155,0.05266452,59.39040756225586,38.20219421386719
15,0.46120048,0.07030797,59.39040756225586,38.20219421386719
15,0.3781011,0.07569885,59.39040756225586,38.20219421386719
15,0.2631353,0.09861755,59.39040756225586,38.20219421386719
15,0.28764892,0.092811346,59.39040756225586,38.20219421386719
15,0.3092829,0.103741884,59.39040756225586,38.20219421386719
15,0.31056392,0.10518837,59.39040756225586,38.20219421386719
15,0.30815864,0.10510874,59.39040756225586,38.20219421386719
15,0.2826457,0.1131835,59.39040756225586,38.20219421386719
15,0.40065944,0.10222435,59.39040756225586,38.20219421386719
15,0.40772867,0.103416204,59.39040756225586,38.20219421386719
15,0.24979448,0.1464026,59.39040756225586,38.20219421386719
15,-0.5706771,-0.0066764355,59.39040756225586,38.20219421386719
15,-0.42160606,0.013501167,59.39040756225586,38.20219421386719
15,-0.39708078,0.041594744,59.39040756225586,38.20219421386719
15,-0.0028797388,0.045514822,59.39040756225586,38.20219421386719
15,-0.059235692,-0.19364,59.39040756225586,38.20219421386719
15,-0.60481673,-0.08394003,59.39040756225586,38.20219421386719
15,-0.80257785,0.04003787,59.39040756225586,38.20219421386719
15,-1.3763602,-0.24161959,59.39040756225586,38.20219421386719
15,-1.3932034,-0.25602436,59.39040756225586,38.20219421386719
15,-1.3378482,-0.28922606,59.39040756225586,38.20219421386719
15,-1.0003214,-0.24080682,59.39040756225586,38.20219421386719
15,-0.8105157,-0.08776069,59.39040756225586,38.20219421386719
15,-1.1588999,-0.10021973,59.39040756225586,38.20219421386719
15,-1.3472449,-0.18553305,59.39040756225586,38.20219421386719
15,-1.5748962,-0.32586908,59.39040756225586,38.20219421386719
15,-1.1753757,-0.25914407,59.39040756225586,38.20219421386719
15,-0.7767799,-0.101722,59.39040756225586,38.20219421386719
15,-0.6496041,-0.04883337,59.39040756225586,38.20219421386719
15,-0.48624414,0.012554407,59.39040756225586,38.20219421386719
15,-0.76482385,-0.03090024,59.39040756225586,38.20219421386719
15,-0.8447492,-0.066222906,59.39040756225586,38.20219421386719
15,-0.8598069,-0.07685304,59.39040756225586,38.20219421386719
15,-0.88556993,-0.07731652,59.39040756225586,38.20219421386719
15,-0.77770764,-0.10419893,59.39040756225586,38.20219421386719
15,-0.6665961,-0.059377432,59.39040756225586,38.20219421386719
15,-0.3363316,0.030998468,59.39040756225586,38.20219421386719
15,-0.41576707,0.051134348,59.39040756225586,38.20219421386719
15,-0.40487337,0.04171443,59.39040756225586,38.20219421386719
15,-0.3866402,0.037302017,59.39040756225586,38.20219421386719
15,-0.48205382,0.04893136,59.39040756225586,38.20219421386719
15,-0.4767006,-0.040076017,59.39040756225586,38.20219421386719
15,0.063219905,0.052047968,59.39040756225586,38.20219421386719
15,0.13613486,0.073969364,59.39040756225586,38.20219421386719
15,-0.12233031,0.08652091,59.39040756225586,38.20219421386719
15,-0.09168351,0.087617636,59.39040756225586,38.20219421386719
15,-0.41223526,0.05963278,59.39040756225586,38.20219421386719
15,-0.4571756,0.032443285,59.39040756225586,38.20219421386719
15,-0.44843602,0.00645566,59.39040756225586,38.20219421386719
15,-0.41318738,0.022295475,59.39040756225586,38.20219421386719
15,-0.4943009,0.036014795,59.39040756225586,38.20219421386719
15,-0.5124136,0.019907713,59.39040756225586,38.20219421386719
15,-0.47938985,-0.31609607,59.39040756225586,38.20219421386719
15,1.1511722,-0.008099794,59.39040756225586,38.20219421386719
15,1.6016526,-0.1517222,59.39040756225586,38.20219421386719
15,1.6641934,-0.17175937,59.39040756225586,38.20219421386719
15,2.2294948,-0.433964,59.39040756225586,38.20219421386719
15,2.1365259,-0.36325955,59.39040756225586,38.20219421386719
15,2.1120996,-0.37495208,59.39040756225586,38.20219421386719
15,2.0918608,-0.3584299,59.39040756225586,38.20219421386719
15,2.067361,-0.34176874,59.39040756225586,38.20219421386719
15,1.2848632,0.020007372,59.39040756225586,38.20219421386719
15,2.108333,-0.3951106,59.39040756225586,38.20219421386719
15,0.01107657,0.156008,59.39040756225586,38.20219421386719
15,-0.060225725,0.13328743,59.39040756225586,38.20219421386719
15,-0.31810462,0.11321545,59.39040756225586,38.20219421386719
15,-0.33210075,0.08669734,59.39040756225586,38.20219421386719
15,-0.7107127,-0.0030226707,59.39040756225586,38.20219421386719
15,-0.57838,-0.03969884,59.39040756225586,38.20219421386719
15,-0.6060919,-0.010576248,59.39040756225586,38.20219421386719
15,-0.6758285,-0.041977644,59.39040756225586,38.20219421386719
15,-0.6475646,-0.048545837,59.39040756225586,38.20219421386719
15,-0.7020673,-0.04471326,59.39040756225586,38.20219421386719
15,-0.7116974,-0.052515745,59.39040756225586,38.20219421386719
15,-0.56437075,0.009002209,59.39040756225586,38.20219421386719
15,-0.5151285,-0.012924433,59.39040756225586,38.20219421386719
15,-0.41153264,0.03604722,59.39040756225586,38.20219421386719
15,-0.432119,0.016381979,59.39040756225586,38.20219421386719
15,-0.22162783,0.038342,59.39040756225586,38.20219421386719
15,0.072556615,0.054256916,59.39040756225586,38.20219421386719
15,0.016250253,0.1307292,59.39040756225586,38.20219421386719
15,0.11234689,0.06800151,59.39040756225586,38.20219421386719
15,0.33997643,0.08111358,59.39040756225586,38.20219421386719
15,0.3853768,0.09541798,59.39040756225586,38.20219421386719
15,0.3949293,0.10158515,59.39040756225586,38.20219421386719
15,0.36501372,0.09684944,59.39040756225586,38.20219421386719
15,-0.041748047,0.14672852,59.39040756225586,38.20219421386719
15,-0.3555225,0.13680148,59.39040756225586,38.20219421386719
15,-0.25106812,-0.056690216,59.39040756225586,38.20219421386719
15,0.5503708,0.0067141056,59.39040756225586,38.20219421386719
15,0.689008,-0.05727291,59.39040756225586,38.20219421386719
15,1.4251785,-0.10790515,59.39040756225586,38.20219421386719
15,0.89614105,0.13209939,59.39040756225586,38.20219421386719
15,0.7400732,0.16066098,59.39040756225586,38.20219421386719
15,1.0860529,0.011795044,59.39040756225586,38.20219421386719
15,1.4261415,0.00083088875,59.39040756225586,38.20219421386719
15,0.40525472,0.17834878,59.39040756225586,38.20219421386719
15,0.21329093,0.17921543,59.39040756225586,38.20219421386719
15,-1.5069059,-0.15192866,59.39040756225586,38.20219421386719
15,-1.1809044,-0.2977805,59.39040756225586,38.20219421386719
15,-1.4954863,-0.3290639,59.39040756225586,38.20219421386719
15,-1.3466005,-0.21837997,59.39040756225586,38.20219421386719
15,-1.5143934,-0.23029613,59.39040756225586,38.20219421386719
15,-1.5419163,-0.27441502,59.39040756225586,38.20219421386719
15,-1.4039272,-0.35735798,59.39040756225586,38.20219421386719
15,0.7504358,-0.12528563,59.39040756225586,38.20219421386719
16,0.37924135,0.19784832,38.72200012207031,25.57488441467285
16,-0.055678368,0.19432712,38.72200012207031,25.57488441467285
16,-1.0784693,-0.005000353,38.72200012207031,25.57488441467285
16,-1.169121,-0.13429809,38.72200012207031,25.57488441467285
16,0.25506532,-0.25491,38.72200012207031,25.57488441467285
16,1.1105444,-0.07920909,38.72200012207031,25.57488441467285
16,1.4211881,-0.0988965,38.72200012207031,25.57488441467285
16,1.6706061,-0.1373415,38.72200012207031,25.57488441467285
16,0.9934468,0.10221481,38.72200012207031,25.57488441467285
16,0.93628407,0.10949135,38.72200012207031,25.57488441467285
16,0.52449477,0.16387153,38.72200012207031,25.57488441467285
16,0.33728242,0.15397525,38.72200012207031,25.57488441467285
16,-0.2793821,0.1386497,38.72200012207031,25.57488441467285
16,-0.3024789,-0.0023758411,38.72200012207031,25.57488441467285
16,-0.30129623,0.021677732,38.72200012207031,25.57488441467285
16,-0.3515761,0.048864603,38.72200012207031,25.57488441467285
16,-0.027168393,0.05417347,38.72200012207031,25.57488441467285
16,0.094293475,0.06877613,38.72200012207031,25.57488441467285
16,0.22715652,0.08481479,38.72200012207031,25.57488441467285
16,0.2167691,0.09693265,38.72200012207031,25.57488441467285
16,0.3349564,0.09402442,38.72200012207031,25.57488441467285
16,0.49693894,0.101897955,38.72200012207031,25.57488441467285
16,0.40951014,0.12637019,38.72200012207031,25.57488441467285
16,0.28019226,0.15128922,38.72200012207031,25.57488441467285
16,0.23959064,0.1456182,38.72200012207031,25.57488441467285
16,-0.12618971,0.13404131,38.72200012207031,25.57488441467285
16,-0.31274176,0.074419975,38.72200012207031,25.57488441467285
16,-0.31834006,0.06932354,38.72200012207031,25.57488441467285
16,-0.31119072,0.05074072,38.72200012207031,25.57488441467285
16,-0.25434387,0.04285431,38.72200012207031,25.57488441467285
16,-0.14398062,0.050926924,38.72200012207031,25.57488441467285
16,0.06701732,0.05192995,38.72200012207031,25.57488441467285
16,0.16872823,0.047628403,38.72200012207031,25.57488441467285
16,0.6724043,0.045134783,38.72200012207031,25.57488441467285
16,0.8460126,0.039558887,38.72200012207031,25.57488441467285
16,0.78772664,0.053461313,38.72200012207031,25.57488441467285
16,0.7787843,0.06388521,38.72200012207031,25.57488441467285
16,0.66898847,0.0884006,38.72200012207031,25.57488441467285
16,0.68669486,0.10902858,38.72200012207031,25.57488441467285
16,0.50895,0.13172555,38.72200012207031,25.57488441467285
16,0.47941363,0.13168883,38.72200012207031,25.57488441467285
16,0.2194711,0.14989877,38.72200012207031,25.57488441467285
16,-0.15734792,0.1120286,38.72200012207031,25.57488441467285
16,-0.26103175,0.10056329,38.72200012207031,25.57488441467285
16,-0.77002275,-0.042510986,38.72200012207031,25.57488441467285
16,-0.7595827,-0.04885912,38.72200012207031,25.57488441467285
16,-0.731382,-0.057041883,38.72200012207031,25.57488441467285
16,-0.6048174,-0.036767483,38.72200012207031,25.57488441467285
16,-0.60621285,-0.025310755,38.72200012207031,25.57488441467285
16,-0.29114127,-0.062851906,38.72200012207031,25.57488441467285
16,0.37893343,-0.006315708,38.72200012207031,25.57488441467285
16,0.44108105,0.022260666,38.72200012207031,25.57488441467285
16,0.7331712,0.034935713,38.72200012207031,25.57488441467285
16,1.0036831,0.052687883,38.72200012207031,25.57488441467285
16,0.9498756,0.08110595,38.72200012207031,25.57488441467285
16,0.84327817,0.116197824,38.72200012207031,25.57488441467285
16,0.7816427,0.12653708,38.72200012207031,25.57488441467285
16,0.4272915,0.1589539,38.72200012207031,25.57488441467285
16,0.17728662,0.16935205,38.72200012207031,25.57488441467285
16,0.05411601,0.11934662,38.72200012207031,25.57488441467285
16,0.13992798,0.087881565,38.72200012207031,25.57488441467285
16,0.14660597,0.10332656,38.72200012207031,25.57488441467285
16,0.14382851,0.10315132,38.72200012207031,25.57488441467285
16,-0.25239754,0.10507774,38.72200012207031,25.57488441467285
16,-0.32713044,0.07310271,38.72200012207031,25.57488441467285
16,-0.42902398,0.048066616,38.72200012207031,25.57488441467285
16,-0.46436316,0.0374918,38.72200012207031,25.57488441467285
16,-0.48991907,0.02556324,38.72200012207031,25.57488441467285
16,-0.5347119,0.014234543,38.72200012207031,25.57488441467285
16,-0.53047144,0.0028042793,38.72200012207031,25.57488441467285
16,-0.43859076,-0.013101578,38.72200012207031,25.57488441467285
16,-0.2523564,-0.018234015,38.72200012207031,25.57488441467285
16,-0.53582656,0.012981892,38.72200012207031,25.57488441467285
16,-0.52012724,0.0039508343,38.72200012207031,25.57488441467285
16,-0.5082429,0.0030605793,38.72200012207031,25.57488441467285
16,-0.28875828,-0.0029370785,38.72200012207031,25.57488441467285
16,-0.14540577,0.040308,38.72200012207031,25.57488441467285
16,-0.11424339,0.039807796,38.72200012207031,25.57488441467285
16,0.113511205,0.05801916,38.72200012207031,25.57488441467285
16,0.4545858,0.17455363,38.72200012207031,25.57488441467285
16,0.54344726,0.12064433,38.72200012207031,25.57488441467285
16,0.22252107,0.11172247,38.72200012207031,25.57488441467285
16,0.24241829,0.10420847,38.72200012207031,25.57488441467285
16,0.3421712,0.06469488,38.72200012207031,25.57488441467285
16,0.3532914,0.09369135,38.72200012207031,25.57488441467285
16,0.36329162,0.115945816,38.72200012207031,25.57488441467285
16,0.062475324,0.12272334,38.72200012207031,25.57488441467285
16,-0.080794096,0.11627221,38.72200012207031,25.57488441467285
16,-0.22188473,0.10640335,38.72200012207031,25.57488441467285
16,-0.3277334,0.06866622,38.72200012207031,25.57488441467285
16,-0.45709807,0.045340538,38.72200012207031,25.57488441467285
16,-0.62100095,-0.007961988,38.72200012207031,25.57488441467285
16,-0.6249022,-0.009424925,38.72200012207031,25.57488441467285
16,-0.62653035,-0.027869701,38.72200012207031,25.57488441467285
16,-0.5841549,-0.023051023,38.72200012207031,25.57488441467285
16,-0.56891686,-0.020139694,38.72200012207031,25.57488441467285
16,-0.344553,0.0040733814,38.72200012207031,25.57488441467285
16,-0.33184028,0.04448843,38.72200012207031,25.57488441467285
16,-0.2874019,0.020887852,38.72200012207031,25.57488441467285
16,-0.57931083,0.023012877,38.72200012207031,25.57488441467285
16,-0.64652467,-0.12911558,38.72200012207031,25.57488441467285
16,-0.5737905,-0.107165575,38.72200012207031,25.57488441467285
16,0.2523384,0.03491974,38.72200012207031,25.57488441467285
16,0.3330984,0.056960583,38.72200012207031,25.57488441467285
16,0.27409267,0.1233592,38.72200012207031,25.57488441467285
16,0.1092118,0.11827111,38.72200012207031,25.57488441467285
16,-0.019400835,0.11032343,38.72200012207031,25.57488441467285
16,-0.08346164,0.112015486,38.72200012207031,25.57488441467285
16,-0.116269946,0.108597994,38.72200012207031,25.57488441467285
16,-0.3082279,0.088719845,38.72200012207031,25.57488441467285
16,-0.5118455,0.04289794,38.72200012207031,25.57488441467285
16,-0.6277075,0.013108969,38.72200012207031,25.57488441467285
16,-0.32162476,-0.07892203,38.72200012207031,25.57488441467285
16,0.74632597,0.16176867,38.72200012207031,25.57488441467285
16,0.5622802,0.14676881,38.72200012207031,25.57488441467285
16,0.4969796,0.15887785,38.72200012207031,25.57488441467285
16,-0.16524076,0.16139817,38.72200012207031,25.57488441467285
16,-0.4944923,0.13042307,38.72200012207031,25.57488441467285
16,-0.5936874,0.089809895,38.72200012207031,25.57488441467285
16,-0.86350244,-0.073230505,38.72200012207031,25.57488441467285
16,-0.68045944,-0.08430219,38.72200012207031,25.57488441467285
16,-0.29240513,-0.050731897,38.72200012207031,25.57488441467285
16,0.41326964,0.046352863,38.72200012207031,25.57488441467285
16,0.46911263,-0.008185387,38.72200012207031,25.57488441467285
16,1.0832431,0.012116671,38.72200012207031,25.57488441467285
16,0.78048635,0.14019918,38.72200012207031,25.57488441467285
16,0.54671896,0.16086721,38.72200012207031,25.57488441467285
16,0.44101286,0.1531229,38.72200012207031,25.57488441467285
16,0.15880048,0.13718224,38.72200012207031,25.57488441467285
16,-0.081599355,0.09266496,38.72200012207031,25.57488441467285
16,-0.14448047,0.07994127,38.72200012207031,25.57488441467285
16,-0.20477998,0.082223654,38.72200012207031,25.57488441467285
16,-0.24755323,0.08763504,38.72200012207031,25.57488441467285
16,-0.0647949,0.08858943,38.72200012207031,25.57488441467285
16,-0.09519148,0.0861454,38.72200012207031,25.57488441467285
16,-0.10663426,0.08396959,38.72200012207031,25.57488441467285
16,-0.16453624,0.10117173,38.72200012207031,25.57488441467285
16,-0.37957227,0.071915865,38.72200012207031,25.57488441467285
16,-0.54994774,0.0431242,38.72200012207031,25.57488441467285
16,-0.67888516,0.02080059,38.72200012207031,25.57488441467285
16,-0.72648305,-0.026090384,38.72200012207031,25.57488441467285
16,-0.7310975,-0.031078339,38.72200012207031,25.57488441467285
16,-0.74386024,-0.058521748,38.72200012207031,25.57488441467285
16,-0.66520065,-0.041254997,38.72200012207031,25.57488441467285
16,-0.38461673,0.021185637,38.72200012207031,25.57488441467285
16,-0.38922358,0.03157139,38.72200012207031,25.57488441467285
16,-0.37941742,0.030248642,38.72200012207031,25.57488441467285
16,-0.35263813,0.041142464,38.72200012207031,25.57488441467285
16,-0.3354677,0.03614497,38.72200012207031,25.57488441467285
16,-0.36645114,0.05266285,38.72200012207031,25.57488441467285
16,-0.83366495,-0.09134436,38.72200012207031,25.57488441467285
16,-0.22358656,-0.21772814,38.72200012207031,25.57488441467285
16,-0.0023257732,-0.1899805,38.72200012207031,25.57488441467285
16,0.22058797,-0.15682721,38.72200012207031,25.57488441467285
16,0.65896773,0.009985924,38.72200012207031,25.57488441467285
16,1.2269418,-0.046453714,38.72200012207031,25.57488441467285
16,1.3750353,-0.08316302,38.72200012207031,25.57488441467285
16,0.9417515,0.13197827,38.72200012207031,25.57488441467285
16,-0.51243055,-0.008303165,38.72200012207031,25.57488441467285
16,-0.3841617,0.023423195,38.72200012207031,25.57488441467285
16,-0.34080696,0.031270266,38.72200012207031,25.57488441467285
16,-0.37421215,0.022281408,38.72200012207031,25.57488441467285
16,-0.2860279,0.034274817,38.72200012207031,25.57488441467285
16,-0.1568067,0.045315504,38.72200012207031,25.57488441467285
16,-0.09796655,0.06607652,38.72200012207031,25.57488441467285
16,-0.07344961,0.06612539,38.72200012207031,25.57488441467285
16,0.7030153,0.054314613,38.72200012207031,25.57488441467285
16,0.57251954,0.08331275,38.72200012207031,25.57488441467285
16,-0.057894588,0.11478448,38.72200012207031,25.57488441467285
16,-0.0661093,0.05025053,38.72200012207031,25.57488441467285
16,0.054247975,0.07918692,38.72200012207031,25.57488441467285
16,0.08417308,0.10049057,38.72200012207031,25.57488441467285
16,-0.042870164,0.09913111,38.72200012207031,25.57488441467285
16,-0.047546983,0.08929682,38.72200012207031,25.57488441467285
16,-0.62781173,0.07613635,38.72200012207031,25.57488441467285
16,-0.67514604,0.047834635,38.72200012207031,25.57488441467285
16,-0.8194385,-0.07081008,38.72200012207031,25.57488441467285
16,-0.17935383,-0.060337067,38.72200012207031,25.57488441467285
16,-0.063008666,0.016089916,38.72200012207031,25.57488441467285
16,-0.0414809,0.11006737,38.72200012207031,25.57488441467285
16,-0.15360987,0.09991932,38.72200012207031,25.57488441467285
16,-0.36934078,0.08326912,38.72200012207031,25.57488441467285
16,0.80117106,-0.029185057,38.72200012207031,25.57488441467285
16,1.0607862,-0.04113555,38.72200012207031,25.57488441467285
16,0.6561258,0.1494348,38.72200012207031,25.57488441467285
16,0.2977469,0.14968109,38.72200012207031,25.57488441467285
16,0.012065768,0.15211987,38.72200012207031,25.57488441467285
16,-0.63758975,0.079402685,38.72200012207031,25.57488441467285
16,-0.81618977,-0.039432287,38.72200012207031,25.57488441467285
16,-0.13605714,-0.02157569,38.72200012207031,25.57488441467285
16,-0.046358466,0.02256751,38.72200012207031,25.57488441467285
16,0.35265434,0.057909966,38.72200012207031,25.57488441467285
16,0.43790185,0.06415248,38.72200012207031,25.57488441467285
16,0.5119741,0.09860587,38.72200012207031,25.57488441467285
16,0.2796843,0.17661214,38.72200012207031,25.57488441467285
16,0.052467823,0.16878772,38.72200012207031,25.57488441467285
16,0.030904531,0.13878226,38.72200012207031,25.57488441467285
16,0.013115644,0.12719011,38.72200012207031,25.57488441467285
16,-0.5960559,0.045421362,38.72200012207031,25.57488441467285
16,-0.70012116,0.016250849,38.72200012207031,25.57488441467285
16,-0.14369917,0.00733757,38.72200012207031,25.57488441467285
16,-0.12229955,0.025739908,38.72200012207031,25.57488441467285
16,-0.08448148,0.0531137,38.72200012207031,25.57488441467285
16,-0.63210297,0.009128571,38.72200012207031,25.57488441467285
16,-0.62546945,-0.0045285225,38.72200012207031,25.57488441467285
16,-0.6788523,-0.011412144,38.72200012207031,25.57488441467285
16,-0.64532155,-0.032966137,38.72200012207031,25.57488441467285
16,-0.63180196,-0.032541275,38.72200012207031,25.57488441467285
16,-0.52709466,-0.00523901,38.72200012207031,25.57488441467285
16,-0.44751143,-0.0018043518,38.72200012207031,25.57488441467285
16,-0.4105674,0.025571346,38.72200012207031,25.57488441467285
16,-0.3901652,0.034489155,38.72200012207031,25.57488441467285
16,-0.4985497,7.843971e-05,38.72200012207031,25.57488441467285
16,-0.49757898,0.013601065,38.72200012207031,25.57488441467285
16,-0.45722526,0.01565957,38.72200012207031,25.57488441467285
16,-0.06847155,0.030740976,38.72200012207031,25.57488441467285
16,-0.037804365,0.0444746,38.72200012207031,25.57488441467285
16,0.06635749,0.08236933,38.72200012207031,25.57488441467285
16,0.048336506,0.099803925,38.72200012207031,25.57488441467285
16,0.027853727,0.09511638,38.72200012207031,25.57488441467285
16,0.018435001,0.09554458,38.72200012207031,25.57488441467285
16,-0.012014508,0.09528041,38.72200012207031,25.57488441467285
16,1.0786893,-0.030560255,38.72200012207031,25.57488441467285
16,1.2469532,-0.05704689,38.72200012207031,25.57488441467285
16,1.3629482,-0.04084587,38.72200012207031,25.57488441467285
16,1.3201723,-0.013352871,38.72200012207031,25.57488441467285
16,1.1609545,0.037184,38.72200012207031,25.57488441467285
16,0.4369172,0.09886575,38.72200012207031,25.57488441467285
16,0.67499113,0.077008724,38.72200012207031,25.57488441467285
16,0.700269,0.08035231,38.72200012207031,25.57488441467285
16,0.701725,0.09335089,38.72200012207031,25.57488441467285
16,0.6220727,0.11484647,38.72200012207031,25.57488441467285
16,0.7575784,0.14620423,38.72200012207031,25.57488441467285
16,0.7317953,0.090723276,38.72200012207031,25.57488441467285
16,0.71329784,0.10201979,38.72200012207031,25.57488441467285
16,0.7544277,0.08583307,38.72200012207031,25.57488441467285
16,0.77847195,0.082826376,38.72200012207031,25.57488441467285
16,0.7840936,0.089025974,38.72200012207031,25.57488441467285
16,0.71191,0.11663461,38.72200012207031,25.57488441467285
16,0.7185106,0.17219281,38.72200012207031,25.57488441467285
16,0.5433755,0.12806273,38.72200012207031,25.57488441467285
16,-0.068484426,0.1617508,38.72200012207031,25.57488441467285
16,-0.26036406,0.15177059,38.72200012207031,25.57488441467285
16,-0.36646235,0.016113997,38.72200012207031,25.57488441467285
16,-0.2338947,0.015661716,38.72200012207031,25.57488441467285
16,-0.042675138,0.018420458,38.72200012207031,25.57488441467285
16,0.18630338,0.03063941,38.72200012207031,25.57488441467285
16,0.39057946,0.08500767,38.72200012207031,25.57488441467285
16,0.33391094,0.13264203,38.72200012207031,25.57488441467285
16,0.3276447,0.10381365,38.72200012207031,25.57488441467285
16,0.4103074,0.05073762,38.72200012207031,25.57488441467285
16,0.5051415,0.118819,38.72200012207031,25.57488441467285
16,0.14715874,0.12428117,38.72200012207031,25.57488441467285
16,0.14632642,0.11481309,38.72200012207031,25.57488441467285
16,0.12696433,0.11058116,38.72200012207031,25.57488441467285
16,0.031767964,0.11912179,38.72200012207031,25.57488441467285
16,-0.12004936,0.10517311,38.72200012207031,25.57488441467285
16,-0.15903568,0.07994199,38.72200012207031,25.57488441467285
16,-0.18960273,0.065965414,38.72200012207031,25.57488441467285
16,-0.284034,0.06455445,38.72200012207031,25.57488441467285
16,-0.26684284,0.03309679,38.72200012207031,25.57488441467285
16,-0.11574578,0.01782155,38.72200012207031,25.57488441467285
16,-0.14177692,0.08217263,38.72200012207031,25.57488441467285
16,-0.03942907,0.030308485,38.72200012207031,25.57488441467285
16,-0.12016344,0.085942745,38.72200012207031,25.57488441467285
16,0.0012446642,0.04941678,38.72200012207031,25.57488441467285
16,-0.002702117,0.07233858,38.72200012207031,25.57488441467285
16,0.7033584,-0.005102873,38.72200012207031,25.57488441467285
16,1.6949584,-0.20417619,38.72200012207031,25.57488441467285
16,0.8430102,0.13446403,38.72200012207031,25.57488441467285
16,0.59611726,0.15132332,38.72200012207031,25.57488441467285
16,0.4120754,0.14092255,38.72200012207031,25.57488441467285
16,0.2246598,0.1530664,38.72200012207031,25.57488441467285
16,-0.10791826,0.061828613,38.72200012207031,25.57488441467285
16,-0.45189333,-0.021079302,38.72200012207031,25.57488441467285
16,-0.18299317,0.032758713,38.72200012207031,25.57488441467285
16,-0.14817846,0.051172495,38.72200012207031,25.57488441467285
16,0.2699592,0.0708518,38.72200012207031,25.57488441467285
16,0.46632218,0.09052205,38.72200012207031,25.57488441467285
16,0.4733796,0.09893465,38.72200012207031,25.57488441467285
16,0.82442045,-0.14711022,38.72200012207031,25.57488441467285
16,0.5021982,0.08409929,38.72200012207031,25.57488441467285
16,0.27993846,0.14923406,38.72200012207031,25.57488441467285
16,-0.067502975,0.19492579,38.72200012207031,25.57488441467285
16,-0.6158183,0.080905914,38.72200012207031,25.57488441467285
16,-0.54827285,-0.06476951,38.72200012207031,25.57488441467285
16,-0.5632172,-0.030409098,38.72200012207031,25.57488441467285
16,-0.63192797,-0.049204588,38.72200012207031,25.57488441467285
16,-0.5844714,-0.048200607,38.72200012207031,25.57488441467285
16,-0.33217704,-0.011610746,38.72200012207031,25.57488441467285
16,-0.22629702,0.034174442,38.72200012207031,25.57488441467285
16,0.1906532,-0.032002687,38.72200012207031,25.57488441467285
16,0.2849574,-0.01951766,38.72200012207031,25.57488441467285
16,0.82192373,-0.04105234,38.72200012207031,25.57488441467285
16,0.9030757,-0.035004854,38.72200012207031,25.57488441467285
16,0.94578195,-0.028879404,38.72200012207031,25.57488441467285
16,0.96408844,-0.028223038,38.72200012207031,25.57488441467285
16,1.0318427,-0.037849188,38.72200012207031,25.57488441467285
16,1.0517826,-0.038847923,38.72200012207031,25.57488441467285
16,1.2046223,-0.053257942,38.72200012207031,25.57488441467285
16,1.192203,-0.029994965,38.72200012207031,25.57488441467285
16,1.2456777,-0.035269022,38.72200012207031,25.57488441467285
16,1.3148417,-0.07371044,38.72200012207031,25.57488441467285
16,1.4487417,-0.1265912,38.72200012207031,25.57488441467285
16,1.335748,-0.07150221,38.72200012207031,25.57488441467285
16,1.2939932,-0.056349277,38.72200012207031,25.57488441467285
16,1.2044706,-0.024376392,38.72200012207031,25.57488441467285
16,1.1614635,-0.011568069,38.72200012207031,25.57488441467285
16,1.1598506,0.012195587,38.72200012207031,25.57488441467285
16,1.0921497,0.040832043,38.72200012207031,25.57488441467285
16,1.040024,0.055767775,38.72200012207031,25.57488441467285
16,0.16124785,0.16877437,38.72200012207031,25.57488441467285
16,0.044086456,0.15854096,38.72200012207031,25.57488441467285
16,-0.87737435,-0.119663,38.72200012207031,25.57488441467285
16,-0.6202236,-0.15148759,38.72200012207031,25.57488441467285
16,0.80338645,-0.029996157,38.72200012207031,25.57488441467285
16,1.0471652,-0.03834915,38.72200012207031,25.57488441467285
16,1.2061262,0.008591175,38.72200012207031,25.57488441467285
16,1.1253588,0.056147337,38.72200012207031,25.57488441467285
16,1.0987465,0.060403347,38.72200012207031,25.57488441467285
16,0.600075,0.14819884,38.72200012207031,25.57488441467285
16,0.49236202,0.1595614,38.72200012207031,25.57488441467285
16,0.4259838,0.16176033,38.72200012207031,25.57488441467285
16,0.33443356,0.1744473,38.72200012207031,25.57488441467285
16,-0.33786917,0.1459024,38.72200012207031,25.57488441467285
16,-0.8071993,-0.017501116,38.72200012207031,25.57488441467285
16,-0.8595061,-0.09019327,38.72200012207031,25.57488441467285
16,-0.7570211,-0.0971396,38.72200012207031,25.57488441467285
16,-0.6219305,-0.0519197,38.72200012207031,25.57488441467285
16,-0.44122875,-0.027240992,38.72200012207031,25.57488441467285
16,-0.41793287,-0.013194084,38.72200012207031,25.57488441467285
16,-0.3393972,0.03870988,38.72200012207031,25.57488441467285
16,-0.15297103,0.06386495,38.72200012207031,25.57488441467285
16,-0.08043718,0.08964038,38.72200012207031,25.57488441467285
16,-0.08394992,0.08276129,38.72200012207031,25.57488441467285
16,-0.11574769,0.10066676,38.72200012207031,25.57488441467285
16,-0.104669094,0.081379175,38.72200012207031,25.57488441467285
16,-0.09390032,0.07278228,38.72200012207031,25.57488441467285
16,-0.08577192,0.075297594,38.72200012207031,25.57488441467285
16,-0.07550776,0.07503033,38.72200012207031,25.57488441467285
16,0.39228165,0.11826897,38.72200012207031,25.57488441467285
16,0.27295768,0.1367507,38.72200012207031,25.57488441467285
16,-0.03750038,0.15713668,38.72200012207031,25.57488441467285
16,-0.638835,-0.020132303,38.72200012207031,25.57488441467285
16,-0.28476536,0.043258905,38.72200012207031,25.57488441467285
16,-0.2948575,0.045411825,38.72200012207031,25.57488441467285
16,-0.32909012,0.051196337,38.72200012207031,25.57488441467285
16,-0.22620869,0.02606678,38.72200012207031,25.57488441467285
16,-0.19753587,0.038491726,38.72200012207031,25.57488441467285
16,-0.14532125,0.049484015,38.72200012207031,25.57488441467285
16,-0.22531414,0.081535816,38.72200012207031,25.57488441467285
16,-0.24067831,0.07927847,38.72200012207031,25.57488441467285
16,-0.34119105,0.065499544,38.72200012207031,25.57488441467285
16,-0.35252142,0.04627967,38.72200012207031,25.57488441467285
16,-0.36138844,0.048772097,38.72200012207031,25.57488441467285
16,-0.39977324,0.037683725,38.72200012207031,25.57488441467285
16,-0.44160318,0.059523582,38.72200012207031,25.57488441467285
16,-0.47312313,0.04410696,38.72200012207031,25.57488441467285
16,-0.5089051,0.032151222,38.72200012207031,25.57488441467285
16,-0.52489996,0.029074907,38.72200012207031,25.57488441467285
16,-0.5526124,0.014061451,38.72200012207031,25.57488441467285
16,-0.68904054,-0.006307602,38.72200012207031,25.57488441467285
16,-0.5134256,-0.071694136,38.72200012207031,25.57488441467285
16,-0.29113793,0.019391298,38.72200012207031,25.57488441467285
16,-0.35623848,0.050923586,38.72200012207031,25.57488441467285
16,-0.3320477,0.048295736,38.72200012207031,25.57488441467285
16,-0.17703533,0.008145332,38.72200012207031,25.57488441467285
16,-0.042988658,0.06860185,38.72200012207031,25.57488441467285
16,-0.15974128,-0.014646292,38.72200012207031,25.57488441467285
16,-0.06870806,-0.00078749657,38.72200012207031,25.57488441467285
16,0.2230196,0.017653704,38.72200012207031,25.57488441467285
16,0.6535158,0.06413317,38.72200012207031,25.57488441467285
16,0.7219856,0.099244595,38.72200012207031,25.57488441467285
16,0.67351294,0.116888285,38.72200012207031,25.57488441467285
16,0.6375549,0.120651245,38.72200012207031,25.57488441467285
16,0.5317391,0.13243079,38.72200012207031,25.57488441467285
16,0.4940076,0.13615656,38.72200012207031,25.57488441467285
16,0.096645236,0.13921261,38.72200012207031,25.57488441467285
16,-0.12490213,0.12447548,38.72200012207031,25.57488441467285
16,-0.3252058,-0.05615139,38.72200012207031,25.57488441467285
16,-0.049832463,0.04152751,38.72200012207031,25.57488441467285
16,0.017900467,0.058869362,38.72200012207031,25.57488441467285
16,0.06823611,0.08180189,38.72200012207031,25.57488441467285
16,-0.09202647,0.096619606,38.72200012207031,25.57488441467285
16,-0.120152354,0.09223938,38.72200012207031,25.57488441467285
16,-0.13482559,0.08291793,38.72200012207031,25.57488441467285
16,-0.28200257,0.0891552,38.72200012207031,25.57488441467285
16,-0.3050555,0.07994175,38.72200012207031,25.57488441467285
16,-0.31238174,0.07865906,38.72200012207031,25.57488441467285
16,-0.848688,-0.0201962,38.72200012207031,25.57488441467285
16,-0.91189456,-0.07787442,38.72200012207031,25.57488441467285
16,0.15154457,-0.36823797,38.72200012207031,25.57488441467285
16,0.7286041,-0.17800665,38.72200012207031,25.57488441467285
16,0.995116,-0.0720849,38.72200012207031,25.57488441467285
16,0.8114252,0.09551954,38.72200012207031,25.57488441467285
16,0.72598934,0.11859107,38.72200012207031,25.57488441467285
16,0.6240339,0.13766813,38.72200012207031,25.57488441467285
16,0.39108145,0.104445934,38.72200012207031,25.57488441467285
16,0.45462704,0.086462736,38.72200012207031,25.57488441467285
16,0.57846427,0.11940408,38.72200012207031,25.57488441467285
17,2.3182516,-0.51695347,60.6687126159668,44.26536560058594
17,2.4267664,-0.5606768,60.6687126159668,44.26536560058594
17,2.5334601,-0.49633598,60.6687126159668,44.26536560058594
17,2.5225542,-0.6027858,60.6687126159668,44.26536560058594
17,2.4851625,-0.5844531,60.6687126159668,44.26536560058594
17,2.311232,-0.504143,60.6687126159668,44.26536560058594
17,2.5578105,-0.61633134,60.6687126159668,44.26536560058594
17,2.3160691,-0.47539377,60.6687126159668,44.26536560058594
17,2.1486588,-0.36884236,60.6687126159668,44.26536560058594
17,1.7445476,-0.16637301,60.6687126159668,44.26536560058594
17,1.6455312,-0.016120434,60.6687126159668,44.26536560058594
17,0.963706,0.11702943,60.6687126159668,44.26536560058594
17,-0.5197432,0.11193776,60.6687126159668,44.26536560058594
17,-0.5583596,0.04351425,60.6687126159668,44.26536560058594
17,-1.0073998,0.015009403,60.6687126159668,44.26536560058594
17,-1.1091108,-0.0780375,60.6687126159668,44.26536560058594
17,-1.1641637,-0.13394213,60.6687126159668,44.26536560058594
17,-0.8757909,-0.29890847,60.6687126159668,44.26536560058594
17,-0.47558278,-0.06407142,60.6687126159668,44.26536560058594
17,0.06763232,0.030327797,60.6687126159668,44.26536560058594
17,0.015874505,0.036900282,60.6687126159668,44.26536560058594
17,0.47547138,0.10670781,60.6687126159668,44.26536560058594
17,0.48848736,0.05283165,60.6687126159668,44.26536560058594
17,1.0658123,-0.08317447,60.6687126159668,44.26536560058594
17,1.3523417,-0.052425385,60.6687126159668,44.26536560058594
17,1.9415889,-0.34154034,60.6687126159668,44.26536560058594
17,1.7969687,-0.20776033,60.6687126159668,44.26536560058594
17,1.3836191,-0.027788877,60.6687126159668,44.26536560058594
17,1.6854489,-0.13464952,60.6687126159668,44.26536560058594
17,1.4411128,-0.039270163,60.6687126159668,44.26536560058594
17,1.4224072,-0.04158449,60.6687126159668,44.26536560058594
17,1.2969494,0.022954464,60.6687126159668,44.26536560058594
17,1.233227,-0.08641052,60.6687126159668,44.26536560058594
17,0.6571295,0.08799505,60.6687126159668,44.26536560058594
17,1.2109661,-0.013086081,60.6687126159668,44.26536560058594
17,0.8219912,0.07662034,60.6687126159668,44.26536560058594
17,0.22137702,0.19370246,60.6687126159668,44.26536560058594
17,0.050266862,0.14394283,60.6687126159668,44.26536560058594
17,-0.16259003,0.021067142,60.6687126159668,44.26536560058594
17,0.07890296,0.028200626,60.6687126159668,44.26536560058594
17,0.08270359,0.10953474,60.6687126159668,44.26536560058594
17,0.16953266,0.05280447,60.6687126159668,44.26536560058594
17,0.24745643,0.057067633,60.6687126159668,44.26536560058594
17,-0.21690679,0.12707138,60.6687126159668,44.26536560058594
17,-0.19331777,0.092666626,60.6687126159668,44.26536560058594
17,-0.33617342,0.0973804,60.6687126159668,44.26536560058594
17,-0.14291704,0.028626204,60.6687126159668,44.26536560058594
17,-0.23373139,0.04636526,60.6687126159668,44.26536560058594
17,-0.46022248,0.13558292,60.6687126159668,44.26536560058594
17,-0.20635867,-0.04371023,60.6687126159668,44.26536560058594
17,0.16637993,0.013950825,60.6687126159668,44.26536560058594
17,1.0711143,0.055614233,60.6687126159668,44.26536560058594
17,0.972837,0.087050915,60.6687126159668,44.26536560058594
17,0.25900173,0.17929268,60.6687126159668,44.26536560058594
17,0.15281415,0.12717271,60.6687126159668,44.26536560058594
17,0.302171,0.049044132,60.6687126159668,44.26536560058594
17,-0.24825382,0.05701661,60.6687126159668,44.26536560058594
17,-0.018187642,0.03751993,60.6687126159668,44.26536560058594
17,0.31608045,0.031002283,60.6687126159668,44.26536560058594
17,0.42044616,0.021681547,60.6687126159668,44.26536560058594
17,1.9661086,-0.3542037,60.6687126159668,44.26536560058594
17,2.0275412,-0.42011,60.6687126159668,44.26536560058594
17,2.3060627,-0.6114991,60.6687126159668,44.26536560058594
17,2.5330846,-0.6482158,60.6687126159668,44.26536560058594
17,3.1779594,-1.0714803,60.6687126159668,44.26536560058594
17,3.2127795,-1.0684879,60.6687126159668,44.26536560058594
17,3.0949097,-1.0218294,60.6687126159668,44.26536560058594
17,3.1214871,-1.0196223,60.6687126159668,44.26536560058594
17,2.4569454,-0.54243374,60.6687126159668,44.26536560058594
17,2.2913895,-0.44997835,60.6687126159668,44.26536560058594
17,1.5475633,-0.081352234,60.6687126159668,44.26536560058594
17,0.055594444,0.19378948,60.6687126159668,44.26536560058594
17,-0.06504464,0.19128513,60.6687126159668,44.26536560058594
17,0.4723413,0.060264826,60.6687126159668,44.26536560058594
17,0.5681603,0.04067707,60.6687126159668,44.26536560058594
17,0.7859516,0.20060682,60.6687126159668,44.26536560058594
17,0.679868,0.05048275,60.6687126159668,44.26536560058594
17,1.1168537,-0.0067801476,60.6687126159668,44.26536560058594
17,0.96701765,0.043335438,60.6687126159668,44.26536560058594
17,1.2587559,-0.037687063,60.6687126159668,44.26536560058594
17,1.3906312,-0.09135175,60.6687126159668,44.26536560058594
17,1.5110381,-0.12041569,60.6687126159668,44.26536560058594
17,1.5747023,-0.13521576,60.6687126159668,44.26536560058594
17,1.4396536,-0.05654764,60.6687126159668,44.26536560058594
17,1.2681837,0.02547431,60.6687126159668,44.26536560058594
17,1.6285961,-0.1686573,60.6687126159668,44.26536560058594
17,1.6806562,-0.14104891,60.6687126159668,44.26536560058594
17,1.3879244,-0.011027575,60.6687126159668,44.26536560058594
17,1.3149877,0.011322498,60.6687126159668,44.26536560058594
17,0.92326427,0.17215014,60.6687126159668,44.26536560058594
17,0.7902005,0.16866398,60.6687126159668,44.26536560058594
17,1.0118663,0.047379255,60.6687126159668,44.26536560058594
17,0.63019705,0.15515876,60.6687126159668,44.26536560058594
17,0.10446322,0.16723657,60.6687126159668,44.26536560058594
17,-0.7655716,-0.06417751,60.6687126159668,44.26536560058594
17,-0.743123,-0.03840661,60.6687126159668,44.26536560058594
17,-0.7912632,-0.048341513,60.6687126159668,44.26536560058594
17,-0.6357432,-0.076883316,60.6687126159668,44.26536560058594
17,-0.39669263,-0.045880556,60.6687126159668,44.26536560058594
17,-0.5651699,0.04026389,60.6687126159668,44.26536560058594
17,-0.65614337,0.02654457,60.6687126159668,44.26536560058594
17,0.054795504,-0.013551712,60.6687126159668,44.26536560058594
17,-0.010353327,0.03923273,60.6687126159668,44.26536560058594
17,0.4130411,0.13774228,60.6687126159668,44.26536560058594
17,0.38449693,0.10384297,60.6687126159668,44.26536560058594
17,0.42206728,0.10709691,60.6687126159668,44.26536560058594
17,0.5132463,0.06844473,60.6687126159668,44.26536560058594
17,0.48338103,0.11386585,60.6687126159668,44.26536560058594
17,0.6210768,-0.044725418,60.6687126159668,44.26536560058594
17,1.1363378,0.034784555,60.6687126159668,44.26536560058594
17,0.83020115,0.112490416,60.6687126159668,44.26536560058594
17,0.63261795,0.13091254,60.6687126159668,44.26536560058594
17,-0.07413983,0.10117102,60.6687126159668,44.26536560058594
17,-0.107256055,0.052310467,60.6687126159668,44.26536560058594
17,0.012050629,0.023497581,60.6687126159668,44.26536560058594
17,0.4506321,0.044979572,60.6687126159668,44.26536560058594
17,0.50456786,0.047801733,60.6687126159668,44.26536560058594
17,1.1369016,-0.10468912,60.6687126159668,44.26536560058594
17,1.2054908,-0.057079077,60.6687126159668,44.26536560058594
17,1.2204483,-0.31860828,60.6687126159668,44.26536560058594
17,1.5660675,-0.2935922,60.6687126159668,44.26536560058594
17,1.4062829,-0.010266304,60.6687126159668,44.26536560058594
17,1.4078743,-0.033448935,60.6687126159668,44.26536560058594
17,1.3850157,-0.021490097,60.6687126159668,44.26536560058594
17,1.2865362,0.028125763,60.6687126159668,44.26536560058594
17,0.91971254,0.13936806,60.6687126159668,44.26536560058594
17,0.6954565,0.1768949,60.6687126159668,44.26536560058594
17,0.29538918,0.11579275,60.6687126159668,44.26536560058594
17,0.31423295,0.10641837,60.6687126159668,44.26536560058594
17,0.335593,0.10023093,60.6687126159668,44.26536560058594
17,-0.9373136,-0.19801211,60.6687126159668,44.26536560058594
17,-1.2474104,-0.18680406,60.6687126159668,44.26536560058594
17,-1.4318619,-0.3016138,60.6687126159668,44.26536560058594
17,-0.79711324,-0.3715737,60.6687126159668,44.26536560058594
17,-0.18442786,-0.09270716,60.6687126159668,44.26536560058594
17,0.07805598,0.01595211,60.6687126159668,44.26536560058594
17,0.19056427,-0.03754306,60.6687126159668,44.26536560058594
17,0.2436018,-0.0068490505,60.6687126159668,44.26536560058594
17,0.6176908,0.0034947395,60.6687126159668,44.26536560058594
17,0.8129182,0.12245512,60.6687126159668,44.26536560058594
17,0.541242,0.17651272,60.6687126159668,44.26536560058594
17,0.50467694,0.15467334,60.6687126159668,44.26536560058594
17,-0.08266616,-0.121294975,60.6687126159668,44.26536560058594
17,-0.047508,-0.009503126,60.6687126159668,44.26536560058594
17,-0.13229918,0.067628145,60.6687126159668,44.26536560058594
17,-0.6124511,0.067542315,60.6687126159668,44.26536560058594
17,-0.71688694,-0.069988966,60.6687126159668,44.26536560058594
17,-0.5057409,-0.09962487,60.6687126159668,44.26536560058594
17,-0.16040397,0.026800156,60.6687126159668,44.26536560058594
17,-0.097403765,0.06820965,60.6687126159668,44.26536560058594
17,-0.136433,0.09549403,60.6687126159668,44.26536560058594
17,-0.03378582,0.02324295,60.6687126159668,44.26536560058594
17,0.05392587,0.068516016,60.6687126159668,44.26536560058594
17,0.15596962,0.07596779,60.6687126159668,44.26536560058594
17,-0.080266714,0.1360426,60.6687126159668,44.26536560058594
17,-0.3784945,0.056037903,60.6687126159668,44.26536560058594
17,-0.025456905,-0.012143135,60.6687126159668,44.26536560058594
17,1.3822687,-0.027851343,60.6687126159668,44.26536560058594
17,1.0225828,-0.19158006,60.6687126159668,44.26536560058594
17,0.42375052,0.2074771,60.6687126159668,44.26536560058594
17,-0.13017869,0.21652007,60.6687126159668,44.26536560058594
17,-0.70292526,0.048100233,60.6687126159668,44.26536560058594
17,-0.75022626,-0.021927357,60.6687126159668,44.26536560058594
17,-0.78903794,-0.054727077,60.6687126159668,44.26536560058594
17,-0.66127324,-0.082809925,60.6687126159668,44.26536560058594
17,-0.59779006,-0.07022762,60.6687126159668,44.26536560058594
17,-0.54980993,-0.05563903,60.6687126159668,44.26536560058594
17,-0.19392884,0.07767582,60.6687126159668,44.26536560058594
17,-0.17040694,0.05524063,60.6687126159668,44.26536560058594
17,-0.18026745,0.065610886,60.6687126159668,44.26536560058594
17,-0.44347543,0.08267403,60.6687126159668,44.26536560058594
17,-0.5334835,0.035656214,60.6687126159668,44.26536560058594
17,-0.7127188,-0.22846746,60.6687126159668,44.26536560058594
17,-0.6690949,-0.12730503,60.6687126159668,44.26536560058594
17,-0.91085756,-0.00063967705,60.6687126159668,44.26536560058594
17,-1.0560678,-0.10620642,60.6687126159668,44.26536560058594
17,-1.0141737,-0.22508502,60.6687126159668,44.26536560058594
17,-0.10981047,-0.08315611,60.6687126159668,44.26536560058594
17,0.44840884,0.15360594,60.6687126159668,44.26536560058594
17,0.38431704,0.09351754,60.6687126159668,44.26536560058594
17,0.2677064,0.113195896,60.6687126159668,44.26536560058594
17,0.16417742,0.050596476,60.6687126159668,44.26536560058594
17,0.23670161,0.054913044,60.6687126159668,44.26536560058594
17,0.27579892,0.08026075,60.6687126159668,44.26536560058594
17,0.25726128,0.10302591,60.6687126159668,44.26536560058594
17,0.20698631,0.122621775,60.6687126159668,44.26536560058594
17,0.19935405,0.1042757,60.6687126159668,44.26536560058594
17,0.21892607,0.09666371,60.6687126159668,44.26536560058594
17,0.2645067,0.10347223,60.6687126159668,44.26536560058594
17,0.06845081,0.11740351,60.6687126159668,44.26536560058594
17,0.29606116,0.056319952,60.6687126159668,44.26536560058594
17,0.3645358,0.09292674,60.6687126159668,44.26536560058594
17,0.3396082,0.090112925,60.6687126159668,44.26536560058594
17,0.54545283,0.1133883,60.6687126159668,44.26536560058594
17,0.6619966,0.05701828,60.6687126159668,44.26536560058594
17,0.6524141,0.085173845,60.6687126159668,44.26536560058594
17,0.62120223,0.15624595,60.6687126159668,44.26536560058594
17,0.83340526,0.03687167,60.6687126159668,44.26536560058594
17,0.6477618,0.13944983,60.6687126159668,44.26536560058594
17,0.5607331,0.16334152,60.6687126159668,44.26536560058594
17,-0.007170081,0.14110398,60.6687126159668,44.26536560058594
17,0.095744014,0.053786278,60.6687126159668,44.26536560058594
17,0.43813193,0.059417486,60.6687126159668,44.26536560058594
17,0.44584668,0.09679198,60.6687126159668,44.26536560058594
17,0.32065618,0.12731576,60.6687126159668,44.26536560058594
17,0.52124846,0.09408164,60.6687126159668,44.26536560058594
17,0.51732147,0.08885121,60.6687126159668,44.26536560058594
17,0.37660563,0.11933899,60.6687126159668,44.26536560058594
17,0.6880696,0.084613085,60.6687126159668,44.26536560058594
17,1.2681978,-0.03117013,60.6687126159668,44.26536560058594
17,1.6225295,-0.13358855,60.6687126159668,44.26536560058594
17,1.6406903,-0.12257075,60.6687126159668,44.26536560058594
17,0.5058583,0.2043531,60.6687126159668,44.26536560058594
17,0.09111965,0.09806323,60.6687126159668,44.26536560058594
17,0.07824159,0.10708189,60.6687126159668,44.26536560058594
17,0.01625979,0.102757454,60.6687126159668,44.26536560058594
17,0.6119802,-0.06801748,60.6687126159668,44.26536560058594
17,0.9284947,-0.016542196,60.6687126159668,44.26536560058594
17,0.25899696,0.15875816,60.6687126159668,44.26536560058594
17,0.20205939,0.13568091,60.6687126159668,44.26536560058594
17,0.20788634,0.11647797,60.6687126159668,44.26536560058594
17,0.19015658,0.10526252,60.6687126159668,44.26536560058594
17,0.33306313,0.041532755,60.6687126159668,44.26536560058594
17,0.59981227,0.0049967766,60.6687126159668,44.26536560058594
17,1.0697894,-0.023150206,60.6687126159668,44.26536560058594
17,1.2596006,-0.09083533,60.6687126159668,44.26536560058594
17,1.7111282,-0.1726315,60.6687126159668,44.26536560058594
17,1.6580048,-0.10311699,60.6687126159668,44.26536560058594
17,1.7735078,-0.2045803,60.6687126159668,44.26536560058594
17,1.778671,-0.16436839,60.6687126159668,44.26536560058594
17,1.2522426,-0.23745632,60.6687126159668,44.26536560058594
17,1.2382724,0.005959749,60.6687126159668,44.26536560058594
17,0.91545224,0.08017135,60.6687126159668,44.26536560058594
17,0.8436146,0.14081073,60.6687126159668,44.26536560058594
17,0.6085663,0.20811415,60.6687126159668,44.26536560058594
17,0.428918,0.16092873,60.6687126159668,44.26536560058594
17,0.35842955,0.18430638,60.6687126159668,44.26536560058594
17,-0.09554708,0.08990073,60.6687126159668,44.26536560058594
17,0.508999,0.14060783,60.6687126159668,44.26536560058594
17,0.57535243,0.10022998,60.6687126159668,44.26536560058594
17,0.45736217,0.05582261,60.6687126159668,44.26536560058594
17,0.51786435,0.072911024,60.6687126159668,44.26536560058594
17,0.26838434,0.18770003,60.6687126159668,44.26536560058594
17,0.3368628,0.08546615,60.6687126159668,44.26536560058594
17,0.62166166,0.0508368,60.6687126159668,44.26536560058594
17,0.7318692,0.031499624,60.6687126159668,44.26536560058594
17,0.640398,0.12465572,60.6687126159668,44.26536560058594
17,0.61417437,0.12365246,60.6687126159668,44.26536560058594
17,-0.23945236,0.094213486,60.6687126159668,44.26536560058594
17,-0.1455282,0.072751045,60.6687126159668,44.26536560058594
17,-0.12110722,0.009810686,60.6687126159668,44.26536560058594
17,0.71844435,-0.048231363,60.6687126159668,44.26536560058594
17,1.7872617,-0.3057382,60.6687126159668,44.26536560058594
17,1.8341317,-0.19622111,60.6687126159668,44.26536560058594
17,1.124536,0.09923601,60.6687126159668,44.26536560058594
17,0.9249675,0.16555142,60.6687126159668,44.26536560058594
17,0.5458418,0.17989397,60.6687126159668,44.26536560058594
17,0.3192705,0.0818212,60.6687126159668,44.26536560058594
17,0.7011976,0.02019167,60.6687126159668,44.26536560058594
17,2.2640064,-0.5323117,60.6687126159668,44.26536560058594
17,2.103901,-0.41762662,60.6687126159668,44.26536560058594
17,0.96927166,0.12101364,60.6687126159668,44.26536560058594
17,0.68261886,0.09495926,60.6687126159668,44.26536560058594
17,-0.02863872,0.2053616,60.6687126159668,44.26536560058594
17,-0.25581658,-0.049546957,60.6687126159668,44.26536560058594
17,-0.6509455,-0.0356071,60.6687126159668,44.26536560058594
17,-0.70305324,-0.026117086,60.6687126159668,44.26536560058594
17,0.85861444,-0.0069310665,60.6687126159668,44.26536560058594
17,1.2198467,-0.081184864,60.6687126159668,44.26536560058594
17,1.2538638,-0.062229633,60.6687126159668,44.26536560058594
17,0.17362392,0.20992255,60.6687126159668,44.26536560058594
17,0.032415867,0.06577635,60.6687126159668,44.26536560058594
17,0.35663903,-0.0025265217,60.6687126159668,44.26536560058594
17,0.40392995,0.069946766,60.6687126159668,44.26536560058594
17,0.32957923,0.082371,60.6687126159668,44.26536560058594
17,0.5535209,0.021015882,60.6687126159668,44.26536560058594
17,1.0399616,0.003653288,60.6687126159668,44.26536560058594
17,0.840158,0.08998752,60.6687126159668,44.26536560058594
17,0.6538167,0.14400673,60.6687126159668,44.26536560058594
17,0.5623503,0.032815218,60.6687126159668,44.26536560058594
17,0.6175506,0.056489468,60.6687126159668,44.26536560058594
17,0.46535408,0.14369321,60.6687126159668,44.26536560058594
17,0.1367054,0.15497541,60.6687126159668,44.26536560058594
17,0.06954908,0.13208842,60.6687126159668,44.26536560058594
17,0.18764877,0.047381878,60.6687126159668,44.26536560058594
17,0.06774974,0.1385696,60.6687126159668,44.26536560058594
17,-0.10206938,0.076545715,60.6687126159668,44.26536560058594
17,-0.18035376,0.07903671,60.6687126159668,44.26536560058594
17,-0.48277313,0.0050628185,60.6687126159668,44.26536560058594
17,-0.47168124,0.007940054,60.6687126159668,44.26536560058594
17,-0.45890182,0.007580042,60.6687126159668,44.26536560058594
17,-0.42749572,0.06493902,60.6687126159668,44.26536560058594
17,-0.10897577,0.03443718,60.6687126159668,44.26536560058594
17,0.06406963,0.0583179,60.6687126159668,44.26536560058594
17,0.2018305,0.09015393,60.6687126159668,44.26536560058594
17,0.545236,0.07777262,60.6687126159668,44.26536560058594
17,0.3919729,0.18777657,60.6687126159668,44.26536560058594
17,0.43330872,0.12314606,60.6687126159668,44.26536560058594
17,0.33618426,0.13690281,60.6687126159668,44.26536560058594
17,0.29256392,0.13526177,60.6687126159668,44.26536560058594
17,-0.17124152,0.15477872,60.6687126159668,44.26536560058594
17,-0.17939222,0.06930804,60.6687126159668,44.26536560058594
17,-0.25191963,0.095802546,60.6687126159668,44.26536560058594
17,-0.3600123,0.09038663,60.6687126159668,44.26536560058594
17,-0.30911636,0.038073063,60.6687126159668,44.26536560058594
17,-0.26498163,0.04852271,60.6687126159668,44.26536560058594
17,-0.26111186,0.050914764,60.6687126159668,44.26536560058594
17,-0.13011956,0.16469789,60.6687126159668,44.26536560058594
17,-0.09632099,0.07971525,60.6687126159668,44.26536560058594
17,-0.53767174,0.19036794,60.6687126159668,44.26536560058594
17,-0.47583193,0.05151725,60.6687126159668,44.26536560058594
17,-0.45907336,0.04979825,60.6687126159668,44.26536560058594
17,0.48314345,0.025662184,60.6687126159668,44.26536560058594
17,0.63738036,-0.20533776,60.6687126159668,44.26536560058594
17,0.7952831,0.0077700615,60.6687126159668,44.26536560058594
17,0.5788388,0.14232802,60.6687126159668,44.26536560058594
17,0.42954576,0.17503619,60.6687126159668,44.26536560058594
17,0.23378396,0.20817327,60.6687126159668,44.26536560058594
17,0.14130676,0.1777246,60.6687126159668,44.26536560058594
17,-0.6382387,-0.0369761,60.6687126159668,44.26536560058594
17,-0.47400022,-0.15044856,60.6687126159668,44.26536560058594
17,-0.24228299,-0.030072212,60.6687126159668,44.26536560058594
17,0.35661983,0.04381299,60.6687126159668,44.26536560058594
17,0.44038582,0.13985991,60.6687126159668,44.26536560058594
17,0.65644217,0.04417157,60.6687126159668,44.26536560058594
17,0.6534598,0.111034155,60.6687126159668,44.26536560058594
17,0.4878143,0.11966801,60.6687126159668,44.26536560058594
17,-0.067578316,0.081228256,60.6687126159668,44.26536560058594
17,-0.07922149,0.09144235,60.6687126159668,44.26536560058594
17,-0.21359384,-0.0059609413,60.6687126159668,44.26536560058594
17,-0.4380772,0.10274005,60.6687126159668,44.26536560058594
17,-0.5413773,0.09125137,60.6687126159668,44.26536560058594
17,-0.6709338,-0.016741037,60.6687126159668,44.26536560058594
17,-0.27379024,-0.089607,60.6687126159668,44.26536560058594
17,-0.2710693,0.057555914,60.6687126159668,44.26536560058594
17,0.62040067,0.047099352,60.6687126159668,44.26536560058594
17,0.36267805,0.21952868,60.6687126159668,44.26536560058594
17,0.2664287,0.1884923,60.6687126159668,44.26536560058594
17,0.36207795,0.10442734,60.6687126159668,44.26536560058594
17,-0.018023968,0.16933155,60.6687126159668,44.26536560058594
17,-0.19492602,0.13707924,60.6687126159668,44.26536560058594
17,-0.25746608,0.12585568,60.6687126159668,44.26536560058594
17,-0.37899017,0.07287574,60.6687126159668,44.26536560058594
17,-0.7327905,0.005861759,60.6687126159668,44.26536560058594
17,-1.0337423,-0.061400414,60.6687126159668,44.26536560058594
17,-1.0505744,-0.27415228,60.6687126159668,44.26536560058594
17,0.91627216,-0.060192585,60.6687126159668,44.26536560058594
17,0.9906583,0.024901628,60.6687126159668,44.26536560058594
17,1.2979233,-0.027228355,60.6687126159668,44.26536560058594
17,1.5861275,-0.13212442,60.6687126159668,44.26536560058594
17,1.2572258,0.04083109,60.6687126159668,44.26536560058594
17,1.1045191,0.10921168,60.6687126159668,44.26536560058594
17,0.58455753,0.17336774,60.6687126159668,44.26536560058594
17,0.09784877,0.13973808,60.6687126159668,44.26536560058594
17,-0.7808677,-0.110073805,60.6687126159668,44.26536560058594
17,-0.8521296,-0.05224681,60.6687126159668,44.26536560058594
17,-0.8616083,-0.0731287,60.6687126159668,44.26536560058594
17,-0.15414858,0.02893138,60.6687126159668,44.26536560058594
17,-0.040141582,0.06471634,60.6687126159668,44.26536560058594
17,-0.22643399,0.08508253,60.6687126159668,44.26536560058594
17,0.2621057,0.028938055,60.6687126159668,44.26536560058594
17,0.32058227,0.038459778,60.6687126159668,44.26536560058594
17,0.30604613,0.1349237,60.6687126159668,44.26536560058594
17,0.26562202,0.089785576,60.6687126159668,44.26536560058594
17,0.29831338,0.08195448,60.6687126159668,44.26536560058594
17,0.3308748,0.08110905,60.6687126159668,44.26536560058594
17,0.29383445,0.13498712,60.6687126159668,44.26536560058594
17,0.17335093,0.15925527,60.6687126159668,44.26536560058594
17,-0.07605541,0.1878519,60.6687126159668,44.26536560058594
17,-0.28875804,0.056982994,60.6687126159668,44.26536560058594
17,0.0011223555,-0.0026421547,60.6687126159668,44.26536560058594
17,-0.0659343,0.08019161,60.6687126159668,44.26536560058594
17,-0.1700778,0.055662394,60.6687126159668,44.26536560058594
17,0.1087414,0.040021896,60.6687126159668,44.26536560058594
17,-0.043568015,0.07753062,60.6687126159668,44.26536560058594
17,-0.34970808,0.09084082,60.6687126159668,44.26536560058594
17,-0.3935982,0.053866625,60.6687126159668,44.26536560058594
17,-0.068660975,0.002683878,60.6687126159668,44.26536560058594
17,-0.72576284,0.08367109,60.6687126159668,44.26536560058594
17,-0.74646926,-0.016214132,60.6687126159668,44.26536560058594
17,-0.7717053,-0.021986723,60.6687126159668,44.26536560058594
17,-0.8456567,-0.10569239,60.6687126159668,44.26536560058594
17,-0.3747704,-0.046815395,60.6687126159668,44.26536560058594
17,0.9784491,0.043370247,60.6687126159668,44.26536560058594
17,0.47674096,0.16631937,60.6687126159668,44.26536560058594
17,0.795913,0.0673275,60.6687126159668,44.26536560058594
17,1.1279941,0.032342196,60.6687126159668,44.26536560058594
17,1.0223029,0.08480859,60.6687126159668,44.26536560058594
17,1.1217711,0.05186224,60.6687126159668,44.26536560058594
17,1.2197373,0.008437157,60.6687126159668,44.26536560058594
17,1.2159047,0.017569065,60.6687126159668,44.26536560058594
17,1.2222154,0.20673752,60.6687126159668,44.26536560058594
17,0.91619945,0.10508299,60.6687126159668,44.26536560058594
17,0.68731236,0.14955115,60.6687126159668,44.26536560058594
17,0.4825219,0.10364771,60.6687126159668,44.26536560058594
17,0.54666555,0.08700609,60.6687126159668,44.26536560058594
17,-0.020463586,0.07746482,60.6687126159668,44.26536560058594
17,0.005286455,0.06299567,60.6687126159668,44.26536560058594
17,0.14626646,0.0054314137,60.6687126159668,44.26536560058594
17,-0.07990074,0.07925224,60.6687126159668,44.26536560058594
18,0.3348385,0.11528134,54.10662078857422,34.682125091552734
18,0.13181019,0.049152613,54.10662078857422,34.682125091552734
18,-0.16461945,0.08066821,54.10662078857422,34.682125091552734
18,-0.11753905,0.06795406,54.10662078857422,34.682125091552734
18,0.06746924,0.048683167,54.10662078857422,34.682125091552734
18,0.1109885,0.043344975,54.10662078857422,34.682125091552734
18,0.40841007,0.04386449,54.10662078857422,34.682125091552734
18,0.35715997,0.10808158,54.10662078857422,34.682125091552734
18,0.23905683,0.099931955,54.10662078857422,34.682125091552734
18,0.06162834,0.13667369,54.10662078857422,34.682125091552734
18,-0.35103428,0.109671116,54.10662078857422,34.682125091552734
18,-0.37531745,0.11930895,54.10662078857422,34.682125091552734
18,-0.63082635,0.07632637,54.10662078857422,34.682125091552734
18,-0.68618554,0.056779146,54.10662078857422,34.682125091552734
18,-0.77832437,-0.03584814,54.10662078857422,34.682125091552734
18,-0.5758838,-0.23928285,54.10662078857422,34.682125091552734
18,-0.19255996,-0.17810106,54.10662078857422,34.682125091552734
18,0.3412087,-0.15090895,54.10662078857422,34.682125091552734
18,0.88045144,-0.16352987,54.10662078857422,34.682125091552734
18,0.89732003,-0.14456582,54.10662078857422,34.682125091552734
18,0.8830719,-0.12720037,54.10662078857422,34.682125091552734
18,0.9105921,-0.13547492,54.10662078857422,34.682125091552734
18,0.8783474,0.04999256,54.10662078857422,34.682125091552734
18,0.8286989,0.06614137,54.10662078857422,34.682125091552734
18,0.5360249,0.09078431,54.10662078857422,34.682125091552734
18,0.26564395,0.077967405,54.10662078857422,34.682125091552734
18,0.16052687,0.11124945,54.10662078857422,34.682125091552734
18,-0.21592867,0.1460247,54.10662078857422,34.682125091552734
18,-0.62436414,0.06589842,54.10662078857422,34.682125091552734
18,-0.68816704,0.057654142,54.10662078857422,34.682125091552734
18,-1.249294,-0.21655631,54.10662078857422,34.682125091552734
18,0.88004684,-0.33177495,54.10662078857422,34.682125091552734
18,1.2696078,-0.20945764,54.10662078857422,34.682125091552734
18,1.1324208,0.019276142,54.10662078857422,34.682125091552734
18,0.8643491,0.15319633,54.10662078857422,34.682125091552734
18,0.52016926,0.21329522,54.10662078857422,34.682125091552734
18,-0.1592344,0.09355998,54.10662078857422,34.682125091552734
18,-0.1834948,0.088226795,54.10662078857422,34.682125091552734
18,-0.35959983,-0.06807113,54.10662078857422,34.682125091552734
18,-0.33726,-0.03827524,54.10662078857422,34.682125091552734
18,-0.3027706,-0.013586044,54.10662078857422,34.682125091552734
18,-0.49378914,0.1592319,54.10662078857422,34.682125091552734
18,-0.5501874,0.104206085,54.10662078857422,34.682125091552734
18,-0.5988398,0.07767892,54.10662078857422,34.682125091552734
18,-0.6271842,0.05272293,54.10662078857422,34.682125091552734
18,-0.7407367,0.025315046,54.10662078857422,34.682125091552734
18,-0.72470456,-0.15300584,54.10662078857422,34.682125091552734
18,-0.6256635,-0.11035228,54.10662078857422,34.682125091552734
18,-0.35175848,-0.08178449,54.10662078857422,34.682125091552734
18,0.5078045,0.057522535,54.10662078857422,34.682125091552734
18,0.2609818,0.16438627,54.10662078857422,34.682125091552734
18,0.047342658,0.062363625,54.10662078857422,34.682125091552734
18,0.089796305,0.063046694,54.10662078857422,34.682125091552734
18,0.19578564,0.06550598,54.10662078857422,34.682125091552734
18,-0.40592647,0.099933386,54.10662078857422,34.682125091552734
18,0.10548544,0.081884384,54.10662078857422,34.682125091552734
18,0.070821166,0.011234999,54.10662078857422,34.682125091552734
18,0.13689327,0.005669117,54.10662078857422,34.682125091552734
18,0.21906304,-0.001354456,54.10662078857422,34.682125091552734
18,0.59282947,-0.007817745,54.10662078857422,34.682125091552734
18,0.61475396,0.059379816,54.10662078857422,34.682125091552734
18,-0.44541538,0.1259265,54.10662078857422,34.682125091552734
18,-0.5091337,0.04290247,54.10662078857422,34.682125091552734
18,-0.5603208,0.05979824,54.10662078857422,34.682125091552734
18,-0.6549099,0.06827545,54.10662078857422,34.682125091552734
18,-0.83388394,0.034074545,54.10662078857422,34.682125091552734
18,-0.8860844,0.004991293,54.10662078857422,34.682125091552734
18,-0.9309556,-0.0687418,54.10662078857422,34.682125091552734
18,-1.017888,-0.07809663,54.10662078857422,34.682125091552734
18,-1.0463147,-0.16579962,54.10662078857422,34.682125091552734
18,-1.0305712,-0.16321039,54.10662078857422,34.682125091552734
18,-1.0116123,-0.16021633,54.10662078857422,34.682125091552734
18,-0.3324194,-0.196702,54.10662078857422,34.682125091552734
18,0.14466071,-0.08054876,54.10662078857422,34.682125091552734
18,-0.19477189,0.14410353,54.10662078857422,34.682125091552734
18,-0.30736613,0.14285088,54.10662078857422,34.682125091552734
18,-0.60238826,0.043580055,54.10662078857422,34.682125091552734
18,-0.7363596,0.003717661,54.10662078857422,34.682125091552734
18,-0.8572634,-0.037495613,54.10662078857422,34.682125091552734
18,-0.8881989,-0.04509139,54.10662078857422,34.682125091552734
18,-0.97422636,-0.052762985,54.10662078857422,34.682125091552734
18,-1.0251037,-0.06388354,54.10662078857422,34.682125091552734
18,-1.0570639,-0.082823515,54.10662078857422,34.682125091552734
18,0.40179193,-0.2636137,54.10662078857422,34.682125091552734
18,0.27930617,-0.008811712,54.10662078857422,34.682125091552734
18,-0.23156416,0.1212554,54.10662078857422,34.682125091552734
18,-0.28280938,0.10937834,54.10662078857422,34.682125091552734
18,-0.3715335,0.09347963,54.10662078857422,34.682125091552734
18,-0.39725053,0.08918095,54.10662078857422,34.682125091552734
18,-0.507853,0.05434847,54.10662078857422,34.682125091552734
18,-0.53873247,0.049033403,54.10662078857422,34.682125091552734
18,-0.5834871,0.030801296,54.10662078857422,34.682125091552734
18,-0.66367346,0.0030357838,54.10662078857422,34.682125091552734
18,-0.3580333,0.006537199,54.10662078857422,34.682125091552734
18,-0.29237032,0.048157454,54.10662078857422,34.682125091552734
18,-0.2998458,0.056279182,54.10662078857422,34.682125091552734
18,-0.77413833,-0.021468163,54.10662078857422,34.682125091552734
18,-0.4702226,-0.15106058,54.10662078857422,34.682125091552734
18,0.5614948,-0.03489089,54.10662078857422,34.682125091552734
18,0.6709688,0.06363559,54.10662078857422,34.682125091552734
18,0.61911154,0.09619784,54.10662078857422,34.682125091552734
18,0.5455997,0.12208438,54.10662078857422,34.682125091552734
18,0.24429584,0.117067814,54.10662078857422,34.682125091552734
18,0.08995378,0.120307446,54.10662078857422,34.682125091552734
18,-0.015433073,0.12317395,54.10662078857422,34.682125091552734
18,-0.6915063,0.018196106,54.10662078857422,34.682125091552734
18,-0.7604604,0.008142471,54.10662078857422,34.682125091552734
18,-0.9273465,-0.039426804,54.10662078857422,34.682125091552734
18,-0.8728232,-0.09952235,54.10662078857422,34.682125091552734
18,-0.14505148,-0.24080062,54.10662078857422,34.682125091552734
18,0.030441403,-0.20013475,54.10662078857422,34.682125091552734
18,1.1327934,-0.14739943,54.10662078857422,34.682125091552734
18,1.4153357,-0.17634559,54.10662078857422,34.682125091552734
18,1.5217528,-0.20810509,54.10662078857422,34.682125091552734
18,2.3178518,-0.64632654,54.10662078857422,34.682125091552734
18,1.5628881,-0.07553911,54.10662078857422,34.682125091552734
18,1.1845491,0.064511776,54.10662078857422,34.682125091552734
18,0.7507591,0.12734795,54.10662078857422,34.682125091552734
18,0.678216,0.14426374,54.10662078857422,34.682125091552734
18,0.47577643,0.17657065,54.10662078857422,34.682125091552734
18,0.416713,0.1785016,54.10662078857422,34.682125091552734
18,-0.68851066,0.035809994,54.10662078857422,34.682125091552734
18,-0.75072324,-0.041909218,54.10662078857422,34.682125091552734
18,-0.77408946,-0.03131509,54.10662078857422,34.682125091552734
18,-0.79511666,-0.033555508,54.10662078857422,34.682125091552734
18,-0.7656321,-0.10478258,54.10662078857422,34.682125091552734
18,-0.55997336,-0.024589062,54.10662078857422,34.682125091552734
18,-0.46454895,-0.032095432,54.10662078857422,34.682125091552734
18,-0.29247618,-0.013395309,54.10662078857422,34.682125091552734
18,-0.22102487,-0.011992931,54.10662078857422,34.682125091552734
18,-0.14740694,-0.0057017803,54.10662078857422,34.682125091552734
18,-0.021060586,0.03931904,54.10662078857422,34.682125091552734
18,-0.013842106,-0.0279665,54.10662078857422,34.682125091552734
18,0.056477904,-0.048321486,54.10662078857422,34.682125091552734
18,0.16784143,-0.025119066,54.10662078857422,34.682125091552734
18,0.19496131,-0.011359692,54.10662078857422,34.682125091552734
18,0.24749911,0.015673876,54.10662078857422,34.682125091552734
18,-0.13319242,0.08190203,54.10662078857422,34.682125091552734
18,-0.1706227,0.103182316,54.10662078857422,34.682125091552734
18,-0.25872052,0.09528375,54.10662078857422,34.682125091552734
18,-0.3490336,0.0924499,54.10662078857422,34.682125091552734
18,-0.40533304,0.08826232,54.10662078857422,34.682125091552734
18,-0.45552665,0.07837939,54.10662078857422,34.682125091552734
18,-0.49485153,0.06540346,54.10662078857422,34.682125091552734
18,-0.51388305,0.048689604,54.10662078857422,34.682125091552734
18,-0.5490058,0.039741278,54.10662078857422,34.682125091552734
18,-0.63845783,0.011372089,54.10662078857422,34.682125091552734
18,-0.6626924,-0.03382373,54.10662078857422,34.682125091552734
18,-0.65178376,-0.037322044,54.10662078857422,34.682125091552734
18,-0.4303701,0.04828906,54.10662078857422,34.682125091552734
18,-0.44859672,0.04134512,54.10662078857422,34.682125091552734
18,-0.56593525,-0.0036890507,54.10662078857422,34.682125091552734
18,-0.5325774,-0.020186186,54.10662078857422,34.682125091552734
18,-0.4093002,-0.0143013,54.10662078857422,34.682125091552734
18,-0.12549758,-0.06711197,54.10662078857422,34.682125091552734
18,0.23916912,0.15286732,54.10662078857422,34.682125091552734
18,-0.0027701855,0.12743711,54.10662078857422,34.682125091552734
18,0.00505805,0.1232636,54.10662078857422,34.682125091552734
18,0.024058342,0.12194061,54.10662078857422,34.682125091552734
18,-0.19781232,0.12839222,54.10662078857422,34.682125091552734
18,-0.4120803,-0.041960955,54.10662078857422,34.682125091552734
18,-0.38673782,-0.08674121,54.10662078857422,34.682125091552734
18,-0.14285898,-0.025850058,54.10662078857422,34.682125091552734
18,0.06353712,0.019733667,54.10662078857422,34.682125091552734
18,0.2541783,0.06334591,54.10662078857422,34.682125091552734
18,0.12645769,0.11528325,54.10662078857422,34.682125091552734
18,0.033776402,0.11579704,54.10662078857422,34.682125091552734
18,-0.059715748,0.11327171,54.10662078857422,34.682125091552734
18,-0.1334827,0.11866784,54.10662078857422,34.682125091552734
18,-0.15691078,0.11429095,54.10662078857422,34.682125091552734
18,-0.17899334,0.1069572,54.10662078857422,34.682125091552734
18,-0.25002396,0.090949774,54.10662078857422,34.682125091552734
18,-0.90461946,0.0071496964,54.10662078857422,34.682125091552734
18,-0.9598659,-0.023041248,54.10662078857422,34.682125091552734
18,-0.93909526,-0.06974673,54.10662078857422,34.682125091552734
18,-0.63020843,-0.1817143,54.10662078857422,34.682125091552734
18,-0.16141081,-0.084133625,54.10662078857422,34.682125091552734
18,-0.113994956,-0.04142332,54.10662078857422,34.682125091552734
18,0.29436386,0.010114431,54.10662078857422,34.682125091552734
18,0.35336566,0.033056498,54.10662078857422,34.682125091552734
18,0.54768157,0.020665884,54.10662078857422,34.682125091552734
18,0.83467007,0.013434172,54.10662078857422,34.682125091552734
18,0.8017707,0.047637463,54.10662078857422,34.682125091552734
18,1.0336716,-0.09022641,54.10662078857422,34.682125091552734
18,1.0672696,-0.0896945,54.10662078857422,34.682125091552734
18,1.2924168,-0.1077466,54.10662078857422,34.682125091552734
18,1.3399422,-0.10257769,54.10662078857422,34.682125091552734
18,1.912626,-0.2915175,54.10662078857422,34.682125091552734
18,2.387643,-0.72778225,54.10662078857422,34.682125091552734
18,2.489243,-0.79777575,54.10662078857422,34.682125091552734
18,2.428138,-0.7833071,54.10662078857422,34.682125091552734
18,2.4610472,-0.82234716,54.10662078857422,34.682125091552734
18,2.4713423,-0.8313644,54.10662078857422,34.682125091552734
18,2.4083812,-0.8147974,54.10662078857422,34.682125091552734
18,2.4019148,-0.8150203,54.10662078857422,34.682125091552734
18,2.2240717,-0.6616862,54.10662078857422,34.682125091552734
18,2.0117145,-0.4519434,54.10662078857422,34.682125091552734
18,1.9161718,-0.376966,54.10662078857422,34.682125091552734
18,1.7985373,-0.30010915,54.10662078857422,34.682125091552734
18,1.6215127,-0.20024109,54.10662078857422,34.682125091552734
18,1.3384418,-0.06639314,54.10662078857422,34.682125091552734
18,0.6117017,0.14447618,54.10662078857422,34.682125091552734
18,0.447541,0.14745688,54.10662078857422,34.682125091552734
18,0.38283873,0.13518786,54.10662078857422,34.682125091552734
18,0.17584634,0.1380763,54.10662078857422,34.682125091552734
18,0.030307412,0.15939641,54.10662078857422,34.682125091552734
18,-0.09829056,0.15720129,54.10662078857422,34.682125091552734
18,-0.73940766,-0.012085438,54.10662078857422,34.682125091552734
18,-0.5790898,-0.0236032,54.10662078857422,34.682125091552734
18,-0.59270155,-0.01819539,54.10662078857422,34.682125091552734
18,-0.60973334,-0.01137352,54.10662078857422,34.682125091552734
18,-0.531414,-0.017900705,54.10662078857422,34.682125091552734
18,-0.52264583,-0.01700902,54.10662078857422,34.682125091552734
18,-0.5088294,-0.01617837,54.10662078857422,34.682125091552734
18,-0.21188855,0.005378008,54.10662078857422,34.682125091552734
18,-0.107948184,0.028443098,54.10662078857422,34.682125091552734
18,-0.045626998,0.04828453,54.10662078857422,34.682125091552734
18,0.06565714,0.034935236,54.10662078857422,34.682125091552734
18,0.21294904,0.070705414,54.10662078857422,34.682125091552734
18,0.30025697,0.04890704,54.10662078857422,34.682125091552734
18,0.35396898,0.045944214,54.10662078857422,34.682125091552734
18,0.4505651,0.11150503,54.10662078857422,34.682125091552734
18,0.44137788,0.109998226,54.10662078857422,34.682125091552734
18,0.27961004,0.12579131,54.10662078857422,34.682125091552734
18,0.4395219,0.07529569,54.10662078857422,34.682125091552734
18,0.6529114,0.01777339,54.10662078857422,34.682125091552734
18,0.7514119,0.057266712,54.10662078857422,34.682125091552734
18,0.826787,0.053861618,54.10662078857422,34.682125091552734
18,1.2413018,-0.085493565,54.10662078857422,34.682125091552734
18,1.0349324,0.012695551,54.10662078857422,34.682125091552734
18,1.050143,0.010225058,54.10662078857422,34.682125091552734
18,1.1715105,-0.00058436394,54.10662078857422,34.682125091552734
18,1.3344095,-0.108650446,54.10662078857422,34.682125091552734
18,1.4804142,-0.14159966,54.10662078857422,34.682125091552734
18,1.805268,-0.43842363,54.10662078857422,34.682125091552734
18,1.5811586,-0.3296883,54.10662078857422,34.682125091552734
18,1.5777457,-0.32546878,54.10662078857422,34.682125091552734
18,1.4406636,-0.15276217,54.10662078857422,34.682125091552734
18,1.3784544,-0.11966181,54.10662078857422,34.682125091552734
18,0.78094625,0.11248016,54.10662078857422,34.682125091552734
18,-0.1418997,0.089822054,54.10662078857422,34.682125091552734
18,-0.51903445,0.056573153,54.10662078857422,34.682125091552734
18,-0.6411004,-0.061640024,54.10662078857422,34.682125091552734
18,-0.47440046,-0.09664655,54.10662078857422,34.682125091552734
18,-0.40273213,0.07204127,54.10662078857422,34.682125091552734
18,-0.50106,0.063508034,54.10662078857422,34.682125091552734
18,-0.4699613,0.020119429,54.10662078857422,34.682125091552734
18,-0.45764303,0.022445917,54.10662078857422,34.682125091552734
18,-0.46422267,0.028781414,54.10662078857422,34.682125091552734
18,-0.50357574,0.031740665,54.10662078857422,34.682125091552734
18,-0.5292134,0.047003746,54.10662078857422,34.682125091552734
18,-0.7529263,-0.030162811,54.10662078857422,34.682125091552734
18,-0.52648616,0.013209581,54.10662078857422,34.682125091552734
18,-0.8008633,-0.055551052,54.10662078857422,34.682125091552734
18,-0.8151479,-0.051088333,54.10662078857422,34.682125091552734
18,-0.6806116,-0.051434755,54.10662078857422,34.682125091552734
18,-0.67522186,-0.04486966,54.10662078857422,34.682125091552734
18,-0.36641717,-0.05478978,54.10662078857422,34.682125091552734
18,-0.35922635,0.00079774857,54.10662078857422,34.682125091552734
18,-0.34538162,0.0032589436,54.10662078857422,34.682125091552734
18,-0.25388122,-0.003913164,54.10662078857422,34.682125091552734
18,-0.07264817,0.018174887,54.10662078857422,34.682125091552734
18,-0.115743995,0.09635162,54.10662078857422,34.682125091552734
18,-0.4111371,0.03759408,54.10662078857422,34.682125091552734
18,-0.44963902,0.021980286,54.10662078857422,34.682125091552734
18,-0.46866828,0.019771338,54.10662078857422,34.682125091552734
18,0.008468986,-0.14903021,54.10662078857422,34.682125091552734
18,0.50843096,-0.123907804,54.10662078857422,34.682125091552734
18,0.6650698,-0.07629895,54.10662078857422,34.682125091552734
18,0.5478158,0.1583786,54.10662078857422,34.682125091552734
18,0.26532257,0.1533885,54.10662078857422,34.682125091552734
18,0.032808542,0.1266818,54.10662078857422,34.682125091552734
18,0.004641652,0.12076354,54.10662078857422,34.682125091552734
18,-0.041965008,0.12341213,54.10662078857422,34.682125091552734
18,-0.4666139,0.11452317,54.10662078857422,34.682125091552734
18,-0.5126275,0.09278798,54.10662078857422,34.682125091552734
18,-0.6544503,0.04129219,54.10662078857422,34.682125091552734
18,-0.3991332,-0.02537775,54.10662078857422,34.682125091552734
18,-0.5721927,-0.1382978,54.10662078857422,34.682125091552734
18,-0.3955388,-0.09183502,54.10662078857422,34.682125091552734
18,-0.32923484,-0.008942127,54.10662078857422,34.682125091552734
18,-0.42126858,0.04608369,54.10662078857422,34.682125091552734
18,-0.45086044,0.041583538,54.10662078857422,34.682125091552734
18,-0.4367243,0.024604082,54.10662078857422,34.682125091552734
18,-0.37371695,-0.006621361,54.10662078857422,34.682125091552734
18,-0.35080624,0.0022332668,54.10662078857422,34.682125091552734
18,-0.21906495,0.03279805,54.10662078857422,34.682125091552734
18,-0.22908711,0.0488863,54.10662078857422,34.682125091552734
18,-0.12347448,0.0155899525,54.10662078857422,34.682125091552734
18,-0.049375415,0.040025473,54.10662078857422,34.682125091552734
18,-0.3033949,0.066871166,54.10662078857422,34.682125091552734
18,-0.4570548,0.02531004,54.10662078857422,34.682125091552734
18,-0.01148355,-0.009288073,54.10662078857422,34.682125091552734
18,0.0628674,0.028639317,54.10662078857422,34.682125091552734
18,0.11617768,0.042602062,54.10662078857422,34.682125091552734
18,0.17259192,0.063379765,54.10662078857422,34.682125091552734
18,0.2838838,-0.0078988075,54.10662078857422,34.682125091552734
18,0.4656527,-0.004842043,54.10662078857422,34.682125091552734
18,0.74622107,-0.01726985,54.10662078857422,34.682125091552734
18,1.0905776,0.073586226,54.10662078857422,34.682125091552734
18,0.8044963,0.13721108,54.10662078857422,34.682125091552734
18,0.185915,0.17053533,54.10662078857422,34.682125091552734
18,-0.49406236,0.12099552,54.10662078857422,34.682125091552734
18,-0.7962016,0.052307606,54.10662078857422,34.682125091552734
18,-0.33117378,-0.006657839,54.10662078857422,34.682125091552734
18,-0.28500676,-0.02642417,54.10662078857422,34.682125091552734
18,-0.25957406,0.088496685,54.10662078857422,34.682125091552734
18,-0.4739908,0.026038885,54.10662078857422,34.682125091552734
18,-0.58988315,0.0036091805,54.10662078857422,34.682125091552734
18,-0.60023856,0.0034863949,54.10662078857422,34.682125091552734
18,-0.6146787,0.026069403,54.10662078857422,34.682125091552734
18,-0.70615846,-0.08344984,54.10662078857422,34.682125091552734
18,-0.6780489,-0.0358603,54.10662078857422,34.682125091552734
18,-0.6748017,-0.04101014,54.10662078857422,34.682125091552734
18,-0.62068045,-0.0060441494,54.10662078857422,34.682125091552734
18,-0.46643102,-0.13204265,54.10662078857422,34.682125091552734
18,-0.107239485,-0.033488035,54.10662078857422,34.682125091552734
18,0.11417651,0.020967484,54.10662078857422,34.682125091552734
18,0.26310337,0.12975478,54.10662078857422,34.682125091552734
18,0.11479759,0.107035875,54.10662078857422,34.682125091552734
18,-0.069061995,0.10913515,54.10662078857422,34.682125091552734
18,-0.2404896,0.10296154,54.10662078857422,34.682125091552734
18,-0.29509175,0.09775734,54.10662078857422,34.682125091552734
18,-0.6971279,-0.115763426,54.10662078857422,34.682125091552734
18,-0.6091371,-0.0759325,54.10662078857422,34.682125091552734
18,-0.49986053,-0.041237116,54.10662078857422,34.682125091552734
18,-0.06670737,-0.013405561,54.10662078857422,34.682125091552734
18,-0.036795974,0.07086539,54.10662078857422,34.682125091552734
18,-0.10876,0.072449684,54.10662078857422,34.682125091552734
18,-0.13731802,0.059845448,54.10662078857422,34.682125091552734
18,0.20035517,0.046869755,54.10662078857422,34.682125091552734
18,0.38399386,0.04411292,54.10662078857422,34.682125091552734
18,0.5892658,0.026134014,54.10662078857422,34.682125091552734
18,0.6242039,0.048955917,54.10662078857422,34.682125091552734
18,0.67775035,0.04952073,54.10662078857422,34.682125091552734
18,0.49065518,0.11593771,54.10662078857422,34.682125091552734
18,0.48363245,0.11268926,54.10662078857422,34.682125091552734
18,0.51934445,0.096315145,54.10662078857422,34.682125091552734
18,0.57524776,0.08491421,54.10662078857422,34.682125091552734
18,0.59360456,0.085728884,54.10662078857422,34.682125091552734
18,0.466447,0.12900424,54.10662078857422,34.682125091552734
18,0.4658407,0.112593174,54.10662078857422,34.682125091552734
18,0.40855968,0.12310457,54.10662078857422,34.682125091552734
18,0.12026596,0.08373475,54.10662078857422,34.682125091552734
18,0.15174997,0.02654171,54.10662078857422,34.682125091552734
18,0.90194535,-0.081991434,54.10662078857422,34.682125091552734
18,0.7152438,0.1328497,54.10662078857422,34.682125091552734
18,0.5037941,0.1829114,54.10662078857422,34.682125091552734
18,0.25086546,0.17245102,54.10662078857422,34.682125091552734
18,0.11209023,0.19180632,54.10662078857422,34.682125091552734
18,-0.5736741,0.07376003,54.10662078857422,34.682125091552734
18,-0.6128063,0.056919336,54.10662078857422,34.682125091552734
18,-0.79686314,-0.048142195,54.10662078857422,34.682125091552734
18,-0.8412549,-0.10737443,54.10662078857422,34.682125091552734
18,-0.6850819,-0.10672355,54.10662078857422,34.682125091552734
18,-0.34910548,-0.051867247,54.10662078857422,34.682125091552734
18,-0.30572486,-0.038532495,54.10662078857422,34.682125091552734
18,-0.25694835,-0.039899826,54.10662078857422,34.682125091552734
18,-0.16564262,0.064913034,54.10662078857422,34.682125091552734
18,-0.21115124,0.061272144,54.10662078857422,34.682125091552734
18,-0.64563906,0.041046858,54.10662078857422,34.682125091552734
18,-0.7801182,-0.0032639503,54.10662078857422,34.682125091552734
18,-0.9186237,-0.061316967,54.10662078857422,34.682125091552734
18,-0.90493536,-0.09033823,54.10662078857422,34.682125091552734
18,-0.9216183,-0.2051351,54.10662078857422,34.682125091552734
18,0.566731,0.026849985,54.10662078857422,34.682125091552734
18,0.6759031,0.0449605,54.10662078857422,34.682125091552734
18,0.7365396,0.11525631,54.10662078857422,34.682125091552734
18,0.012172103,0.2071476,54.10662078857422,34.682125091552734
18,-0.28030026,0.1371479,54.10662078857422,34.682125091552734
18,-0.37267482,0.07228422,54.10662078857422,34.682125091552734
18,-0.24656367,-0.16428304,54.10662078857422,34.682125091552734
18,-0.08156335,-0.082933426,54.10662078857422,34.682125091552734
18,0.19167185,0.11290908,54.10662078857422,34.682125091552734
18,0.3436743,0.071080446,54.10662078857422,34.682125091552734
18,0.40644312,0.06328392,54.10662078857422,34.682125091552734
18,0.44381368,0.089722395,54.10662078857422,34.682125091552734
18,0.36242473,0.11722636,54.10662078857422,34.682125091552734
18,0.18608022,0.12740636,54.10662078857422,34.682125091552734
18,0.13757145,0.124082565,54.10662078857422,34.682125091552734
18,0.16717291,0.10879636,54.10662078857422,34.682125091552734
18,-0.09341943,-0.012192249,54.10662078857422,34.682125091552734
18,-0.33915043,0.11570692,54.10662078857422,34.682125091552734
18,-0.3998835,0.10849404,54.10662078857422,34.682125091552734
18,-0.4498908,0.06953955,54.10662078857422,34.682125091552734
18,-0.43504,0.044154882,54.10662078857422,34.682125091552734
18,-0.54935294,0.07057905,54.10662078857422,34.682125091552734
18,-0.81592095,0.026411295,54.10662078857422,34.682125091552734
18,-1.0466399,-0.09752369,54.10662078857422,34.682125091552734
18,-0.9341649,-0.21700072,54.10662078857422,34.682125091552734
18,-0.84889334,-0.16665244,54.10662078857422,34.682125091552734
18,-0.56818897,-0.15082645,54.10662078857422,34.682125091552734
18,-0.39609957,-0.14910102,54.10662078857422,34.682125091552734
18,-0.093821526,0.025423288,54.10662078857422,34.682125091552734
18,-0.06855786,0.033426523,54.10662078857422,34.682125091552734
18,0.099124074,0.009897709,54.10662078857422,34.682125091552734
18,-0.47137082,0.10310936,54.10662078857422,34.682125091552734
18,-0.55751127,0.09304643,54.10662078857422,34.682125091552734
18,-0.6971011,0.029132128,54.10662078857422,34.682125091552734
18,-0.63920355,-0.038794518,54.10662078857422,34.682125091552734
19,-0.8203785,-0.0124845505,34.47945785522461,26.2930850982666
19,-0.75631493,-0.06922436,34.47945785522461,26.2930850982666
19,-1.2073355,-0.33896875,34.47945785522461,26.2930850982666
19,-0.5534472,-0.1511302,34.47945785522461,26.2930850982666
19,-1.2128215,-0.09451175,34.47945785522461,26.2930850982666
19,-1.3717767,-0.09809327,34.47945785522461,26.2930850982666
19,-1.5091101,-0.2691908,34.47945785522461,26.2930850982666
19,-0.88614213,-0.16006851,34.47945785522461,26.2930850982666
19,-0.75495386,-0.13333344,34.47945785522461,26.2930850982666
19,-0.6680496,-0.10613489,34.47945785522461,26.2930850982666
19,-1.0496056,0.01915121,34.47945785522461,26.2930850982666
19,-0.2957375,-0.10389757,34.47945785522461,26.2930850982666
19,-0.26885843,-0.058154106,34.47945785522461,26.2930850982666
19,-0.25820363,-0.027911186,34.47945785522461,26.2930850982666
19,-0.51571256,0.23025346,34.47945785522461,26.2930850982666
19,0.017154455,-0.012938499,34.47945785522461,26.2930850982666
19,-0.038578272,0.05598569,34.47945785522461,26.2930850982666
19,-0.050323963,0.06669235,34.47945785522461,26.2930850982666
19,0.13206863,0.021437645,34.47945785522461,26.2930850982666
19,0.23104024,0.068271875,34.47945785522461,26.2930850982666
19,0.19871998,0.1061306,34.47945785522461,26.2930850982666
19,0.24702108,0.0808897,34.47945785522461,26.2930850982666
19,0.19879043,0.06635785,34.47945785522461,26.2930850982666
19,-0.23320305,-0.20148087,34.47945785522461,26.2930850982666
19,-0.091178894,-0.0835824,34.47945785522461,26.2930850982666
19,0.39746952,0.0740931,34.47945785522461,26.2930850982666
19,0.07010567,0.1026454,34.47945785522461,26.2930850982666
19,-0.11635184,0.10316658,34.47945785522461,26.2930850982666
19,-0.59929645,-0.13162112,34.47945785522461,26.2930850982666
19,-0.5280258,-0.115578175,34.47945785522461,26.2930850982666
19,-0.3930912,-0.040794134,34.47945785522461,26.2930850982666
19,-0.3294325,-0.0016701221,34.47945785522461,26.2930850982666
19,-0.7079684,-0.0013277531,34.47945785522461,26.2930850982666
19,-0.68461895,-0.046122074,34.47945785522461,26.2930850982666
19,-0.78751886,-0.018028736,34.47945785522461,26.2930850982666
19,-0.42428672,-0.030900717,34.47945785522461,26.2930850982666
19,-0.30215728,0.042173624,34.47945785522461,26.2930850982666
19,-0.42933774,0.030660152,34.47945785522461,26.2930850982666
19,-0.78661364,-0.20225859,34.47945785522461,26.2930850982666
19,-0.7007391,-0.18431568,34.47945785522461,26.2930850982666
19,-0.39077997,-0.13783145,34.47945785522461,26.2930850982666
19,0.40105522,-0.101323605,34.47945785522461,26.2930850982666
19,0.8842268,-0.08696914,34.47945785522461,26.2930850982666
19,1.0185635,-0.10049653,34.47945785522461,26.2930850982666
19,1.1358323,-0.109930515,34.47945785522461,26.2930850982666
19,1.2245905,-0.06844258,34.47945785522461,26.2930850982666
19,0.9645994,0.06533694,34.47945785522461,26.2930850982666
19,0.2104162,-0.17676902,34.47945785522461,26.2930850982666
19,0.07951856,0.030384779,34.47945785522461,26.2930850982666
19,0.09746015,0.032731533,34.47945785522461,26.2930850982666
19,0.49773514,0.0018687248,34.47945785522461,26.2930850982666
19,0.5737779,0.039955378,34.47945785522461,26.2930850982666
19,0.3483411,0.12182212,34.47945785522461,26.2930850982666
19,0.2931428,0.12020445,34.47945785522461,26.2930850982666
19,-0.35686922,0.07815194,34.47945785522461,26.2930850982666
19,-0.7824726,0.05677414,34.47945785522461,26.2930850982666
19,-0.39420033,0.06186247,34.47945785522461,26.2930850982666
19,-0.6572633,0.018042803,34.47945785522461,26.2930850982666
19,-0.6545773,-0.04401183,34.47945785522461,26.2930850982666
19,-0.61537725,-0.053689957,34.47945785522461,26.2930850982666
19,-0.5509507,-0.063813925,34.47945785522461,26.2930850982666
19,-0.3260573,-0.08227706,34.47945785522461,26.2930850982666
19,-0.1909157,-0.08076334,34.47945785522461,26.2930850982666
19,0.06412387,-0.08877754,34.47945785522461,26.2930850982666
19,0.4504341,0.000528574,34.47945785522461,26.2930850982666
19,1.3576524,-0.17635942,34.47945785522461,26.2930850982666
19,0.50530946,0.15828872,34.47945785522461,26.2930850982666
19,0.45245218,0.14777756,34.47945785522461,26.2930850982666
19,0.41418695,0.13893938,34.47945785522461,26.2930850982666
19,0.22637045,0.1364913,34.47945785522461,26.2930850982666
19,-0.20986128,0.080676794,34.47945785522461,26.2930850982666
19,-0.40128362,0.037227392,34.47945785522461,26.2930850982666
19,-0.40614426,0.030891895,34.47945785522461,26.2930850982666
19,-0.42768848,-0.023938179,34.47945785522461,26.2930850982666
19,-0.21028697,0.0384202,34.47945785522461,26.2930850982666
19,-0.24589002,0.052099943,34.47945785522461,26.2930850982666
19,0.09897983,-0.08503008,34.47945785522461,26.2930850982666
19,0.21469176,-0.058600903,34.47945785522461,26.2930850982666
19,0.32801676,0.00024032593,34.47945785522461,26.2930850982666
19,0.36377323,0.018827677,34.47945785522461,26.2930850982666
19,-0.010451078,0.14929652,34.47945785522461,26.2930850982666
19,-0.15263057,0.12065244,34.47945785522461,26.2930850982666
19,-0.26155043,-0.24544096,34.47945785522461,26.2930850982666
19,-0.52176636,-0.05159664,34.47945785522461,26.2930850982666
19,-0.6550687,-0.011808157,34.47945785522461,26.2930850982666
19,-0.61193985,-0.05527115,34.47945785522461,26.2930850982666
19,-0.52462727,-0.057737827,34.47945785522461,26.2930850982666
19,-0.48404127,-0.029076338,34.47945785522461,26.2930850982666
19,-0.30385506,0.014554739,34.47945785522461,26.2930850982666
19,-0.31776428,0.02320385,34.47945785522461,26.2930850982666
19,-0.25834978,0.003733158,34.47945785522461,26.2930850982666
19,-0.20337296,0.0005185604,34.47945785522461,26.2930850982666
19,-0.20712137,0.06723142,34.47945785522461,26.2930850982666
19,-0.31760955,0.03147769,34.47945785522461,26.2930850982666
19,-0.27064872,0.02412033,34.47945785522461,26.2930850982666
19,-0.5059609,0.017240286,34.47945785522461,26.2930850982666
19,-0.38036668,0.00055217743,34.47945785522461,26.2930850982666
19,-0.36766088,0.0037281513,34.47945785522461,26.2930850982666
19,-0.08604753,-0.018384218,34.47945785522461,26.2930850982666
19,-0.20493424,-0.25697732,34.47945785522461,26.2930850982666
19,0.07613754,-0.09170914,34.47945785522461,26.2930850982666
19,0.16675425,-0.06064129,34.47945785522461,26.2930850982666
19,0.84760237,0.007893801,34.47945785522461,26.2930850982666
19,0.8500085,0.016128302,34.47945785522461,26.2930850982666
19,0.89633656,0.0020484924,34.47945785522461,26.2930850982666
19,0.6342957,0.110533476,34.47945785522461,26.2930850982666
19,0.6215193,0.08974099,34.47945785522461,26.2930850982666
19,0.665447,0.07610631,34.47945785522461,26.2930850982666
19,0.6943791,0.07492447,34.47945785522461,26.2930850982666
19,0.39213145,0.14952683,34.47945785522461,26.2930850982666
19,0.22440386,0.07561326,34.47945785522461,26.2930850982666
19,0.08313215,0.13304567,34.47945785522461,26.2930850982666
19,-0.06975293,0.1323657,34.47945785522461,26.2930850982666
19,-0.44105363,0.03831482,34.47945785522461,26.2930850982666
19,-0.40223813,0.014160156,34.47945785522461,26.2930850982666
19,-0.29539514,0.016206026,34.47945785522461,26.2930850982666
19,-0.3035953,0.033382893,34.47945785522461,26.2930850982666
19,-0.18956685,0.0102136135,34.47945785522461,26.2930850982666
19,0.00033020973,0.06629467,34.47945785522461,26.2930850982666
19,-0.029640794,0.077745676,34.47945785522461,26.2930850982666
19,-0.06267333,0.08940053,34.47945785522461,26.2930850982666
19,-0.12571609,0.08660936,34.47945785522461,26.2930850982666
19,-0.25115156,0.042907953,34.47945785522461,26.2930850982666
19,-0.23969269,0.041921616,34.47945785522461,26.2930850982666
19,-0.22667444,0.041676044,34.47945785522461,26.2930850982666
19,-0.24914408,0.046937704,34.47945785522461,26.2930850982666
19,-0.3051393,0.06324792,34.47945785522461,26.2930850982666
19,-0.12258494,-0.057872534,34.47945785522461,26.2930850982666
19,0.3825885,0.008306265,34.47945785522461,26.2930850982666
19,0.48634267,0.0244236,34.47945785522461,26.2930850982666
19,0.55064857,0.017028809,34.47945785522461,26.2930850982666
19,0.56768584,0.07747626,34.47945785522461,26.2930850982666
19,0.49582696,0.1037035,34.47945785522461,26.2930850982666
19,-0.5401993,0.046747446,34.47945785522461,26.2930850982666
19,-0.722874,-0.013747692,34.47945785522461,26.2930850982666
19,-0.81330824,-0.08769035,34.47945785522461,26.2930850982666
19,-0.58551973,-0.07178807,34.47945785522461,26.2930850982666
19,-0.53644466,-0.031350136,34.47945785522461,26.2930850982666
19,-0.55644107,-0.34482288,34.47945785522461,26.2930850982666
19,-0.18359244,-0.06198144,34.47945785522461,26.2930850982666
19,0.7951026,0.06934738,34.47945785522461,26.2930850982666
19,0.84962845,0.039063215,34.47945785522461,26.2930850982666
19,1.0428047,-0.01792097,34.47945785522461,26.2930850982666
19,1.4801044,-0.10060191,34.47945785522461,26.2930850982666
19,1.3620915,-0.025356531,34.47945785522461,26.2930850982666
19,1.1862581,0.034475327,34.47945785522461,26.2930850982666
19,0.34782755,0.11495805,34.47945785522461,26.2930850982666
19,0.063042164,0.13134098,34.47945785522461,26.2930850982666
19,-0.33182573,0.067252874,34.47945785522461,26.2930850982666
19,-0.4079466,0.06213689,34.47945785522461,26.2930850982666
19,-0.72799534,-0.113202095,34.47945785522461,26.2930850982666
19,-0.7403495,-0.080993414,34.47945785522461,26.2930850982666
19,-0.67355293,-0.09689045,34.47945785522461,26.2930850982666
19,-0.6179808,-0.057727575,34.47945785522461,26.2930850982666
19,-0.47503817,-0.057748318,34.47945785522461,26.2930850982666
19,-0.4438365,-0.044281006,34.47945785522461,26.2930850982666
19,-0.43627715,0.0016956329,34.47945785522461,26.2930850982666
19,-0.93149716,-0.035349846,34.47945785522461,26.2930850982666
19,-1.2658225,-0.19786835,34.47945785522461,26.2930850982666
19,-0.93216544,-0.16733193,34.47945785522461,26.2930850982666
19,-0.9054003,-0.1507678,34.47945785522461,26.2930850982666
19,-0.79344183,-0.12957501,34.47945785522461,26.2930850982666
19,-0.65998775,-0.08441639,34.47945785522461,26.2930850982666
19,-0.60082984,-0.060112238,34.47945785522461,26.2930850982666
19,-0.4915412,-0.039491415,34.47945785522461,26.2930850982666
19,-0.4458902,-0.023264408,34.47945785522461,26.2930850982666
19,-0.43274343,-0.014283657,34.47945785522461,26.2930850982666
19,-0.19246876,0.065562725,34.47945785522461,26.2930850982666
19,-0.19526577,0.014634132,34.47945785522461,26.2930850982666
19,-0.065128565,0.07130766,34.47945785522461,26.2930850982666
19,-0.09957588,0.07279587,34.47945785522461,26.2930850982666
19,-0.2862079,0.035927773,34.47945785522461,26.2930850982666
19,-0.3308928,0.04902959,34.47945785522461,26.2930850982666
19,-0.34546435,0.0423882,34.47945785522461,26.2930850982666
19,-0.2526232,0.03392887,34.47945785522461,26.2930850982666
19,-0.38777697,0.026985168,34.47945785522461,26.2930850982666
19,-0.42363453,-0.29478216,34.47945785522461,26.2930850982666
19,-0.28555155,-0.054697514,34.47945785522461,26.2930850982666
19,0.06707311,0.020251751,34.47945785522461,26.2930850982666
19,0.09959018,0.036687136,34.47945785522461,26.2930850982666
19,0.75092936,0.11701369,34.47945785522461,26.2930850982666
19,0.48672843,0.16576672,34.47945785522461,26.2930850982666
19,0.23718607,0.1517446,34.47945785522461,26.2930850982666
19,-0.7878345,-0.1848681,34.47945785522461,26.2930850982666
19,-0.8154713,-0.110304356,34.47945785522461,26.2930850982666
19,-0.80663824,-0.081279755,34.47945785522461,26.2930850982666
19,-0.73871076,-0.11476731,34.47945785522461,26.2930850982666
19,-0.64865375,-0.12344718,34.47945785522461,26.2930850982666
19,-0.42070568,-0.08443785,34.47945785522461,26.2930850982666
19,-0.2305255,0.06965256,34.47945785522461,26.2930850982666
19,-0.53112376,0.069149494,34.47945785522461,26.2930850982666
19,-0.6034793,0.023831606,34.47945785522461,26.2930850982666
19,-0.69830364,-0.013410568,34.47945785522461,26.2930850982666
19,-0.62548304,-0.042876482,34.47945785522461,26.2930850982666
19,-0.6375726,-0.035779238,34.47945785522461,26.2930850982666
19,-0.636123,-0.039979696,34.47945785522461,26.2930850982666
19,-0.6110099,-0.038646936,34.47945785522461,26.2930850982666
19,-0.5640992,-0.042441845,34.47945785522461,26.2930850982666
19,-0.54752195,-0.021980286,34.47945785522461,26.2930850982666
19,-0.13114071,0.044115305,34.47945785522461,26.2930850982666
19,-0.2154597,0.05208826,34.47945785522461,26.2930850982666
19,-0.2408042,0.059913397,34.47945785522461,26.2930850982666
19,-0.28388667,0.011618853,34.47945785522461,26.2930850982666
19,-0.26260638,0.018296719,34.47945785522461,26.2930850982666
19,-0.25000107,0.031781673,34.47945785522461,26.2930850982666
19,-0.1180104,0.047056437,34.47945785522461,26.2930850982666
19,-0.13881361,0.061235428,34.47945785522461,26.2930850982666
19,0.025945425,-0.021552801,34.47945785522461,26.2930850982666
19,0.15053427,-0.029025316,34.47945785522461,26.2930850982666
19,0.39167047,0.04449749,34.47945785522461,26.2930850982666
19,0.299006,0.09217358,34.47945785522461,26.2930850982666
19,0.26874983,0.09380841,34.47945785522461,26.2930850982666
19,0.04863441,0.10726738,34.47945785522461,26.2930850982666
19,-0.12573922,0.096125126,34.47945785522461,26.2930850982666
19,-0.28422093,0.062213182,34.47945785522461,26.2930850982666
19,-0.36174607,0.05001688,34.47945785522461,26.2930850982666
19,-0.3801267,0.034415245,34.47945785522461,26.2930850982666
19,-0.36558008,0.015359879,34.47945785522461,26.2930850982666
19,-0.36552882,0.018627644,34.47945785522461,26.2930850982666
19,-0.3570341,0.015957355,34.47945785522461,26.2930850982666
19,-0.37821162,0.028286219,34.47945785522461,26.2930850982666
19,-0.379732,-0.10859585,34.47945785522461,26.2930850982666
19,1.048336,-0.04637313,34.47945785522461,26.2930850982666
19,0.8011451,0.10108042,34.47945785522461,26.2930850982666
19,0.24736202,0.11749792,34.47945785522461,26.2930850982666
19,-0.33818364,-0.18297315,34.47945785522461,26.2930850982666
19,-0.31403148,-0.088317394,34.47945785522461,26.2930850982666
19,-0.017715096,0.088231325,34.47945785522461,26.2930850982666
19,-0.3615061,0.08222842,34.47945785522461,26.2930850982666
19,-0.7998327,-0.09566522,34.47945785522461,26.2930850982666
19,-1.2404609,-0.1695795,34.47945785522461,26.2930850982666
19,-0.4883964,-0.42275882,34.47945785522461,26.2930850982666
19,-0.23993194,-0.34174109,34.47945785522461,26.2930850982666
19,0.16647696,-0.20641732,34.47945785522461,26.2930850982666
19,0.21443963,0.06342268,34.47945785522461,26.2930850982666
19,-0.2283107,0.13735867,34.47945785522461,26.2930850982666
19,-0.9642421,-0.010535002,34.47945785522461,26.2930850982666
19,-1.1057892,-0.062154055,34.47945785522461,26.2930850982666
19,-1.1439315,-0.16817403,34.47945785522461,26.2930850982666
19,-1.186235,-0.19322968,34.47945785522461,26.2930850982666
19,-0.8333213,-0.14495349,34.47945785522461,26.2930850982666
19,-0.55774975,-0.081843615,34.47945785522461,26.2930850982666
19,-0.47880173,-0.023213148,34.47945785522461,26.2930850982666
19,-0.42581117,0.007323265,34.47945785522461,26.2930850982666
19,-0.17041135,0.008612156,34.47945785522461,26.2930850982666
19,-0.18106747,0.046325445,34.47945785522461,26.2930850982666
19,-0.2918043,0.067293644,34.47945785522461,26.2930850982666
19,-0.24433184,0.026881933,34.47945785522461,26.2930850982666
19,-0.2441554,0.04399872,34.47945785522461,26.2930850982666
19,-0.30009162,0.045929193,34.47945785522461,26.2930850982666
19,-0.32070363,-0.26205754,34.47945785522461,26.2930850982666
19,-0.46959972,-0.21434116,34.47945785522461,26.2930850982666
19,0.15056455,0.087278366,34.47945785522461,26.2930850982666
19,-0.15980363,0.08851814,34.47945785522461,26.2930850982666
19,-0.2253784,0.07901597,34.47945785522461,26.2930850982666
19,-0.5168804,0.034842253,34.47945785522461,26.2930850982666
19,-0.6229852,0.012783527,34.47945785522461,26.2930850982666
19,-0.46872514,-0.008538008,34.47945785522461,26.2930850982666
19,-0.5894528,-0.21550012,34.47945785522461,26.2930850982666
19,-0.34024465,-0.10981274,34.47945785522461,26.2930850982666
19,-0.1931845,-0.058586597,34.47945785522461,26.2930850982666
19,-0.04624915,-0.03295946,34.47945785522461,26.2930850982666
19,0.041152835,-0.026360273,34.47945785522461,26.2930850982666
19,0.98695636,-0.018227577,34.47945785522461,26.2930850982666
19,0.92956185,0.04639721,34.47945785522461,26.2930850982666
19,0.2544384,0.15363836,34.47945785522461,26.2930850982666
19,-0.1823523,0.11632395,34.47945785522461,26.2930850982666
19,-0.62646556,-0.10426688,34.47945785522461,26.2930850982666
19,-0.65121174,-0.042203426,34.47945785522461,26.2930850982666
19,-0.38966346,-0.054010153,34.47945785522461,26.2930850982666
19,-0.41993332,0.034371853,34.47945785522461,26.2930850982666
19,-0.47124815,0.035576105,34.47945785522461,26.2930850982666
19,-0.8077345,0.044727802,34.47945785522461,26.2930850982666
19,-1.0436683,-0.00938797,34.47945785522461,26.2930850982666
19,-0.83855635,-0.14123869,34.47945785522461,26.2930850982666
19,-0.77508193,-0.12181711,34.47945785522461,26.2930850982666
19,-0.6985192,-0.1327548,34.47945785522461,26.2930850982666
19,-0.1673969,-0.10290599,34.47945785522461,26.2930850982666
19,0.36966872,0.00962925,34.47945785522461,26.2930850982666
19,0.18412018,0.10503864,34.47945785522461,26.2930850982666
19,0.15665138,0.09435916,34.47945785522461,26.2930850982666
19,-0.029833198,0.10960317,34.47945785522461,26.2930850982666
19,-0.051208615,0.081582546,34.47945785522461,26.2930850982666
19,-0.102419615,0.09229183,34.47945785522461,26.2930850982666
19,-0.32199872,0.067970514,34.47945785522461,26.2930850982666
19,-0.36702514,0.045015574,34.47945785522461,26.2930850982666
19,-0.3836962,0.04055786,34.47945785522461,26.2930850982666
19,-0.4412396,0.031308413,34.47945785522461,26.2930850982666
19,-0.44209564,-0.004515171,34.47945785522461,26.2930850982666
19,-0.38793457,0.00814867,34.47945785522461,26.2930850982666
19,-0.4320202,0.010505915,34.47945785522461,26.2930850982666
19,-0.41644168,0.008795261,34.47945785522461,26.2930850982666
19,-0.22312665,0.03962493,34.47945785522461,26.2930850982666
19,-0.15101755,0.037745714,34.47945785522461,26.2930850982666
19,0.054466724,0.047715425,34.47945785522461,26.2930850982666
19,0.0758214,0.06970453,34.47945785522461,26.2930850982666
19,-0.012175798,0.08037567,34.47945785522461,26.2930850982666
19,-0.04657364,0.08146858,34.47945785522461,26.2930850982666
19,-0.2914834,0.07962227,34.47945785522461,26.2930850982666
19,-0.59200686,0.014175177,34.47945785522461,26.2930850982666
19,-0.6227529,-0.3462267,34.47945785522461,26.2930850982666
19,-0.77842265,-0.0746603,34.47945785522461,26.2930850982666
19,-0.70291954,-0.07564497,34.47945785522461,26.2930850982666
19,-0.2672931,0.012496471,34.47945785522461,26.2930850982666
19,-0.31471586,0.037793636,34.47945785522461,26.2930850982666
19,-0.28426135,0.016147852,34.47945785522461,26.2930850982666
19,-0.15210629,-0.3735814,34.47945785522461,26.2930850982666
19,-0.3461584,-0.33906078,34.47945785522461,26.2930850982666
19,-0.46810216,-0.19325042,34.47945785522461,26.2930850982666
19,-0.7068687,0.011901617,34.47945785522461,26.2930850982666
19,-0.6349691,-0.056715727,34.47945785522461,26.2930850982666
19,-0.6442294,-0.028583765,34.47945785522461,26.2930850982666
19,-0.5901841,-0.029102802,34.47945785522461,26.2930850982666
19,-0.6791467,-0.028071165,34.47945785522461,26.2930850982666
19,-0.48280966,-0.06577802,34.47945785522461,26.2930850982666
19,-0.42928064,0.016363144,34.47945785522461,26.2930850982666
19,-0.5125529,0.022284985,34.47945785522461,26.2930850982666
19,-0.3479023,0.036254168,34.47945785522461,26.2930850982666
19,-0.67482185,0.059488297,34.47945785522461,26.2930850982666
19,-0.8099654,0.05035162,34.47945785522461,26.2930850982666
19,-0.10758257,-0.042305946,34.47945785522461,26.2930850982666
19,-0.13386083,0.059161186,34.47945785522461,26.2930850982666
19,-0.22702718,0.041247368,34.47945785522461,26.2930850982666
19,-0.13619983,0.0149617195,34.47945785522461,26.2930850982666
19,-0.1034646,0.031062603,34.47945785522461,26.2930850982666
19,-0.08269727,0.052532196,34.47945785522461,26.2930850982666
19,-0.08768666,0.05794072,34.47945785522461,26.2930850982666
19,-0.2949077,0.015822887,34.47945785522461,26.2930850982666
19,-0.16341972,0.028763056,34.47945785522461,26.2930850982666
19,-0.3543656,0.01797676,34.47945785522461,26.2930850982666
19,-0.35966408,0.024235249,34.47945785522461,26.2930850982666
19,-0.094362736,0.06658459,34.47945785522461,26.2930850982666
19,-0.3405695,0.046998262,34.47945785522461,26.2930850982666
19,0.7705109,0.015971184,34.47945785522461,26.2930850982666
19,-0.18616056,0.1314292,34.47945785522461,26.2930850982666
19,-0.4266373,0.04237914,34.47945785522461,26.2930850982666
19,-1.0641203,-0.115805864,34.47945785522461,26.2930850982666
19,-1.0803121,-0.1306932,34.47945785522461,26.2930850982666
19,-1.1051841,-0.13779116,34.47945785522461,26.2930850982666
19,-1.062731,-0.17361164,34.47945785522461,26.2930850982666
19,-0.94832426,-0.19147325,34.47945785522461,26.2930850982666
19,-0.8213207,-0.11307883,34.47945785522461,26.2930850982666
19,-0.8568184,-0.26822448,34.47945785522461,26.2930850982666
19,-0.76045597,-0.14600968,34.47945785522461,26.2930850982666
19,-0.7379629,-0.12966442,34.47945785522461,26.2930850982666
19,-0.6994589,-0.08787203,34.47945785522461,26.2930850982666
19,-0.4085877,-0.056280375,34.47945785522461,26.2930850982666
19,-0.16182756,-0.012096643,34.47945785522461,26.2930850982666
19,-0.060077667,0.004045248,34.47945785522461,26.2930850982666
19,-0.31508076,0.06156659,34.47945785522461,26.2930850982666
19,-0.3734752,0.024146318,34.47945785522461,26.2930850982666
19,-0.4867159,0.011613607,34.47945785522461,26.2930850982666
19,-0.3940451,0.014765739,34.47945785522461,26.2930850982666
19,0.012875795,-0.005740881,34.47945785522461,26.2930850982666
19,0.9347341,-0.038770437,34.47945785522461,26.2930850982666
19,1.2442586,-0.043863297,34.47945785522461,26.2930850982666
19,-0.793167,-0.061581373,34.47945785522461,26.2930850982666
19,-0.7666812,-0.07707524,34.47945785522461,26.2930850982666
19,-0.73011565,-0.112396,34.47945785522461,26.2930850982666
19,-0.7068414,-0.08174443,34.47945785522461,26.2930850982666
19,-0.6838308,-0.07533693,34.47945785522461,26.2930850982666
19,-0.46536082,0.0057151318,34.47945785522461,26.2930850982666
19,-0.17457867,0.055952787,34.47945785522461,26.2930850982666
19,-0.14989746,0.02871108,34.47945785522461,26.2930850982666
19,-0.10117686,0.027161598,34.47945785522461,26.2930850982666
19,-0.16829395,0.09025383,34.47945785522461,26.2930850982666
19,-0.27289236,0.06886673,34.47945785522461,26.2930850982666
19,-0.39640188,0.012049913,34.47945785522461,26.2930850982666
19,-0.5687324,-0.2081418,34.47945785522461,26.2930850982666
19,0.53464484,-0.07525325,34.47945785522461,26.2930850982666
19,0.90903425,0.075188875,34.47945785522461,26.2930850982666
19,0.38398552,0.1366458,34.47945785522461,26.2930850982666
19,0.25618577,0.14126492,34.47945785522461,26.2930850982666
19,0.08024788,0.121329784,34.47945785522461,26.2930850982666
19,0.0058134794,0.13218236,34.47945785522461,26.2930850982666
19,-0.24471152,0.098983765,34.47945785522461,26.2930850982666
19,-0.37433267,0.0753479,34.47945785522461,26.2930850982666
19,-0.50099856,0.04829216,34.47945785522461,26.2930850982666
19,-0.4983486,0.002047062,34.47945785522461,26.2930850982666
19,-0.35777748,-0.1651318,34.47945785522461,26.2930850982666
19,-0.2985363,-0.056074142,34.47945785522461,26.2930850982666
19,-0.27094936,-0.015314817,34.47945785522461,26.2930850982666
19,-0.25792825,-0.0018019676,34.47945785522461,26.2930850982666
19,-0.007122755,-0.018170595,34.47945785522461,26.2930850982666
19,0.13598573,-0.029620886,34.47945785522461,26.2930850982666
19,0.43560815,-0.028883457,34.47945785522461,26.2930850982666
19,0.36578178,0.08733201,34.47945785522461,26.2930850982666
19,0.2955867,0.10448384,34.47945785522461,26.2930850982666
19,0.33384156,-0.0036752224,34.47945785522461,26.2930850982666
19,0.34037018,0.030897617,34.47945785522461,26.2930850982666
19,0.20470929,0.11441517,34.47945785522461,26.2930850982666
19,0.10944831,0.07124114,34.47945785522461,26.2930850982666
19,0.15037942,0.06778145,34.47945785522461,26.2930850982666
19,0.18308055,0.06195259,34.47945785522461,26.2930850982666
19,-0.09926045,0.11541939,34.47945785522461,26.2930850982666
19,-0.49660766,-0.041062355,34.47945785522461,26.2930850982666
19,-0.17976928,-0.04159808,34.47945785522461,26.2930850982666
19,0.47578168,0.05991745,34.47945785522461,26.2930850982666
19,-0.2508105,0.058997154,34.47945785522461,26.2930850982666
19,-0.09771407,0.036518574,34.47945785522461,26.2930850982666
20,-0.8189139,-0.03591132,33.81984329223633,27.80901336669922
20,-0.8785614,-0.06574535,33.81984329223633,27.80901336669922
20,-0.9120005,-0.07431388,33.81984329223633,27.80901336669922
20,-0.9990692,-0.18601465,33.81984329223633,27.80901336669922
20,-0.6783804,-0.22296119,33.81984329223633,27.80901336669922
20,-0.62824935,-0.2078824,33.81984329223633,27.80901336669922
20,-0.2601,0.06211233,33.81984329223633,27.80901336669922
20,-0.14049315,0.020617723,33.81984329223633,27.80901336669922
20,0.11320233,0.039578915,33.81984329223633,27.80901336669922
20,0.43999577,0.09883714,33.81984329223633,27.80901336669922
20,0.07461345,0.15357709,33.81984329223633,27.80901336669922
20,0.04373765,0.08735275,33.81984329223633,27.80901336669922
20,-0.40092528,0.122983456,33.81984329223633,27.80901336669922
20,-0.45846754,0.048715115,33.81984329223633,27.80901336669922
20,-0.79453164,-0.02992034,33.81984329223633,27.80901336669922
20,-0.78895843,-0.06955147,33.81984329223633,27.80901336669922
20,-0.6359692,-0.043797493,33.81984329223633,27.80901336669922
20,-0.31159127,-0.04045534,33.81984329223633,27.80901336669922
20,-0.08823049,0.082904816,33.81984329223633,27.80901336669922
20,-0.09186578,0.073726654,33.81984329223633,27.80901336669922
20,-0.1333481,0.07539725,33.81984329223633,27.80901336669922
20,-0.15844071,0.08324146,33.81984329223633,27.80901336669922
20,-0.21597707,0.07905054,33.81984329223633,27.80901336669922
20,-0.30194843,0.0649693,33.81984329223633,27.80901336669922
20,-0.63192487,0.010137796,33.81984329223633,27.80901336669922
20,-0.6055032,-0.034612656,33.81984329223633,27.80901336669922
20,-0.6002747,-0.02432394,33.81984329223633,27.80901336669922
20,-0.48666418,-0.008983612,33.81984329223633,27.80901336669922
20,-0.5212455,0.00987196,33.81984329223633,27.80901336669922
20,-0.52906394,0.0039839745,33.81984329223633,27.80901336669922
20,-0.47746336,-0.008103132,33.81984329223633,27.80901336669922
20,-0.5073578,0.032951593,33.81984329223633,27.80901336669922
20,-0.57739735,-0.011260748,33.81984329223633,27.80901336669922
20,-0.5097684,-0.009309053,33.81984329223633,27.80901336669922
20,-0.4251634,0.0021064281,33.81984329223633,27.80901336669922
20,-0.40724313,0.016936779,33.81984329223633,27.80901336669922
20,-0.42800653,0.027810097,33.81984329223633,27.80901336669922
20,-0.58829504,0.055814505,33.81984329223633,27.80901336669922
20,1.1836994,-0.017495394,33.81984329223633,27.80901336669922
20,1.3139236,-0.046780348,33.81984329223633,27.80901336669922
20,1.3188524,-0.030225515,33.81984329223633,27.80901336669922
20,0.9055207,0.104837894,33.81984329223633,27.80901336669922
20,-0.453703,0.1316874,33.81984329223633,27.80901336669922
20,-0.9594711,0.03940749,33.81984329223633,27.80901336669922
20,-0.41801298,-0.09518647,33.81984329223633,27.80901336669922
20,-0.59951955,-0.1864562,33.81984329223633,27.80901336669922
20,-0.6339578,-0.14824438,33.81984329223633,27.80901336669922
20,-0.57417,-0.057096004,33.81984329223633,27.80901336669922
20,-0.50393534,-0.048770905,33.81984329223633,27.80901336669922
20,0.101095915,-0.026828766,33.81984329223633,27.80901336669922
20,0.6702142,0.080022335,33.81984329223633,27.80901336669922
20,0.6885872,0.2678187,33.81984329223633,27.80901336669922
20,0.5273924,0.13523316,33.81984329223633,27.80901336669922
20,0.46706212,0.12720966,33.81984329223633,27.80901336669922
20,0.15889037,0.07741332,33.81984329223633,27.80901336669922
20,0.18046224,0.08369875,33.81984329223633,27.80901336669922
20,0.1710403,0.09791994,33.81984329223633,27.80901336669922
20,0.021893501,0.110850096,33.81984329223633,27.80901336669922
20,-0.17221427,0.08334255,33.81984329223633,27.80901336669922
20,-0.17873561,0.07598424,33.81984329223633,27.80901336669922
20,-0.19775474,0.078086376,33.81984329223633,27.80901336669922
20,-0.23312366,0.08485365,33.81984329223633,27.80901336669922
20,-0.38826585,0.047391653,33.81984329223633,27.80901336669922
20,-0.37106895,0.037789106,33.81984329223633,27.80901336669922
20,-0.3114363,0.031301975,33.81984329223633,27.80901336669922
20,-0.3810346,0.08152819,33.81984329223633,27.80901336669922
20,-0.5557551,0.022829771,33.81984329223633,27.80901336669922
20,-0.61755687,-0.0016376972,33.81984329223633,27.80901336669922
20,-0.6675696,-0.020139933,33.81984329223633,27.80901336669922
20,-0.72837394,-0.0055754185,33.81984329223633,27.80901336669922
20,-0.5619323,-0.024185658,33.81984329223633,27.80901336669922
20,-0.532437,0.0058789253,33.81984329223633,27.80901336669922
20,-0.5498054,0.007881165,33.81984329223633,27.80901336669922
20,-0.5108102,0.0118432045,33.81984329223633,27.80901336669922
20,-0.50268596,0.00997138,33.81984329223633,27.80901336669922
20,-0.4989431,0.012323856,33.81984329223633,27.80901336669922
20,-0.17738998,0.05867195,33.81984329223633,27.80901336669922
20,-0.33004618,0.071330786,33.81984329223633,27.80901336669922
20,-0.3580749,-0.006552458,33.81984329223633,27.80901336669922
20,-0.3647685,0.090317726,33.81984329223633,27.80901336669922
20,-0.34537625,0.0537951,33.81984329223633,27.80901336669922
20,-0.30140483,0.024821997,33.81984329223633,27.80901336669922
20,-0.20960605,0.020928621,33.81984329223633,27.80901336669922
20,-0.080219746,0.039848804,33.81984329223633,27.80901336669922
20,-0.078778505,0.062239647,33.81984329223633,27.80901336669922
20,-0.061155915,0.063952684,33.81984329223633,27.80901336669922
20,0.073542595,0.10056734,33.81984329223633,27.80901336669922
20,0.1498959,0.07396698,33.81984329223633,27.80901336669922
20,0.40762174,0.10994077,33.81984329223633,27.80901336669922
20,-0.20347154,-0.15741038,33.81984329223633,27.80901336669922
20,-0.14990008,-0.06747794,33.81984329223633,27.80901336669922
20,-0.033809543,0.012578726,33.81984329223633,27.80901336669922
20,-0.37516725,0.09484887,33.81984329223633,27.80901336669922
20,-0.5887218,-0.0064315796,33.81984329223633,27.80901336669922
20,-0.71922153,-0.0058124065,33.81984329223633,27.80901336669922
20,-0.83702964,-0.06591153,33.81984329223633,27.80901336669922
20,-0.90657455,-0.12627554,33.81984329223633,27.80901336669922
20,-0.9360172,-0.09690571,33.81984329223633,27.80901336669922
20,-0.43115008,-0.188689,33.81984329223633,27.80901336669922
20,0.7199516,-0.08157086,33.81984329223633,27.80901336669922
20,0.6281855,0.03670335,33.81984329223633,27.80901336669922
20,0.77864933,0.042631388,33.81984329223633,27.80901336669922
20,0.762465,0.06774235,33.81984329223633,27.80901336669922
20,-0.39039934,0.16837573,33.81984329223633,27.80901336669922
20,-0.8101501,-0.078752995,33.81984329223633,27.80901336669922
20,-0.7735222,-0.22916365,33.81984329223633,27.80901336669922
20,0.021456242,-0.07633448,33.81984329223633,27.80901336669922
20,0.055722713,-0.050260782,33.81984329223633,27.80901336669922
20,0.08507943,-0.03319955,33.81984329223633,27.80901336669922
20,0.11906278,-0.02382946,33.81984329223633,27.80901336669922
20,0.16960502,0.078694105,33.81984329223633,27.80901336669922
20,0.11256635,0.094530344,33.81984329223633,27.80901336669922
20,-0.12040079,0.08962226,33.81984329223633,27.80901336669922
20,-0.18482411,0.09326172,33.81984329223633,27.80901336669922
20,-0.37095118,0.06315303,33.81984329223633,27.80901336669922
20,-0.37374163,0.020174265,33.81984329223633,27.80901336669922
20,-0.4577943,0.04424143,33.81984329223633,27.80901336669922
20,-0.51727986,0.045605898,33.81984329223633,27.80901336669922
20,-0.63544774,-0.0426445,33.81984329223633,27.80901336669922
20,-0.5917394,-0.01507616,33.81984329223633,27.80901336669922
20,-0.5698951,-0.017704248,33.81984329223633,27.80901336669922
20,-0.5694084,-0.012782574,33.81984329223633,27.80901336669922
20,-0.5842269,-0.00068449974,33.81984329223633,27.80901336669922
20,-0.5353148,-0.011215925,33.81984329223633,27.80901336669922
20,-0.50935113,-0.010817766,33.81984329223633,27.80901336669922
20,-0.50684726,0.01879859,33.81984329223633,27.80901336669922
20,-0.6358838,0.036189556,33.81984329223633,27.80901336669922
20,-0.47895795,-0.02350831,33.81984329223633,27.80901336669922
20,0.49858594,0.20069098,33.81984329223633,27.80901336669922
20,0.6649258,0.07472515,33.81984329223633,27.80901336669922
20,0.399755,0.1370647,33.81984329223633,27.80901336669922
20,-0.1959275,0.15538812,33.81984329223633,27.80901336669922
20,-0.49819893,0.10183239,33.81984329223633,27.80901336669922
20,-0.308424,-0.07542825,33.81984329223633,27.80901336669922
20,-0.11179757,0.00045657158,33.81984329223633,27.80901336669922
20,0.07004094,0.037305117,33.81984329223633,27.80901336669922
20,-0.22613025,0.13952637,33.81984329223633,27.80901336669922
20,-0.45923793,0.033836365,33.81984329223633,27.80901336669922
20,-0.8076643,-0.035910845,33.81984329223633,27.80901336669922
20,-0.4554662,-0.08131981,33.81984329223633,27.80901336669922
20,-0.030371428,-0.009066582,33.81984329223633,27.80901336669922
20,0.26049352,0.1431675,33.81984329223633,27.80901336669922
20,0.123919606,0.12912893,33.81984329223633,27.80901336669922
20,0.105109334,0.12506127,33.81984329223633,27.80901336669922
20,0.10337186,0.115232706,33.81984329223633,27.80901336669922
20,0.0146968365,0.089957,33.81984329223633,27.80901336669922
20,0.21076429,0.052086115,33.81984329223633,27.80901336669922
20,0.42683208,0.043100595,33.81984329223633,27.80901336669922
20,0.62457514,0.056875944,33.81984329223633,27.80901336669922
20,-0.123041034,0.08177471,33.81984329223633,27.80901336669922
20,-0.13720787,0.08077788,33.81984329223633,27.80901336669922
20,-0.19664383,0.089555025,33.81984329223633,27.80901336669922
20,-0.21342969,0.08854747,33.81984329223633,27.80901336669922
20,-0.32096863,0.030790329,33.81984329223633,27.80901336669922
20,-0.34479702,0.0415833,33.81984329223633,27.80901336669922
20,-0.46948886,0.035088062,33.81984329223633,27.80901336669922
20,-0.4962244,-0.040344954,33.81984329223633,27.80901336669922
20,0.08981705,0.12039852,33.81984329223633,27.80901336669922
20,0.041680336,0.032139063,33.81984329223633,27.80901336669922
20,-0.043786645,0.119211674,33.81984329223633,27.80901336669922
20,-0.60446477,0.08612251,33.81984329223633,27.80901336669922
20,-0.67608196,0.06363559,33.81984329223633,27.80901336669922
20,-0.89327806,-0.015907288,33.81984329223633,27.80901336669922
20,-0.9484601,-0.033905745,33.81984329223633,27.80901336669922
20,-0.3896153,-0.27382612,33.81984329223633,27.80901336669922
20,0.434026,0.013239861,33.81984329223633,27.80901336669922
20,0.38961077,0.07311845,33.81984329223633,27.80901336669922
20,-0.03412056,0.10505319,33.81984329223633,27.80901336669922
20,-0.055007935,0.1061759,33.81984329223633,27.80901336669922
20,-0.25842583,0.059409857,33.81984329223633,27.80901336669922
20,-0.119182825,0.030027628,33.81984329223633,27.80901336669922
20,-0.07465422,0.07328582,33.81984329223633,27.80901336669922
20,-0.15143645,0.10439849,33.81984329223633,27.80901336669922
20,-0.20914161,0.10140085,33.81984329223633,27.80901336669922
20,0.11212778,-0.18793821,33.81984329223633,27.80901336669922
20,0.4104302,-0.06833458,33.81984329223633,27.80901336669922
20,0.6789098,0.0008401871,33.81984329223633,27.80901336669922
20,1.0593007,-0.01892209,33.81984329223633,27.80901336669922
20,-1.0065697,0.022313595,33.81984329223633,27.80901336669922
20,-1.0809529,-0.048808098,33.81984329223633,27.80901336669922
20,-1.0664537,-0.12794447,33.81984329223633,27.80901336669922
20,-0.80663806,-0.30154562,33.81984329223633,27.80901336669922
20,-0.29975426,-0.12331033,33.81984329223633,27.80901336669922
20,0.09065366,0.023850203,33.81984329223633,27.80901336669922
20,0.51435685,0.12599826,33.81984329223633,27.80901336669922
20,0.44452906,0.13326716,33.81984329223633,27.80901336669922
20,0.23051739,0.11651683,33.81984329223633,27.80901336669922
20,0.13875425,0.12784696,33.81984329223633,27.80901336669922
20,0.08592677,0.13013434,33.81984329223633,27.80901336669922
20,-0.038996577,0.11522436,33.81984329223633,27.80901336669922
20,-0.08320534,0.0951817,33.81984329223633,27.80901336669922
20,-0.14976704,0.09507203,33.81984329223633,27.80901336669922
20,-0.5383302,0.054808855,33.81984329223633,27.80901336669922
20,-0.63635874,0.028418303,33.81984329223633,27.80901336669922
20,-0.6860296,-0.17408013,33.81984329223633,27.80901336669922
20,0.335253,0.03462577,33.81984329223633,27.80901336669922
20,-0.086339,0.16874719,33.81984329223633,27.80901336669922
20,-0.48884803,0.054026127,33.81984329223633,27.80901336669922
20,-0.6127003,-0.048437357,33.81984329223633,27.80901336669922
20,-0.6270182,-0.02658844,33.81984329223633,27.80901336669922
20,-0.6416669,-0.020142555,33.81984329223633,27.80901336669922
20,-0.711676,-0.013731718,33.81984329223633,27.80901336669922
20,-0.8007523,-0.015814066,33.81984329223633,27.80901336669922
20,-1.0310222,-0.118285894,33.81984329223633,27.80901336669922
20,-0.8143291,-0.15329504,33.81984329223633,27.80901336669922
20,-0.56004757,-0.122555494,33.81984329223633,27.80901336669922
20,-0.4704092,-0.032656193,33.81984329223633,27.80901336669922
20,-0.944486,-0.04462576,33.81984329223633,27.80901336669922
20,-1.1011767,-0.15556097,33.81984329223633,27.80901336669922
20,-1.0098895,-0.15730476,33.81984329223633,27.80901336669922
20,-0.72190523,-0.16397953,33.81984329223633,27.80901336669922
20,-0.09105885,0.013822794,33.81984329223633,27.80901336669922
20,-0.13772571,0.060484648,33.81984329223633,27.80901336669922
20,-0.30773175,0.06136322,33.81984329223633,27.80901336669922
20,-0.97935784,-0.037862062,33.81984329223633,27.80901336669922
20,-1.0428816,-0.21171021,33.81984329223633,27.80901336669922
20,0.45308304,-0.02021575,33.81984329223633,27.80901336669922
20,0.48054934,0.075258255,33.81984329223633,27.80901336669922
20,0.45093668,0.09935403,33.81984329223633,27.80901336669922
20,0.47376406,0.09041071,33.81984329223633,27.80901336669922
20,-0.37571466,0.13486695,33.81984329223633,27.80901336669922
20,-0.70069253,-0.07024312,33.81984329223633,27.80901336669922
20,-0.67952454,-0.052892447,33.81984329223633,27.80901336669922
20,-0.25803208,-0.05334711,33.81984329223633,27.80901336669922
20,-0.1077286,-0.01214695,33.81984329223633,27.80901336669922
20,0.22135186,0.006554842,33.81984329223633,27.80901336669922
20,0.25866556,0.019604683,33.81984329223633,27.80901336669922
20,0.32987976,0.010596037,33.81984329223633,27.80901336669922
20,0.15814984,0.07618785,33.81984329223633,27.80901336669922
20,0.14115179,0.12853551,33.81984329223633,27.80901336669922
20,-0.0010005236,0.1533854,33.81984329223633,27.80901336669922
20,-0.05724752,0.118790865,33.81984329223633,27.80901336669922
20,-0.100084424,0.11858344,33.81984329223633,27.80901336669922
20,-0.13994944,0.09853983,33.81984329223633,27.80901336669922
20,0.0144712925,0.067988634,33.81984329223633,27.80901336669922
20,0.17815208,0.052754164,33.81984329223633,27.80901336669922
20,0.08363283,0.13047743,33.81984329223633,27.80901336669922
20,0.10162437,0.1031425,33.81984329223633,27.80901336669922
20,0.085436225,0.10906839,33.81984329223633,27.80901336669922
20,-0.5853466,0.030680895,33.81984329223633,27.80901336669922
20,-0.71049684,-0.02238226,33.81984329223633,27.80901336669922
20,-0.3593173,0.05182314,33.81984329223633,27.80901336669922
20,-0.3750621,0.05353594,33.81984329223633,27.80901336669922
20,-0.40399754,0.0431273,33.81984329223633,27.80901336669922
20,-0.38170278,0.048005342,33.81984329223633,27.80901336669922
20,-0.3920499,0.046302795,33.81984329223633,27.80901336669922
20,-0.29311478,-0.00023722649,33.81984329223633,27.80901336669922
20,-0.039696693,-0.12707019,33.81984329223633,27.80901336669922
20,-0.3080938,0.12145853,33.81984329223633,27.80901336669922
20,-0.7608322,0.020417452,33.81984329223633,27.80901336669922
20,-0.13232851,-0.15612221,33.81984329223633,27.80901336669922
20,0.46620035,0.12571573,33.81984329223633,27.80901336669922
20,0.6100347,0.124522924,33.81984329223633,27.80901336669922
20,0.55882144,0.13377833,33.81984329223633,27.80901336669922
20,0.13094842,0.17070127,33.81984329223633,27.80901336669922
20,-0.17994118,0.110710144,33.81984329223633,27.80901336669922
20,-0.22577131,0.11276889,33.81984329223633,27.80901336669922
20,-0.43031526,0.040785313,33.81984329223633,27.80901336669922
20,-0.47121686,0.031941414,33.81984329223633,27.80901336669922
20,-0.2470628,-0.027101278,33.81984329223633,27.80901336669922
20,-0.34780335,-0.1336124,33.81984329223633,27.80901336669922
20,-0.24836218,-0.10006523,33.81984329223633,27.80901336669922
20,-0.17225564,0.1018424,33.81984329223633,27.80901336669922
20,-0.5210904,0.05618882,33.81984329223633,27.80901336669922
20,-0.77136135,-0.07428932,33.81984329223633,27.80901336669922
20,-0.5605394,-0.08374119,33.81984329223633,27.80901336669922
20,-0.38982224,-0.10583472,33.81984329223633,27.80901336669922
20,0.26797795,0.0017268658,33.81984329223633,27.80901336669922
20,0.41747582,0.11216283,33.81984329223633,27.80901336669922
20,0.60083723,0.06885433,33.81984329223633,27.80901336669922
20,0.40949094,0.14043212,33.81984329223633,27.80901336669922
20,0.33199787,0.15185165,33.81984329223633,27.80901336669922
20,0.10013437,0.10750008,33.81984329223633,27.80901336669922
20,-0.16947973,0.060535908,33.81984329223633,27.80901336669922
20,-0.15618134,0.058954954,33.81984329223633,27.80901336669922
20,-0.061128855,0.06190896,33.81984329223633,27.80901336669922
20,-0.04857409,0.063797,33.81984329223633,27.80901336669922
20,-0.033185244,0.07108188,33.81984329223633,27.80901336669922
20,-0.15757084,0.08503151,33.81984329223633,27.80901336669922
20,-0.19261897,0.0786767,33.81984329223633,27.80901336669922
20,-0.22851467,0.08310199,33.81984329223633,27.80901336669922
20,-0.18616271,0.0514369,33.81984329223633,27.80901336669922
20,-0.15784323,0.059360504,33.81984329223633,27.80901336669922
20,-0.14956212,0.06840372,33.81984329223633,27.80901336669922
20,-0.15152836,0.06895232,33.81984329223633,27.80901336669922
20,-0.15977764,0.07141924,33.81984329223633,27.80901336669922
20,-0.1727345,0.07165313,33.81984329223633,27.80901336669922
20,-0.25226367,0.060702562,33.81984329223633,27.80901336669922
20,-0.30484056,0.046094656,33.81984329223633,27.80901336669922
20,-0.30434644,0.047192812,33.81984329223633,27.80901336669922
20,-0.3085041,0.051533937,33.81984329223633,27.80901336669922
20,-0.11569643,0.06792617,33.81984329223633,27.80901336669922
20,0.27038848,0.06893587,33.81984329223633,27.80901336669922
20,-0.18068933,0.15573025,33.81984329223633,27.80901336669922
20,-0.24933636,0.13562846,33.81984329223633,27.80901336669922
20,-0.0068962574,-0.03529501,33.81984329223633,27.80901336669922
20,0.43686438,0.06191349,33.81984329223633,27.80901336669922
20,0.8080962,0.038293123,33.81984329223633,27.80901336669922
20,-0.09658718,0.1326456,33.81984329223633,27.80901336669922
20,0.08217776,0.09437084,33.81984329223633,27.80901336669922
20,0.938447,0.031959057,33.81984329223633,27.80901336669922
20,0.8120644,0.10851812,33.81984329223633,27.80901336669922
20,0.13649678,0.05104375,33.81984329223633,27.80901336669922
20,0.13761246,-0.01087904,33.81984329223633,27.80901336669922
20,0.40662134,0.16964293,33.81984329223633,27.80901336669922
20,0.27281535,0.15509892,33.81984329223633,27.80901336669922
20,-0.16272676,0.12437439,33.81984329223633,27.80901336669922
20,-0.53305614,0.100892305,33.81984329223633,27.80901336669922
20,-0.7564517,-0.018416882,33.81984329223633,27.80901336669922
20,0.1847465,-0.06490159,33.81984329223633,27.80901336669922
20,0.5411792,0.1961348,33.81984329223633,27.80901336669922
20,0.0729264,0.2110362,33.81984329223633,27.80901336669922
20,-0.51864433,0.16138959,33.81984329223633,27.80901336669922
20,-0.9368889,0.026152372,33.81984329223633,27.80901336669922
20,-1.0312738,-0.16493392,33.81984329223633,27.80901336669922
20,-1.0550864,-0.14321494,33.81984329223633,27.80901336669922
20,-1.1047622,-0.15890932,33.81984329223633,27.80901336669922
20,-0.94993246,-0.2258439,33.81984329223633,27.80901336669922
20,-0.69260585,-0.07481599,33.81984329223633,27.80901336669922
20,-0.6995903,-0.06730747,33.81984329223633,27.80901336669922
20,-0.7134806,-0.06881261,33.81984329223633,27.80901336669922
20,-0.6865969,-0.057608843,33.81984329223633,27.80901336669922
20,-0.20706499,-0.092978,33.81984329223633,27.80901336669922
20,-0.24903345,0.042878628,33.81984329223633,27.80901336669922
20,0.06687665,0.17372131,33.81984329223633,27.80901336669922
20,-0.04299259,0.1431272,33.81984329223633,27.80901336669922
20,0.71462226,0.11493373,33.81984329223633,27.80901336669922
20,0.64672685,0.13478541,33.81984329223633,27.80901336669922
20,0.5499072,0.13335967,33.81984329223633,27.80901336669922
20,0.5054655,0.14162374,33.81984329223633,27.80901336669922
20,0.47678173,0.09762478,33.81984329223633,27.80901336669922
20,0.55615425,0.14906478,33.81984329223633,27.80901336669922
20,0.63216424,0.064166784,33.81984329223633,27.80901336669922
20,0.6905649,0.09413147,33.81984329223633,27.80901336669922
20,0.48941648,0.05338168,33.81984329223633,27.80901336669922
20,0.31342566,0.1260202,33.81984329223633,27.80901336669922
20,0.22938776,0.13897753,33.81984329223633,27.80901336669922
20,0.11081922,0.09346914,33.81984329223633,27.80901336669922
20,0.3367976,0.04210496,33.81984329223633,27.80901336669922
20,0.49463892,0.06395149,33.81984329223633,27.80901336669922
20,0.55881643,0.06126356,33.81984329223633,27.80901336669922
20,0.54991627,0.085362196,33.81984329223633,27.80901336669922
20,0.38676143,0.1440022,33.81984329223633,27.80901336669922
20,0.25247133,0.14155078,33.81984329223633,27.80901336669922
20,-0.27548778,0.090466976,33.81984329223633,27.80901336669922
20,-0.6853937,0.07971239,33.81984329223633,27.80901336669922
20,-0.75926435,0.013432264,33.81984329223633,27.80901336669922
20,-0.8285754,-0.022334814,33.81984329223633,27.80901336669922
20,-1.0145991,-0.08179951,33.81984329223633,27.80901336669922
20,-1.2210305,-0.17135024,33.81984329223633,27.80901336669922
20,-1.2545004,-0.21008492,33.81984329223633,27.80901336669922
20,-1.2189325,-0.231076,33.81984329223633,27.80901336669922
20,-1.2055272,-0.193609,33.81984329223633,27.80901336669922
20,-1.3000335,-0.17408323,33.81984329223633,27.80901336669922
20,-0.9228117,-0.25635123,33.81984329223633,27.80901336669922
20,-0.33902407,-0.087999105,33.81984329223633,27.80901336669922
20,0.47059608,-0.12694335,33.81984329223633,27.80901336669922
20,0.7531979,-0.018962383,33.81984329223633,27.80901336669922
20,0.8012786,0.011828899,33.81984329223633,27.80901336669922
20,1.16576,-0.015073776,33.81984329223633,27.80901336669922
20,1.1134739,0.05843711,33.81984329223633,27.80901336669922
20,0.7074549,0.15087032,33.81984329223633,27.80901336669922
20,0.49624836,0.17101812,33.81984329223633,27.80901336669922
20,0.06787455,0.1707089,33.81984329223633,27.80901336669922
20,-0.34737754,0.21181917,33.81984329223633,27.80901336669922
20,-0.41174316,0.061904192,33.81984329223633,27.80901336669922
20,-0.76747626,0.0350132,33.81984329223633,27.80901336669922
20,-0.87337446,-0.0023825169,33.81984329223633,27.80901336669922
20,-0.25114214,0.029822111,33.81984329223633,27.80901336669922
20,-0.9861404,-0.102359295,33.81984329223633,27.80901336669922
20,-0.96276987,-0.20901823,33.81984329223633,27.80901336669922
20,-0.8081026,-0.16734767,33.81984329223633,27.80901336669922
20,-0.26892185,-0.052896738,33.81984329223633,27.80901336669922
20,-0.23021185,-0.032903194,33.81984329223633,27.80901336669922
20,-0.19541872,0.01743865,33.81984329223633,27.80901336669922
20,-0.19191349,0.13145924,33.81984329223633,27.80901336669922
20,-0.24710786,0.11906576,33.81984329223633,27.80901336669922
20,-0.24669993,0.073240995,33.81984329223633,27.80901336669922
20,-0.023967266,0.010753632,33.81984329223633,27.80901336669922
20,-0.050894737,0.101144075,33.81984329223633,27.80901336669922
20,-0.0752058,0.07622504,33.81984329223633,27.80901336669922
20,-0.03706348,0.071965694,33.81984329223633,27.80901336669922
20,-0.04927945,0.07941198,33.81984329223633,27.80901336669922
20,-0.0334059,0.087222815,33.81984329223633,27.80901336669922
20,-0.061097264,0.09034824,33.81984329223633,27.80901336669922
20,-0.17112458,0.08927488,33.81984329223633,27.80901336669922
20,-0.2600546,0.06683183,33.81984329223633,27.80901336669922
20,-0.2308681,0.05277753,33.81984329223633,27.80901336669922
20,0.23224103,0.061518908,33.81984329223633,27.80901336669922
20,0.14961326,0.12846541,33.81984329223633,27.80901336669922
20,-0.24346519,0.07752442,33.81984329223633,27.80901336669922
20,0.041124344,0.059197426,33.81984329223633,27.80901336669922
20,0.2749027,-0.07047701,33.81984329223633,27.80901336669922
20,0.50257266,-0.031005383,33.81984329223633,27.80901336669922
20,0.40615535,0.12578607,33.81984329223633,27.80901336669922
20,0.29636288,0.12528133,33.81984329223633,27.80901336669922
20,0.111365795,0.14236331,33.81984329223633,27.80901336669922
20,-0.38106108,0.09143829,33.81984329223633,27.80901336669922
20,-0.548972,0.040551424,33.81984329223633,27.80901336669922
20,-0.66365564,0.0071229935,33.81984329223633,27.80901336669922
21,0.093188524,0.15260339,57.797733306884766,45.54608154296875
21,-0.24054897,0.15075946,57.797733306884766,45.54608154296875
21,-0.44256598,-0.095766306,57.797733306884766,45.54608154296875
21,0.07781637,0.0017614365,57.797733306884766,45.54608154296875
21,0.10699558,0.101450205,57.797733306884766,45.54608154296875
21,1.3678212,-0.054420233,57.797733306884766,45.54608154296875
21,1.3652232,-0.08038473,57.797733306884766,45.54608154296875
21,1.5434473,-0.1458838,57.797733306884766,45.54608154296875
21,2.192631,-0.3717003,57.797733306884766,45.54608154296875
21,2.1603873,-0.3873453,57.797733306884766,45.54608154296875
21,1.1858697,-0.03502679,57.797733306884766,45.54608154296875
21,1.392456,-0.08761501,57.797733306884766,45.54608154296875
21,1.5007999,-0.113699675,57.797733306884766,45.54608154296875
21,1.5383039,-0.12247419,57.797733306884766,45.54608154296875
21,1.5763495,-0.13557959,57.797733306884766,45.54608154296875
21,1.5172143,-0.098153114,57.797733306884766,45.54608154296875
21,1.1964157,0.046555996,57.797733306884766,45.54608154296875
21,0.8729992,0.0978775,57.797733306884766,45.54608154296875
21,0.68015504,0.15083456,57.797733306884766,45.54608154296875
21,0.34925294,0.16694355,57.797733306884766,45.54608154296875
21,0.12491906,0.120845556,57.797733306884766,45.54608154296875
21,-0.11458027,0.102501154,57.797733306884766,45.54608154296875
21,-0.21909332,0.09153247,57.797733306884766,45.54608154296875
21,-0.2960583,0.10611606,57.797733306884766,45.54608154296875
21,-0.28774083,0.049452066,57.797733306884766,45.54608154296875
21,-0.34197664,0.03598857,57.797733306884766,45.54608154296875
21,0.038390517,0.030536413,57.797733306884766,45.54608154296875
21,0.1760999,0.08626485,57.797733306884766,45.54608154296875
21,0.19342399,0.098636866,57.797733306884766,45.54608154296875
21,0.20206308,0.09658933,57.797733306884766,45.54608154296875
21,0.5176761,0.08931804,57.797733306884766,45.54608154296875
21,0.3615737,0.14335322,57.797733306884766,45.54608154296875
21,0.32058465,0.11965418,57.797733306884766,45.54608154296875
21,0.25887263,0.10463405,57.797733306884766,45.54608154296875
21,0.25322092,0.10991192,57.797733306884766,45.54608154296875
21,0.62901354,0.08971667,57.797733306884766,45.54608154296875
21,0.3481052,0.15819836,57.797733306884766,45.54608154296875
21,0.2640524,0.16693377,57.797733306884766,45.54608154296875
21,-0.41766226,0.07712865,57.797733306884766,45.54608154296875
21,-0.48628974,0.035324812,57.797733306884766,45.54608154296875
21,-0.46369177,-0.00019145012,57.797733306884766,45.54608154296875
21,-0.2190901,0.03970766,57.797733306884766,45.54608154296875
21,-0.21332276,0.040256977,57.797733306884766,45.54608154296875
21,-0.43643272,-0.058235407,57.797733306884766,45.54608154296875
21,-0.08170283,-0.020264149,57.797733306884766,45.54608154296875
21,0.14067376,0.04869771,57.797733306884766,45.54608154296875
21,0.5745959,0.0292387,57.797733306884766,45.54608154296875
21,0.90843725,0.12091184,57.797733306884766,45.54608154296875
21,0.9659047,0.041846514,57.797733306884766,45.54608154296875
21,1.0410819,0.0313735,57.797733306884766,45.54608154296875
21,0.72516084,0.12871718,57.797733306884766,45.54608154296875
21,2.1253054,-0.5254965,57.797733306884766,45.54608154296875
21,2.2875264,-0.49626493,57.797733306884766,45.54608154296875
21,2.0984707,-0.38859963,57.797733306884766,45.54608154296875
21,1.8395987,-0.24309945,57.797733306884766,45.54608154296875
21,1.9899745,-0.32854772,57.797733306884766,45.54608154296875
21,1.7433915,-0.18378043,57.797733306884766,45.54608154296875
21,1.4201813,-0.04049635,57.797733306884766,45.54608154296875
21,1.4018886,-0.0019402504,57.797733306884766,45.54608154296875
21,1.351979,0.01717472,57.797733306884766,45.54608154296875
21,0.7102883,0.26548505,57.797733306884766,45.54608154296875
21,0.4337461,0.1180861,57.797733306884766,45.54608154296875
21,0.32368279,0.12246323,57.797733306884766,45.54608154296875
21,0.30805802,0.108284,57.797733306884766,45.54608154296875
21,0.5982554,0.1279192,57.797733306884766,45.54608154296875
21,0.5338092,0.12691021,57.797733306884766,45.54608154296875
21,0.38009596,0.17199278,57.797733306884766,45.54608154296875
21,0.12180352,0.23924804,57.797733306884766,45.54608154296875
21,-0.080138445,0.14085174,57.797733306884766,45.54608154296875
21,0.08282864,0.11304331,57.797733306884766,45.54608154296875
21,-0.00013768673,0.1037755,57.797733306884766,45.54608154296875
21,-0.37136376,0.046660423,57.797733306884766,45.54608154296875
21,-0.26127636,0.023398161,57.797733306884766,45.54608154296875
21,-0.18649125,0.01853013,57.797733306884766,45.54608154296875
21,0.00035321712,0.006369829,57.797733306884766,45.54608154296875
21,0.19041574,0.043065548,57.797733306884766,45.54608154296875
21,0.6139903,0.063364506,57.797733306884766,45.54608154296875
21,0.545351,-0.10283351,57.797733306884766,45.54608154296875
21,0.881783,0.10041523,57.797733306884766,45.54608154296875
21,0.835104,0.10696554,57.797733306884766,45.54608154296875
21,0.9456897,0.035656452,57.797733306884766,45.54608154296875
21,1.0126383,0.020401716,57.797733306884766,45.54608154296875
21,0.8607576,0.06854272,57.797733306884766,45.54608154296875
21,0.88849545,0.08939314,57.797733306884766,45.54608154296875
21,0.82000256,0.12230587,57.797733306884766,45.54608154296875
21,0.28088295,0.16929913,57.797733306884766,45.54608154296875
21,0.352561,0.10455871,57.797733306884766,45.54608154296875
21,0.14166892,0.122416735,57.797733306884766,45.54608154296875
21,0.3569293,0.054471016,57.797733306884766,45.54608154296875
21,0.41766727,0.100739,57.797733306884766,45.54608154296875
21,0.534883,0.08334851,57.797733306884766,45.54608154296875
21,1.1043196,-0.015773058,57.797733306884766,45.54608154296875
21,1.2611568,0.07821512,57.797733306884766,45.54608154296875
21,1.1858511,0.012782335,57.797733306884766,45.54608154296875
21,1.9444807,-0.32772756,57.797733306884766,45.54608154296875
21,1.9320028,-0.24553514,57.797733306884766,45.54608154296875
21,1.9352682,-0.2659335,57.797733306884766,45.54608154296875
21,1.8706222,-0.2122593,57.797733306884766,45.54608154296875
21,1.5766168,-0.14190817,57.797733306884766,45.54608154296875
21,1.9894187,-0.3359661,57.797733306884766,45.54608154296875
21,2.1496775,-0.44487953,57.797733306884766,45.54608154296875
21,2.151521,-0.42728114,57.797733306884766,45.54608154296875
21,2.159061,-0.43916035,57.797733306884766,45.54608154296875
21,2.1737607,-0.44869947,57.797733306884766,45.54608154296875
21,2.1923642,-0.45758367,57.797733306884766,45.54608154296875
21,1.6621213,-0.13543177,57.797733306884766,45.54608154296875
21,1.8541002,-0.23689532,57.797733306884766,45.54608154296875
21,1.809406,-0.21911573,57.797733306884766,45.54608154296875
21,1.946198,-0.30988216,57.797733306884766,45.54608154296875
21,2.0316496,-0.3403933,57.797733306884766,45.54608154296875
21,1.7793546,-0.1500783,57.797733306884766,45.54608154296875
21,1.2686515,0.012899876,57.797733306884766,45.54608154296875
21,0.8999851,0.13067698,57.797733306884766,45.54608154296875
21,0.5007366,0.12054229,57.797733306884766,45.54608154296875
21,0.36866438,0.14584994,57.797733306884766,45.54608154296875
21,0.50275385,0.118719816,57.797733306884766,45.54608154296875
21,0.2877884,0.1401515,57.797733306884766,45.54608154296875
21,0.045063853,0.16522956,57.797733306884766,45.54608154296875
21,-0.056619644,0.17631602,57.797733306884766,45.54608154296875
21,-0.7156959,0.016043663,57.797733306884766,45.54608154296875
21,-0.68451244,-0.16677761,57.797733306884766,45.54608154296875
21,0.2162447,-0.01322937,57.797733306884766,45.54608154296875
21,0.6355028,-0.06049919,57.797733306884766,45.54608154296875
21,1.0768747,0.007228613,57.797733306884766,45.54608154296875
21,1.1188102,-0.020194054,57.797733306884766,45.54608154296875
21,0.94828963,0.099062204,57.797733306884766,45.54608154296875
21,1.1180706,0.04826069,57.797733306884766,45.54608154296875
21,1.1314609,0.07143068,57.797733306884766,45.54608154296875
21,1.2003598,0.014398336,57.797733306884766,45.54608154296875
21,1.4540162,-0.12156296,57.797733306884766,45.54608154296875
21,1.2576604,0.03277445,57.797733306884766,45.54608154296875
21,0.5887828,0.15228605,57.797733306884766,45.54608154296875
21,0.054492712,0.20055127,57.797733306884766,45.54608154296875
21,-0.588617,0.07288122,57.797733306884766,45.54608154296875
21,-0.7729037,0.02764225,57.797733306884766,45.54608154296875
21,-0.8207009,0.002642393,57.797733306884766,45.54608154296875
21,-1.019993,-0.083866596,57.797733306884766,45.54608154296875
21,-1.1539192,-0.13403535,57.797733306884766,45.54608154296875
21,-0.6183235,-0.2526574,57.797733306884766,45.54608154296875
21,-0.38965225,-0.24468374,57.797733306884766,45.54608154296875
21,-0.20182967,-0.19262338,57.797733306884766,45.54608154296875
21,1.3359745,-0.15425968,57.797733306884766,45.54608154296875
21,1.6629605,-0.21649504,57.797733306884766,45.54608154296875
21,1.4141867,-0.036243916,57.797733306884766,45.54608154296875
21,1.561743,-0.11648822,57.797733306884766,45.54608154296875
21,1.5505295,-0.10095477,57.797733306884766,45.54608154296875
21,1.1233664,0.056954384,57.797733306884766,45.54608154296875
21,1.4760764,-0.078822374,57.797733306884766,45.54608154296875
21,1.4093552,-0.050406933,57.797733306884766,45.54608154296875
21,1.3157446,-0.024685621,57.797733306884766,45.54608154296875
21,1.181972,0.02524066,57.797733306884766,45.54608154296875
21,1.1655877,0.048469305,57.797733306884766,45.54608154296875
21,0.8937433,0.11103678,57.797733306884766,45.54608154296875
21,0.8259046,0.074159145,57.797733306884766,45.54608154296875
21,0.85833836,0.06764197,57.797733306884766,45.54608154296875
21,0.829679,0.036907434,57.797733306884766,45.54608154296875
21,0.8306918,0.015112877,57.797733306884766,45.54608154296875
21,0.6936896,0.14079714,57.797733306884766,45.54608154296875
21,0.5792339,0.13425374,57.797733306884766,45.54608154296875
21,-0.80072963,0.0847919,57.797733306884766,45.54608154296875
21,-0.8275763,0.014620781,57.797733306884766,45.54608154296875
21,-1.1099116,-0.06530237,57.797733306884766,45.54608154296875
21,-1.1746569,-0.12644339,57.797733306884766,45.54608154296875
21,-1.2777433,-0.14174628,57.797733306884766,45.54608154296875
21,-1.3239363,-0.20797801,57.797733306884766,45.54608154296875
21,-1.3433132,-0.21474075,57.797733306884766,45.54608154296875
21,-1.4883596,-0.26065278,57.797733306884766,45.54608154296875
21,-1.379698,-0.32089305,57.797733306884766,45.54608154296875
21,-0.7824207,-0.51323414,57.797733306884766,45.54608154296875
21,0.037384033,-0.09842563,57.797733306884766,45.54608154296875
21,0.52021825,-0.067866325,57.797733306884766,45.54608154296875
21,0.52936757,0.060089827,57.797733306884766,45.54608154296875
21,0.5272728,0.08070016,57.797733306884766,45.54608154296875
21,-0.6343497,0.12175417,57.797733306884766,45.54608154296875
21,-1.0053107,0.036685705,57.797733306884766,45.54608154296875
21,-0.9474772,-0.13753343,57.797733306884766,45.54608154296875
21,-1.0322175,-0.1280837,57.797733306884766,45.54608154296875
21,-1.0855827,-0.12220287,57.797733306884766,45.54608154296875
21,-1.1098462,-0.116467476,57.797733306884766,45.54608154296875
21,-1.0389153,-0.3252468,57.797733306884766,45.54608154296875
21,-0.99082756,-0.21248579,57.797733306884766,45.54608154296875
21,-1.0275434,-0.18045211,57.797733306884766,45.54608154296875
21,-1.0887831,-0.16072416,57.797733306884766,45.54608154296875
21,-1.0827947,-0.17591667,57.797733306884766,45.54608154296875
21,-0.9275627,-0.21788716,57.797733306884766,45.54608154296875
21,-0.95627403,-0.09540844,57.797733306884766,45.54608154296875
21,-0.8218235,-0.13635206,57.797733306884766,45.54608154296875
21,-0.746649,-0.13115048,57.797733306884766,45.54608154296875
21,-0.6896602,-0.037487507,57.797733306884766,45.54608154296875
21,-0.91107243,-0.045964718,57.797733306884766,45.54608154296875
21,-0.61915773,-0.06320572,57.797733306884766,45.54608154296875
21,-0.64786464,-0.040403366,57.797733306884766,45.54608154296875
21,-0.1560694,0.112523794,57.797733306884766,45.54608154296875
21,-0.09847236,-0.036738396,57.797733306884766,45.54608154296875
21,0.01908505,0.048558474,57.797733306884766,45.54608154296875
21,-0.009290576,0.063144684,57.797733306884766,45.54608154296875
21,-0.2809956,0.035612583,57.797733306884766,45.54608154296875
21,-0.20192361,0.04291916,57.797733306884766,45.54608154296875
21,-0.16592121,0.040773153,57.797733306884766,45.54608154296875
21,-0.03892505,0.009073734,57.797733306884766,45.54608154296875
21,0.3460307,0.09677458,57.797733306884766,45.54608154296875
21,0.7561333,0.11890507,57.797733306884766,45.54608154296875
21,-0.4535036,0.266932,57.797733306884766,45.54608154296875
21,0.13283408,0.09304261,57.797733306884766,45.54608154296875
21,-1.0507457,-0.06063652,57.797733306884766,45.54608154296875
21,-1.1817336,-0.082962275,57.797733306884766,45.54608154296875
21,-0.59369075,-0.5244577,57.797733306884766,45.54608154296875
21,0.618315,0.01962018,57.797733306884766,45.54608154296875
21,0.7940328,-0.01925683,57.797733306884766,45.54608154296875
21,1.0787463,0.09823966,57.797733306884766,45.54608154296875
21,0.8222089,0.15416884,57.797733306884766,45.54608154296875
21,0.16193855,0.225101,57.797733306884766,45.54608154296875
21,-1.1042364,-0.1014142,57.797733306884766,45.54608154296875
21,-0.9622562,-0.18576479,57.797733306884766,45.54608154296875
21,0.37072575,0.08258796,57.797733306884766,45.54608154296875
21,0.18399155,0.17214012,57.797733306884766,45.54608154296875
21,-0.19781423,0.21562862,57.797733306884766,45.54608154296875
21,-0.71752733,0.014275312,57.797733306884766,45.54608154296875
21,-0.9467529,-0.05025053,57.797733306884766,45.54608154296875
21,-0.5193944,-0.010262251,57.797733306884766,45.54608154296875
21,-0.53125745,-0.012910128,57.797733306884766,45.54608154296875
21,-0.38564694,-0.038810015,57.797733306884766,45.54608154296875
21,-0.4478376,0.035179377,57.797733306884766,45.54608154296875
21,-0.52321255,0.049616814,57.797733306884766,45.54608154296875
21,-0.29639506,0.04956031,57.797733306884766,45.54608154296875
21,-0.2239685,0.049487352,57.797733306884766,45.54608154296875
21,-0.2820462,0.07294178,57.797733306884766,45.54608154296875
21,0.17714214,0.05678439,57.797733306884766,45.54608154296875
21,0.16060615,0.11405015,57.797733306884766,45.54608154296875
21,-0.06926811,0.10500932,57.797733306884766,45.54608154296875
21,-0.2016877,0.090070486,57.797733306884766,45.54608154296875
21,-0.4418667,0.10714698,57.797733306884766,45.54608154296875
21,0.105344415,0.104293585,57.797733306884766,45.54608154296875
21,-0.4858545,0.06662917,57.797733306884766,45.54608154296875
21,-0.57537067,0.028728485,57.797733306884766,45.54608154296875
21,-0.9097982,-0.029168606,57.797733306884766,45.54608154296875
21,-1.1845245,-0.18959546,57.797733306884766,45.54608154296875
21,-0.90060604,-0.16528726,57.797733306884766,45.54608154296875
21,-0.48706275,0.0043787956,57.797733306884766,45.54608154296875
21,0.15251112,-0.020585775,57.797733306884766,45.54608154296875
21,0.33387518,0.07721901,57.797733306884766,45.54608154296875
21,0.35509646,0.0584445,57.797733306884766,45.54608154296875
21,0.4572618,0.055259705,57.797733306884766,45.54608154296875
21,0.80451345,0.061834097,57.797733306884766,45.54608154296875
21,0.87649274,0.07712126,57.797733306884766,45.54608154296875
21,0.80586934,0.1103158,57.797733306884766,45.54608154296875
21,0.77637625,0.1101923,57.797733306884766,45.54608154296875
21,0.6061387,0.13962984,57.797733306884766,45.54608154296875
21,0.5482528,0.10169792,57.797733306884766,45.54608154296875
21,0.46716464,0.1394875,57.797733306884766,45.54608154296875
21,0.10164821,0.12986112,57.797733306884766,45.54608154296875
21,-0.08085692,0.124661684,57.797733306884766,45.54608154296875
21,-0.15804243,0.11692786,57.797733306884766,45.54608154296875
21,-0.36059844,0.09067011,57.797733306884766,45.54608154296875
21,-0.8511579,0.006265402,57.797733306884766,45.54608154296875
21,-1.0515916,-0.07377195,57.797733306884766,45.54608154296875
21,-1.0961266,-0.09310746,57.797733306884766,45.54608154296875
21,-1.1433767,-0.21833158,57.797733306884766,45.54608154296875
21,-1.0720509,-0.2714417,57.797733306884766,45.54608154296875
21,-0.71960413,-0.25286317,57.797733306884766,45.54608154296875
21,-0.4648738,-0.1493845,57.797733306884766,45.54608154296875
21,-0.3116088,-0.05577135,57.797733306884766,45.54608154296875
21,-0.16229606,-0.004719734,57.797733306884766,45.54608154296875
21,-0.20574844,0.047482014,57.797733306884766,45.54608154296875
21,-0.2838775,0.040799618,57.797733306884766,45.54608154296875
21,-0.21311712,0.027259588,57.797733306884766,45.54608154296875
21,0.8296771,-0.083244085,57.797733306884766,45.54608154296875
21,0.075978756,0.15853977,57.797733306884766,45.54608154296875
21,-0.10553765,0.15213394,57.797733306884766,45.54608154296875
21,-0.18145251,0.15461111,57.797733306884766,45.54608154296875
21,-0.25469363,0.14107323,57.797733306884766,45.54608154296875
21,-0.7512287,0.028718233,57.797733306884766,45.54608154296875
21,-1.2371322,-0.11495972,57.797733306884766,45.54608154296875
21,-0.8877604,-0.35119557,57.797733306884766,45.54608154296875
21,1.2176294,-0.04425955,57.797733306884766,45.54608154296875
21,1.0413487,0.06624293,57.797733306884766,45.54608154296875
21,0.6829052,0.13595867,57.797733306884766,45.54608154296875
21,-0.34000576,0.10607433,57.797733306884766,45.54608154296875
21,-0.5267723,0.05987811,57.797733306884766,45.54608154296875
21,-0.92858714,-0.04142046,57.797733306884766,45.54608154296875
21,-1.0630702,-0.12368083,57.797733306884766,45.54608154296875
21,-1.065863,-0.14627957,57.797733306884766,45.54608154296875
21,-1.0866991,-0.24100518,57.797733306884766,45.54608154296875
21,-0.9484813,-0.24179053,57.797733306884766,45.54608154296875
21,-0.6549649,-0.12118149,57.797733306884766,45.54608154296875
21,-0.18431187,-0.013110638,57.797733306884766,45.54608154296875
21,-0.11446011,0.0405643,57.797733306884766,45.54608154296875
21,-0.10355675,0.05460334,57.797733306884766,45.54608154296875
21,-0.14074802,0.083488226,57.797733306884766,45.54608154296875
21,0.1605066,0.086095095,57.797733306884766,45.54608154296875
21,-0.10839403,0.053359747,57.797733306884766,45.54608154296875
21,-0.40557027,0.09303522,57.797733306884766,45.54608154296875
21,-0.23324251,0.0014567375,57.797733306884766,45.54608154296875
21,-0.14205456,0.056333303,57.797733306884766,45.54608154296875
21,-0.25316155,0.087393284,57.797733306884766,45.54608154296875
21,-0.33691442,0.06573653,57.797733306884766,45.54608154296875
21,-0.3551997,0.036735535,57.797733306884766,45.54608154296875
21,-0.38250697,0.056532145,57.797733306884766,45.54608154296875
21,-0.5564535,0.071652174,57.797733306884766,45.54608154296875
21,0.07181108,-0.09379172,57.797733306884766,45.54608154296875
21,0.8210952,0.0020694733,57.797733306884766,45.54608154296875
21,0.93147755,0.008944273,57.797733306884766,45.54608154296875
21,1.2996469,-0.0748024,57.797733306884766,45.54608154296875
21,1.3359134,0.06538582,57.797733306884766,45.54608154296875
21,1.0171382,0.08679485,57.797733306884766,45.54608154296875
21,0.6855593,0.13163686,57.797733306884766,45.54608154296875
21,-0.09477711,0.20545506,57.797733306884766,45.54608154296875
21,-0.17061222,0.16955733,57.797733306884766,45.54608154296875
21,-0.42429197,0.15266442,57.797733306884766,45.54608154296875
21,-0.58454126,-0.06580305,57.797733306884766,45.54608154296875
21,-0.14767456,-0.034168243,57.797733306884766,45.54608154296875
21,0.16514409,0.04045677,57.797733306884766,45.54608154296875
21,-0.24728572,0.0119047165,57.797733306884766,45.54608154296875
21,0.20464504,0.05501342,57.797733306884766,45.54608154296875
21,0.2806921,0.09959221,57.797733306884766,45.54608154296875
21,0.1048069,0.13886476,57.797733306884766,45.54608154296875
21,-0.9340954,-0.01356554,57.797733306884766,45.54608154296875
21,-1.3988916,-0.1958301,57.797733306884766,45.54608154296875
21,-1.1182721,-0.2942624,57.797733306884766,45.54608154296875
21,0.14279759,0.004770756,57.797733306884766,45.54608154296875
21,0.061559916,0.09708786,57.797733306884766,45.54608154296875
21,-0.009790301,0.09032655,57.797733306884766,45.54608154296875
21,-0.035505533,0.09702754,57.797733306884766,45.54608154296875
21,-0.13900173,0.09281969,57.797733306884766,45.54608154296875
21,-0.5954694,0.0066862106,57.797733306884766,45.54608154296875
21,-0.6016387,-0.02849722,57.797733306884766,45.54608154296875
21,-0.068014264,0.094144106,57.797733306884766,45.54608154296875
21,-0.08164108,0.078273535,57.797733306884766,45.54608154296875
21,-0.12671041,0.08617258,57.797733306884766,45.54608154296875
21,-0.12289965,0.07125926,57.797733306884766,45.54608154296875
21,-0.17046559,0.0758028,57.797733306884766,45.54608154296875
21,-0.23403764,0.075507164,57.797733306884766,45.54608154296875
21,-0.22361553,0.056954384,57.797733306884766,45.54608154296875
21,-0.20109665,0.068107605,57.797733306884766,45.54608154296875
21,-0.470976,0.0425539,57.797733306884766,45.54608154296875
21,-0.5090509,0.014049768,57.797733306884766,45.54608154296875
21,-0.11181748,0.06310868,57.797733306884766,45.54608154296875
21,-0.054121494,0.029511213,57.797733306884766,45.54608154296875
21,-0.2856133,0.095615625,57.797733306884766,45.54608154296875
21,-0.2858894,0.06417227,57.797733306884766,45.54608154296875
21,0.1055274,-0.027720213,57.797733306884766,45.54608154296875
21,0.6231055,0.003984928,57.797733306884766,45.54608154296875
21,0.27161634,0.16735029,57.797733306884766,45.54608154296875
21,0.13813722,0.20210671,57.797733306884766,45.54608154296875
21,-0.26346302,0.14331031,57.797733306884766,45.54608154296875
21,-0.33840597,0.053369284,57.797733306884766,45.54608154296875
21,-0.029717207,0.057792664,57.797733306884766,45.54608154296875
21,-0.20573986,0.12531567,57.797733306884766,45.54608154296875
21,-0.3719523,0.026534796,57.797733306884766,45.54608154296875
21,-0.4257108,0.05299568,57.797733306884766,45.54608154296875
21,-0.060250282,-0.007978678,57.797733306884766,45.54608154296875
21,0.77784514,0.08690667,57.797733306884766,45.54608154296875
21,0.16257024,0.18627167,57.797733306884766,45.54608154296875
21,0.02692914,0.094456434,57.797733306884766,45.54608154296875
21,-0.13687563,0.1061542,57.797733306884766,45.54608154296875
21,-0.18405616,0.08624363,57.797733306884766,45.54608154296875
21,-0.1918273,0.08102155,57.797733306884766,45.54608154296875
21,-0.20420444,0.07982421,57.797733306884766,45.54608154296875
21,-0.32083058,0.07299948,57.797733306884766,45.54608154296875
21,-0.34031892,0.061070442,57.797733306884766,45.54608154296875
21,-0.57611907,-0.003642559,57.797733306884766,45.54608154296875
21,-0.71657854,-0.028656483,57.797733306884766,45.54608154296875
21,-0.70348895,-0.04374528,57.797733306884766,45.54608154296875
21,-0.6916832,-0.045104265,57.797733306884766,45.54608154296875
21,-0.6903501,-0.04276681,57.797733306884766,45.54608154296875
21,-0.5635477,0.003392458,57.797733306884766,45.54608154296875
21,-0.28541625,-0.0061109066,57.797733306884766,45.54608154296875
21,-0.43821585,0.006960869,57.797733306884766,45.54608154296875
21,-0.12460625,-0.016887426,57.797733306884766,45.54608154296875
21,0.05382335,0.0074646473,57.797733306884766,45.54608154296875
21,0.12467885,0.08016133,57.797733306884766,45.54608154296875
21,0.08011544,0.024372578,57.797733306884766,45.54608154296875
21,-0.0602144,0.09963393,57.797733306884766,45.54608154296875
21,-0.17419696,0.089607716,57.797733306884766,45.54608154296875
21,-0.18764305,0.08551526,57.797733306884766,45.54608154296875
21,-0.45166427,0.07077479,57.797733306884766,45.54608154296875
21,-0.60503817,0.037196398,57.797733306884766,45.54608154296875
21,-0.8696675,-0.06581354,57.797733306884766,45.54608154296875
21,-0.8909449,-0.057240725,57.797733306884766,45.54608154296875
21,-1.0138417,-0.07280421,57.797733306884766,45.54608154296875
21,-1.0931516,-0.167454,57.797733306884766,45.54608154296875
21,-0.69749725,-0.17482352,57.797733306884766,45.54608154296875
21,0.35202074,-0.024524689,57.797733306884766,45.54608154296875
21,0.7451587,0.095733404,57.797733306884766,45.54608154296875
21,1.0897722,-0.07406616,57.797733306884766,45.54608154296875
21,1.2563553,-0.021930695,57.797733306884766,45.54608154296875
21,1.6197598,-0.16585755,57.797733306884766,45.54608154296875
21,1.7800493,-0.12167144,57.797733306884766,45.54608154296875
21,1.461556,-0.04303813,57.797733306884766,45.54608154296875
21,1.1581256,0.025415182,57.797733306884766,45.54608154296875
21,1.1608019,0.029550314,57.797733306884766,45.54608154296875
21,0.80549264,0.17198324,57.797733306884766,45.54608154296875
21,0.22793794,0.17509389,57.797733306884766,45.54608154296875
21,0.023841143,0.15396261,57.797733306884766,45.54608154296875
21,-0.08392143,0.015364885,57.797733306884766,45.54608154296875
21,-0.072066545,0.031774998,57.797733306884766,45.54608154296875
21,-0.09835434,0.10235214,57.797733306884766,45.54608154296875
21,-0.0743407,0.041871548,57.797733306884766,45.54608154296875
21,0.23110425,0.07268238,57.797733306884766,45.54608154296875
21,0.39750588,0.08104348,57.797733306884766,45.54608154296875
22,1.2462091,0.02183032,43.34516906738281,30.622859954833984
22,1.3013844,-0.028007269,43.34516906738281,30.622859954833984
22,1.4305103,-0.091784954,43.34516906738281,30.622859954833984
22,0.64377904,0.20795345,43.34516906738281,30.622859954833984
22,0.88341355,0.09290218,43.34516906738281,30.622859954833984
22,0.7933755,0.066446304,43.34516906738281,30.622859954833984
22,0.68387866,0.09057665,43.34516906738281,30.622859954833984
22,0.51114523,0.08763409,43.34516906738281,30.622859954833984
22,0.6149404,0.060064077,43.34516906738281,30.622859954833984
22,0.646857,0.09788895,43.34516906738281,30.622859954833984
22,0.42888236,0.092118025,43.34516906738281,30.622859954833984
22,-0.6844942,-0.0029139519,43.34516906738281,30.622859954833984
22,-0.6974298,-0.017631054,43.34516906738281,30.622859954833984
22,-0.31511986,0.012596607,43.34516906738281,30.622859954833984
22,0.34772837,0.07540727,43.34516906738281,30.622859954833984
22,-0.1355536,0.111424685,43.34516906738281,30.622859954833984
22,-0.20510209,0.04006529,43.34516906738281,30.622859954833984
22,-0.24290812,0.04349947,43.34516906738281,30.622859954833984
22,-0.0905962,0.03516245,43.34516906738281,30.622859954833984
22,-0.05157256,0.03690672,43.34516906738281,30.622859954833984
22,-0.008250833,0.07897782,43.34516906738281,30.622859954833984
22,-0.006480098,0.07970381,43.34516906738281,30.622859954833984
22,-0.028848171,0.08753753,43.34516906738281,30.622859954833984
22,-0.07206118,0.04011011,43.34516906738281,30.622859954833984
22,-0.2630496,0.07207656,43.34516906738281,30.622859954833984
22,-0.518736,-0.006677389,43.34516906738281,30.622859954833984
22,-0.6585668,-0.021741867,43.34516906738281,30.622859954833984
22,-0.6777738,-0.021418571,43.34516906738281,30.622859954833984
22,-0.6074226,-0.09943533,43.34516906738281,30.622859954833984
22,-0.4920786,-0.07052708,43.34516906738281,30.622859954833984
22,-0.61168015,-0.0033500195,43.34516906738281,30.622859954833984
22,-0.62781525,-0.037853956,43.34516906738281,30.622859954833984
22,-0.29240108,-0.05150819,43.34516906738281,30.622859954833984
22,0.024380803,-0.025210619,43.34516906738281,30.622859954833984
22,0.48090053,-0.019857645,43.34516906738281,30.622859954833984
22,0.4218943,0.080869675,43.34516906738281,30.622859954833984
22,0.65743685,0.11065078,43.34516906738281,30.622859954833984
22,0.5430976,0.14149594,43.34516906738281,30.622859954833984
22,0.29917872,0.18058157,43.34516906738281,30.622859954833984
22,-0.3641106,0.0984118,43.34516906738281,30.622859954833984
22,-0.43595004,0.06582928,43.34516906738281,30.622859954833984
22,-0.47668427,0.059163094,43.34516906738281,30.622859954833984
22,-0.6387738,0.03637314,43.34516906738281,30.622859954833984
22,-0.6809957,0.018883228,43.34516906738281,30.622859954833984
22,-0.84093547,-0.018664598,43.34516906738281,30.622859954833984
22,-0.95265555,-0.105731726,43.34516906738281,30.622859954833984
22,-0.7942648,-0.1034956,43.34516906738281,30.622859954833984
22,-0.74453604,-0.09436321,43.34516906738281,30.622859954833984
22,-0.764845,-0.075194836,43.34516906738281,30.622859954833984
22,-0.8138878,-0.06474638,43.34516906738281,30.622859954833984
22,-0.81298137,-0.09424949,43.34516906738281,30.622859954833984
22,-0.86287415,-0.099197865,43.34516906738281,30.622859954833984
22,-0.1085794,0.024541855,43.34516906738281,30.622859954833984
22,-0.08398068,0.03623128,43.34516906738281,30.622859954833984
22,-0.10674715,0.059138536,43.34516906738281,30.622859954833984
22,-0.17914343,-0.0042386055,43.34516906738281,30.622859954833984
22,-0.15518129,0.051306248,43.34516906738281,30.622859954833984
22,0.9395051,-0.03494191,43.34516906738281,30.622859954833984
22,1.1925247,0.007830381,43.34516906738281,30.622859954833984
22,1.1750124,0.0049562454,43.34516906738281,30.622859954833984
22,0.66876364,0.12656927,43.34516906738281,30.622859954833984
22,0.51593983,0.12762547,43.34516906738281,30.622859954833984
22,0.4717034,0.13288379,43.34516906738281,30.622859954833984
22,-0.5573427,0.1249485,43.34516906738281,30.622859954833984
22,-0.91575056,-0.1054163,43.34516906738281,30.622859954833984
22,-0.5691979,-0.10220814,43.34516906738281,30.622859954833984
22,-0.69902194,-0.018130064,43.34516906738281,30.622859954833984
22,-0.808388,-0.03757119,43.34516906738281,30.622859954833984
22,-0.07360029,-0.006881237,43.34516906738281,30.622859954833984
22,0.08206701,-0.0032396317,43.34516906738281,30.622859954833984
22,0.11284721,0.020473242,43.34516906738281,30.622859954833984
22,0.068371534,0.08063865,43.34516906738281,30.622859954833984
22,-0.36809337,0.019846916,43.34516906738281,30.622859954833984
22,-0.3152939,0.020115852,43.34516906738281,30.622859954833984
22,-0.27361786,0.01846981,43.34516906738281,30.622859954833984
22,-0.43979275,0.04552293,43.34516906738281,30.622859954833984
22,-0.47416574,0.039572,43.34516906738281,30.622859954833984
22,-0.7780541,-0.015710115,43.34516906738281,30.622859954833984
22,-0.8812073,-0.046084166,43.34516906738281,30.622859954833984
22,-0.50411874,-0.044644594,43.34516906738281,30.622859954833984
22,-0.24543917,-0.045581102,43.34516906738281,30.622859954833984
22,-0.17140567,0.0046391487,43.34516906738281,30.622859954833984
22,-0.5625781,0.056387424,43.34516906738281,30.622859954833984
22,-0.4506454,-0.048970222,43.34516906738281,30.622859954833984
22,-0.3035624,-0.016252756,43.34516906738281,30.622859954833984
22,0.039936543,0.068766594,43.34516906738281,30.622859954833984
22,-0.02978456,0.09021926,43.34516906738281,30.622859954833984
22,-0.19553041,0.08823633,43.34516906738281,30.622859954833984
22,-0.612746,0.06500983,43.34516906738281,30.622859954833984
22,-0.73719585,-0.00069618225,43.34516906738281,30.622859954833984
22,0.38606727,0.043630123,43.34516906738281,30.622859954833984
22,0.68562984,-0.024225712,43.34516906738281,30.622859954833984
22,0.8357034,0.0136294365,43.34516906738281,30.622859954833984
22,0.9580133,-0.010054588,43.34516906738281,30.622859954833984
22,0.9588947,0.04110527,43.34516906738281,30.622859954833984
22,1.193315,-0.02286601,43.34516906738281,30.622859954833984
22,1.2417266,-0.01883912,43.34516906738281,30.622859954833984
22,1.3536408,-0.05771637,43.34516906738281,30.622859954833984
22,1.4695828,-0.08227396,43.34516906738281,30.622859954833984
22,1.3220334,-0.019881487,43.34516906738281,30.622859954833984
22,1.2892487,-0.011570692,43.34516906738281,30.622859954833984
22,1.217828,0.02327609,43.34516906738281,30.622859954833984
22,1.1205685,0.043022633,43.34516906738281,30.622859954833984
22,0.6207423,0.17032838,43.34516906738281,30.622859954833984
22,0.44656062,0.20000839,43.34516906738281,30.622859954833984
22,-0.11024606,0.22822309,43.34516906738281,30.622859954833984
22,-0.68884265,-0.20552397,43.34516906738281,30.622859954833984
22,-0.5196356,-0.18049884,43.34516906738281,30.622859954833984
22,-0.33055115,-0.10397959,43.34516906738281,30.622859954833984
22,-0.05766046,-0.009699345,43.34516906738281,30.622859954833984
22,-0.031199574,0.0065841675,43.34516906738281,30.622859954833984
22,-0.030432224,0.028614521,43.34516906738281,30.622859954833984
22,-0.011136413,0.03230381,43.34516906738281,30.622859954833984
22,0.014907241,0.04994583,43.34516906738281,30.622859954833984
22,0.26622236,0.040837288,43.34516906738281,30.622859954833984
22,0.5650706,0.04006052,43.34516906738281,30.622859954833984
22,0.6675842,0.059352875,43.34516906738281,30.622859954833984
22,0.6444967,0.08501315,43.34516906738281,30.622859954833984
22,0.5505569,0.10563612,43.34516906738281,30.622859954833984
22,0.5286608,0.102231026,43.34516906738281,30.622859954833984
22,0.25500453,0.09453821,43.34516906738281,30.622859954833984
22,0.5458391,0.05290675,43.34516906738281,30.622859954833984
22,0.3909142,0.10482383,43.34516906738281,30.622859954833984
22,0.27934837,0.10798597,43.34516906738281,30.622859954833984
22,-0.2643875,0.14007258,43.34516906738281,30.622859954833984
22,-0.41287088,-0.11151886,43.34516906738281,30.622859954833984
22,0.21204495,0.021862984,43.34516906738281,30.622859954833984
22,0.12291455,0.09696269,43.34516906738281,30.622859954833984
22,-0.84142596,-0.109157085,43.34516906738281,30.622859954833984
22,-0.9895065,-0.024744034,43.34516906738281,30.622859954833984
22,-1.0389695,-0.075709105,43.34516906738281,30.622859954833984
22,-0.9721179,-0.15587544,43.34516906738281,30.622859954833984
22,-0.9550808,-0.12952638,43.34516906738281,30.622859954833984
22,-1.1601902,-0.09567928,43.34516906738281,30.622859954833984
22,-1.0439167,-0.19228959,43.34516906738281,30.622859954833984
22,-0.30924392,-0.005262375,43.34516906738281,30.622859954833984
22,-0.4079535,0.107051134,43.34516906738281,30.622859954833984
22,-0.41948712,-0.085997105,43.34516906738281,30.622859954833984
22,0.24484909,-0.049762487,43.34516906738281,30.622859954833984
22,0.38627124,-0.023018122,43.34516906738281,30.622859954833984
22,0.55762804,-0.03309512,43.34516906738281,30.622859954833984
22,0.56019473,0.08434224,43.34516906738281,30.622859954833984
22,0.4973017,0.09709191,43.34516906738281,30.622859954833984
22,0.19774699,0.17391491,43.34516906738281,30.622859954833984
22,-0.00868237,0.15125322,43.34516906738281,30.622859954833984
22,-0.14871168,0.16787815,43.34516906738281,30.622859954833984
22,0.59426785,0.08096075,43.34516906738281,30.622859954833984
22,-0.06000209,0.040234327,43.34516906738281,30.622859954833984
22,0.20520508,-0.0036923885,43.34516906738281,30.622859954833984
22,0.38670647,0.11161709,43.34516906738281,30.622859954833984
22,0.5362153,0.06714845,43.34516906738281,30.622859954833984
22,0.45777047,0.10073376,43.34516906738281,30.622859954833984
22,0.41686034,0.11473203,43.34516906738281,30.622859954833984
22,0.23320615,0.14768815,43.34516906738281,30.622859954833984
22,0.007126212,0.09048033,43.34516906738281,30.622859954833984
22,-0.100691795,0.09691858,43.34516906738281,30.622859954833984
22,-0.15751195,0.08271694,43.34516906738281,30.622859954833984
22,-0.23210227,0.06479645,43.34516906738281,30.622859954833984
22,-0.13369977,0.040912867,43.34516906738281,30.622859954833984
22,-0.12394011,0.091279745,43.34516906738281,30.622859954833984
22,-0.078565955,0.053916693,43.34516906738281,30.622859954833984
22,0.03808236,0.071052074,43.34516906738281,30.622859954833984
22,0.029652238,0.07359719,43.34516906738281,30.622859954833984
22,0.06383836,0.060707808,43.34516906738281,30.622859954833984
22,0.091546655,0.11006594,43.34516906738281,30.622859954833984
22,0.1998111,0.07261491,43.34516906738281,30.622859954833984
22,0.12086868,0.115716934,43.34516906738281,30.622859954833984
22,0.111141205,0.08652282,43.34516906738281,30.622859954833984
22,-0.017652512,0.11615658,43.34516906738281,30.622859954833984
22,-0.045740724,0.104879856,43.34516906738281,30.622859954833984
22,-0.08025265,0.10344291,43.34516906738281,30.622859954833984
22,0.11140466,0.040065765,43.34516906738281,30.622859954833984
22,0.17468643,0.050373793,43.34516906738281,30.622859954833984
22,-0.25189447,0.052039623,43.34516906738281,30.622859954833984
22,-0.091159105,0.056883574,43.34516906738281,30.622859954833984
22,-0.111819506,0.07216287,43.34516906738281,30.622859954833984
22,-0.18509138,0.06505585,43.34516906738281,30.622859954833984
22,-0.86292195,-0.026964903,43.34516906738281,30.622859954833984
22,-0.9783051,-0.03445387,43.34516906738281,30.622859954833984
22,-1.3340137,-0.08686137,43.34516906738281,30.622859954833984
22,-1.3918563,-0.1416347,43.34516906738281,30.622859954833984
22,-1.407355,-0.19007158,43.34516906738281,30.622859954833984
22,-1.3781164,-0.31306624,43.34516906738281,30.622859954833984
22,-1.3847642,-0.43756437,43.34516906738281,30.622859954833984
22,-1.0520456,-0.27149606,43.34516906738281,30.622859954833984
22,-1.3210098,-0.24093723,43.34516906738281,30.622859954833984
22,-1.4389136,-0.21062899,43.34516906738281,30.622859954833984
22,-0.90313554,-0.2659781,43.34516906738281,30.622859954833984
22,-0.37652838,-0.13408327,43.34516906738281,30.622859954833984
22,-0.27313626,-0.109852314,43.34516906738281,30.622859954833984
22,0.6986823,-0.0113995075,43.34516906738281,30.622859954833984
22,0.6853981,0.076197624,43.34516906738281,30.622859954833984
22,0.63946795,-0.010315657,43.34516906738281,30.622859954833984
22,1.2048981,-0.07553506,43.34516906738281,30.622859954833984
22,1.1326134,0.011326075,43.34516906738281,30.622859954833984
22,0.5761924,0.02689004,43.34516906738281,30.622859954833984
22,1.4283028,-0.22933197,43.34516906738281,30.622859954833984
22,1.5325401,-0.05397296,43.34516906738281,30.622859954833984
22,1.2038546,0.056503534,43.34516906738281,30.622859954833984
22,1.7034442,-0.15815997,43.34516906738281,30.622859954833984
22,0.4334377,0.20882893,43.34516906738281,30.622859954833984
22,0.29485226,0.20684266,43.34516906738281,30.622859954833984
22,-0.2756425,-0.0055196285,43.34516906738281,30.622859954833984
22,0.73834586,0.015423775,43.34516906738281,30.622859954833984
22,0.8320894,0.048169613,43.34516906738281,30.622859954833984
22,0.58365273,0.12725759,43.34516906738281,30.622859954833984
22,0.54402196,0.11896014,43.34516906738281,30.622859954833984
22,0.3543353,0.12124324,43.34516906738281,30.622859954833984
22,0.24947953,0.13538694,43.34516906738281,30.622859954833984
22,-0.6205099,0.04827094,43.34516906738281,30.622859954833984
22,-0.6615384,0.011413574,43.34516906738281,30.622859954833984
22,-0.68385226,-0.005290985,43.34516906738281,30.622859954833984
22,-0.79103476,-0.0045642853,43.34516906738281,30.622859954833984
22,-1.0090193,-0.0689075,43.34516906738281,30.622859954833984
22,-1.1105034,-0.17533302,43.34516906738281,30.622859954833984
22,-1.0824065,-0.18314338,43.34516906738281,30.622859954833984
22,-0.6555561,-0.14802074,43.34516906738281,30.622859954833984
22,-0.3969525,-0.06914806,43.34516906738281,30.622859954833984
22,-0.2123307,-0.004515171,43.34516906738281,30.622859954833984
22,-0.32435942,0.050821543,43.34516906738281,30.622859954833984
22,-0.3507161,0.048749685,43.34516906738281,30.622859954833984
22,-0.33236945,0.035037518,43.34516906738281,30.622859954833984
22,-0.38586068,0.034422874,43.34516906738281,30.622859954833984
22,-0.9727483,-0.017352343,43.34516906738281,30.622859954833984
22,-1.0292472,-0.042065382,43.34516906738281,30.622859954833984
22,-1.0592617,-0.12113094,43.34516906738281,30.622859954833984
22,-1.0864279,-0.13872838,43.34516906738281,30.622859954833984
22,-0.7316488,-0.09273672,43.34516906738281,30.622859954833984
22,-0.96798134,-0.13713336,43.34516906738281,30.622859954833984
22,-0.534283,-0.17885065,43.34516906738281,30.622859954833984
22,0.09200966,-0.028197289,43.34516906738281,30.622859954833984
22,0.8235717,-0.029038668,43.34516906738281,30.622859954833984
22,0.95659876,0.07101178,43.34516906738281,30.622859954833984
22,0.37682772,0.16311383,43.34516906738281,30.622859954833984
22,0.10105646,0.19359279,43.34516906738281,30.622859954833984
22,-0.018799663,0.18374157,43.34516906738281,30.622859954833984
22,-0.19219828,0.15824223,43.34516906738281,30.622859954833984
22,-0.36189377,0.090661526,43.34516906738281,30.622859954833984
22,-0.9620635,-0.114076614,43.34516906738281,30.622859954833984
22,-0.9362171,-0.11683655,43.34516906738281,30.622859954833984
22,-0.6376111,-0.06031227,43.34516906738281,30.622859954833984
22,-0.50881517,-0.010140896,43.34516906738281,30.622859954833984
22,-0.5351546,0.015484571,43.34516906738281,30.622859954833984
22,-0.21456397,-0.07864022,43.34516906738281,30.622859954833984
22,-0.08304787,-0.026822805,43.34516906738281,30.622859954833984
22,0.016640544,0.052561045,43.34516906738281,30.622859954833984
22,-0.019011617,0.0604434,43.34516906738281,30.622859954833984
22,0.054666877,0.054107666,43.34516906738281,30.622859954833984
22,0.01865542,0.038479805,43.34516906738281,30.622859954833984
22,-0.045725107,0.07927537,43.34516906738281,30.622859954833984
22,-0.08068979,0.08063245,43.34516906738281,30.622859954833984
22,-0.038692117,0.061115503,43.34516906738281,30.622859954833984
22,-0.0028514862,0.06493163,43.34516906738281,30.622859954833984
22,0.0075974464,0.08567572,43.34516906738281,30.622859954833984
22,-0.032038927,0.09592533,43.34516906738281,30.622859954833984
22,-0.049613476,0.08893323,43.34516906738281,30.622859954833984
22,-0.069257736,0.080587626,43.34516906738281,30.622859954833984
22,-0.0053355694,0.08407831,43.34516906738281,30.622859954833984
22,-0.0052040815,0.100721836,43.34516906738281,30.622859954833984
22,-0.21775925,0.09380984,43.34516906738281,30.622859954833984
22,-0.29082096,0.06141448,43.34516906738281,30.622859954833984
22,-0.3692813,0.044429302,43.34516906738281,30.622859954833984
22,-0.44913018,0.03826356,43.34516906738281,30.622859954833984
22,-0.47714102,0.035401106,43.34516906738281,30.622859954833984
22,-0.5765752,-0.0025222301,43.34516906738281,30.622859954833984
22,-0.57396215,-0.015540838,43.34516906738281,30.622859954833984
22,-0.5776939,-0.016055346,43.34516906738281,30.622859954833984
22,-0.58872074,-0.015930891,43.34516906738281,30.622859954833984
22,0.2382158,0.07191324,43.34516906738281,30.622859954833984
22,0.00053465366,0.10143113,43.34516906738281,30.622859954833984
22,-0.09348416,0.0931592,43.34516906738281,30.622859954833984
22,-0.2192955,0.073433876,43.34516906738281,30.622859954833984
22,-0.20584035,0.055150032,43.34516906738281,30.622859954833984
22,-0.2186805,0.026681185,43.34516906738281,30.622859954833984
22,-0.15926778,0.04145074,43.34516906738281,30.622859954833984
22,-0.146047,0.04507947,43.34516906738281,30.622859954833984
22,-0.16014111,0.063405275,43.34516906738281,30.622859954833984
22,-0.23986518,0.06469321,43.34516906738281,30.622859954833984
22,-0.2618928,0.05640173,43.34516906738281,30.622859954833984
22,-0.7390262,0.01616621,43.34516906738281,30.622859954833984
22,-0.70096725,-0.06731796,43.34516906738281,30.622859954833984
22,-0.49569744,-0.08843374,43.34516906738281,30.622859954833984
22,-0.44294405,-0.059978724,43.34516906738281,30.622859954833984
22,-0.37218904,0.017676115,43.34516906738281,30.622859954833984
22,-1.1690152,-0.14581776,43.34516906738281,30.622859954833984
22,-1.2003113,-0.1528554,43.34516906738281,30.622859954833984
22,-0.48643392,-0.16236424,43.34516906738281,30.622859954833984
22,-0.42339885,-0.12091231,43.34516906738281,30.622859954833984
22,-0.35710764,-0.059873104,43.34516906738281,30.622859954833984
22,-0.40850306,0.016207457,43.34516906738281,30.622859954833984
22,-0.4193765,0.015779972,43.34516906738281,30.622859954833984
22,-0.6605623,0.017098188,43.34516906738281,30.622859954833984
22,-0.3826958,-0.0880537,43.34516906738281,30.622859954833984
22,-0.19417977,-0.028029919,43.34516906738281,30.622859954833984
22,-0.118055105,0.0034997463,43.34516906738281,30.622859954833984
22,-0.11850071,-0.035692453,43.34516906738281,30.622859954833984
22,0.24542177,0.07923508,43.34516906738281,30.622859954833984
22,0.009671092,0.15862083,43.34516906738281,30.622859954833984
22,-1.1208806,-0.04751444,43.34516906738281,30.622859954833984
22,-0.53062254,-0.07475734,43.34516906738281,30.622859954833984
22,-0.14695656,-0.042975187,43.34516906738281,30.622859954833984
22,0.59029555,0.03224325,43.34516906738281,30.622859954833984
22,0.6269617,0.038238287,43.34516906738281,30.622859954833984
22,0.79440665,0.08028817,43.34516906738281,30.622859954833984
22,1.1095991,-0.017582417,43.34516906738281,30.622859954833984
22,1.1627338,-0.016581059,43.34516906738281,30.622859954833984
22,1.1995595,-0.025207996,43.34516906738281,30.622859954833984
22,1.047508,0.059393883,43.34516906738281,30.622859954833984
22,0.9908526,0.05545473,43.34516906738281,30.622859954833984
22,0.8737929,0.06803608,43.34516906738281,30.622859954833984
22,1.0334032,0.030281544,43.34516906738281,30.622859954833984
22,0.9095056,0.077388525,43.34516906738281,30.622859954833984
22,0.9167776,0.06881142,43.34516906738281,30.622859954833984
22,0.81247854,0.075433016,43.34516906738281,30.622859954833984
22,0.8077862,0.07554054,43.34516906738281,30.622859954833984
22,0.8110049,0.0702517,43.34516906738281,30.622859954833984
22,0.8752179,0.044708252,43.34516906738281,30.622859954833984
22,0.615644,0.17527914,43.34516906738281,30.622859954833984
22,0.4289335,0.10893941,43.34516906738281,30.622859954833984
22,0.13757014,0.20594835,43.34516906738281,30.622859954833984
22,0.01965952,0.13973594,43.34516906738281,30.622859954833984
22,0.07563877,0.07796359,43.34516906738281,30.622859954833984
22,0.04234922,0.0839293,43.34516906738281,30.622859954833984
22,0.049093843,0.079040766,43.34516906738281,30.622859954833984
22,0.053974986,0.081409454,43.34516906738281,30.622859954833984
22,0.0026637316,0.09359908,43.34516906738281,30.622859954833984
22,-0.30700457,0.070361614,43.34516906738281,30.622859954833984
22,-0.32752204,0.049354076,43.34516906738281,30.622859954833984
22,-0.3326993,0.044371128,43.34516906738281,30.622859954833984
22,0.312644,-0.019273281,43.34516906738281,30.622859954833984
22,0.47989917,0.010127544,43.34516906738281,30.622859954833984
22,0.54912066,0.06369567,43.34516906738281,30.622859954833984
22,0.6246784,0.065909624,43.34516906738281,30.622859954833984
22,0.6406162,0.06972861,43.34516906738281,30.622859954833984
22,0.48390865,0.112247705,43.34516906738281,30.622859954833984
22,0.18465889,0.11075425,43.34516906738281,30.622859954833984
22,-0.023785353,0.1309793,43.34516906738281,30.622859954833984
22,-0.23925364,0.094415426,43.34516906738281,30.622859954833984
22,-0.35608172,0.06474304,43.34516906738281,30.622859954833984
22,-0.6095128,0.07211375,43.34516906738281,30.622859954833984
22,-0.6757236,0.015172482,43.34516906738281,30.622859954833984
22,-0.49141937,-0.034371376,43.34516906738281,30.622859954833984
22,-0.7752907,-0.02843976,43.34516906738281,30.622859954833984
22,-0.97616374,-0.055783987,43.34516906738281,30.622859954833984
22,-0.41791046,-0.07823253,43.34516906738281,30.622859954833984
22,0.9575167,0.009072065,43.34516906738281,30.622859954833984
22,0.49069715,0.14880037,43.34516906738281,30.622859954833984
22,0.29149902,0.12987638,43.34516906738281,30.622859954833984
22,0.09092808,0.13288188,43.34516906738281,30.622859954833984
22,-0.033082247,0.07632494,43.34516906738281,30.622859954833984
22,-0.14292336,0.1192534,43.34516906738281,30.622859954833984
22,-0.38810456,0.052237272,43.34516906738281,30.622859954833984
22,-0.50071555,0.044107914,43.34516906738281,30.622859954833984
22,-0.42047775,0.011147261,43.34516906738281,30.622859954833984
22,-0.3927021,0.005881548,43.34516906738281,30.622859954833984
22,-0.37839723,0.0068998337,43.34516906738281,30.622859954833984
22,-0.33438396,0.020933151,43.34516906738281,30.622859954833984
22,0.10860145,0.050622463,43.34516906738281,30.622859954833984
22,0.11231649,0.056319,43.34516906738281,30.622859954833984
22,0.18710041,0.07377601,43.34516906738281,30.622859954833984
22,0.16719902,0.08055878,43.34516906738281,30.622859954833984
22,0.03005755,0.02383113,43.34516906738281,30.622859954833984
22,0.15474439,-0.001527071,43.34516906738281,30.622859954833984
22,0.20001352,0.11849809,43.34516906738281,30.622859954833984
22,0.1620202,0.07529378,43.34516906738281,30.622859954833984
22,0.44660056,0.0116426945,43.34516906738281,30.622859954833984
22,0.4782722,0.04963708,43.34516906738281,30.622859954833984
22,0.45155168,0.08183622,43.34516906738281,30.622859954833984
22,0.40146697,0.04519391,43.34516906738281,30.622859954833984
22,0.48148882,0.06406975,43.34516906738281,30.622859954833984
22,0.5416782,0.05264139,43.34516906738281,30.622859954833984
22,0.8854692,0.022812128,43.34516906738281,30.622859954833984
22,0.9783902,0.020441532,43.34516906738281,30.622859954833984
22,0.9942751,0.021392107,43.34516906738281,30.622859954833984
22,0.8647146,0.066782,43.34516906738281,30.622859954833984
22,1.0636616,-0.006946087,43.34516906738281,30.622859954833984
22,1.1290491,0.0001835823,43.34516906738281,30.622859954833984
22,1.148356,0.016274214,43.34516906738281,30.622859954833984
22,1.1328015,0.024215221,43.34516906738281,30.622859954833984
22,0.9221287,0.08255029,43.34516906738281,30.622859954833984
22,0.81513643,0.10794616,43.34516906738281,30.622859954833984
22,0.6806176,0.11864233,43.34516906738281,30.622859954833984
22,-0.10631192,0.15748,43.34516906738281,30.622859954833984
22,-0.25664866,0.12986279,43.34516906738281,30.622859954833984
22,-0.85387504,-0.08883834,43.34516906738281,30.622859954833984
22,-0.2684343,-0.028636456,43.34516906738281,30.622859954833984
22,-0.13203335,0.06402516,43.34516906738281,30.622859954833984
22,-0.12468791,0.05747962,43.34516906738281,30.622859954833984
22,-0.19842207,0.059589148,43.34516906738281,30.622859954833984
22,-0.8465678,-0.09010768,43.34516906738281,30.622859954833984
22,-0.9051988,-0.08131552,43.34516906738281,30.622859954833984
22,-0.27840698,-0.018036604,43.34516906738281,30.622859954833984
22,0.15418124,0.044286728,43.34516906738281,30.622859954833984
22,0.098412395,0.060865402,43.34516906738281,30.622859954833984
22,0.6132612,0.041796684,43.34516906738281,30.622859954833984
22,0.7624645,-0.011438847,43.34516906738281,30.622859954833984
22,0.8672774,-0.015904427,43.34516906738281,30.622859954833984
22,0.8264644,0.11234617,43.34516906738281,30.622859954833984
22,0.6938598,0.127172,43.34516906738281,30.622859954833984
22,0.6237676,0.27093816,43.34516906738281,30.622859954833984
23,-0.6630018,-0.06648517,41.073158264160156,32.997955322265625
23,-0.4857334,-0.054040432,41.073158264160156,32.997955322265625
23,-0.41003215,0.023742914,41.073158264160156,32.997955322265625
23,-0.5505053,0.017139435,41.073158264160156,32.997955322265625
23,-0.6847214,0.014993668,41.073158264160156,32.997955322265625
23,-0.7387707,0.020214558,41.073158264160156,32.997955322265625
23,-0.7043305,-0.04454732,41.073158264160156,32.997955322265625
23,-0.75676274,-0.027859688,41.073158264160156,32.997955322265625
23,-0.8300504,-0.075176716,41.073158264160156,32.997955322265625
23,-0.8163823,-0.088713884,41.073158264160156,32.997955322265625
23,-0.78668827,-0.09661412,41.073158264160156,32.997955322265625
23,-0.22005141,-0.015471458,41.073158264160156,32.997955322265625
23,0.5408697,-0.012663364,41.073158264160156,32.997955322265625
23,0.5794549,0.012954235,41.073158264160156,32.997955322265625
23,0.56562567,0.06064892,41.073158264160156,32.997955322265625
23,0.45522463,0.095780134,41.073158264160156,32.997955322265625
23,0.3900355,0.11590576,41.073158264160156,32.997955322265625
23,0.055383205,0.112552166,41.073158264160156,32.997955322265625
23,-0.07466006,0.100427866,41.073158264160156,32.997955322265625
23,-0.08659792,0.091831684,41.073158264160156,32.997955322265625
23,-0.16221166,0.101159096,41.073158264160156,32.997955322265625
23,-0.100899816,0.05205393,41.073158264160156,32.997955322265625
23,-0.08149052,0.08912921,41.073158264160156,32.997955322265625
23,-0.10768354,0.13635778,41.073158264160156,32.997955322265625
23,-0.16450441,0.039507627,41.073158264160156,32.997955322265625
23,1.1424024,-0.08124852,41.073158264160156,32.997955322265625
23,1.0401459,0.044730425,41.073158264160156,32.997955322265625
23,1.0386243,0.03832841,41.073158264160156,32.997955322265625
23,0.7539203,0.11022496,41.073158264160156,32.997955322265625
23,0.41725612,0.11439037,41.073158264160156,32.997955322265625
23,0.5670152,0.09266448,41.073158264160156,32.997955322265625
23,0.5249053,0.11009216,41.073158264160156,32.997955322265625
23,0.12246394,0.16865659,41.073158264160156,32.997955322265625
23,0.010892391,0.106282234,41.073158264160156,32.997955322265625
23,-0.0011907816,0.09923816,41.073158264160156,32.997955322265625
23,-0.273831,0.13581705,41.073158264160156,32.997955322265625
23,-0.59074706,0.0392406,41.073158264160156,32.997955322265625
23,-0.6820306,-0.04187107,41.073158264160156,32.997955322265625
23,-0.7341797,-0.023617983,41.073158264160156,32.997955322265625
23,-1.2995117,-0.15769076,41.073158264160156,32.997955322265625
23,-1.1721692,-0.23615694,41.073158264160156,32.997955322265625
23,-0.8304459,-0.099016905,41.073158264160156,32.997955322265625
23,-0.5522266,-0.17285419,41.073158264160156,32.997955322265625
23,-0.34779465,-0.164783,41.073158264160156,32.997955322265625
23,0.92879033,-0.07941079,41.073158264160156,32.997955322265625
23,1.3609834,-0.11512828,41.073158264160156,32.997955322265625
23,1.6057906,-0.09216905,41.073158264160156,32.997955322265625
23,1.2708306,0.026995182,41.073158264160156,32.997955322265625
23,1.0104976,0.08722329,41.073158264160156,32.997955322265625
23,0.9536288,0.096874714,41.073158264160156,32.997955322265625
23,0.8899727,0.109522104,41.073158264160156,32.997955322265625
23,0.41517687,0.13763404,41.073158264160156,32.997955322265625
23,-0.6346645,0.06409669,41.073158264160156,32.997955322265625
23,-0.9771643,-0.12396836,41.073158264160156,32.997955322265625
23,-0.9696375,-0.14710212,41.073158264160156,32.997955322265625
23,-0.3343848,0.008012056,41.073158264160156,32.997955322265625
23,-0.24813879,0.00803113,41.073158264160156,32.997955322265625
23,-0.26655853,0.034588337,41.073158264160156,32.997955322265625
23,-0.30809975,0.00073719025,41.073158264160156,32.997955322265625
23,-0.15464783,-0.015071392,41.073158264160156,32.997955322265625
23,-0.09922719,0.018184423,41.073158264160156,32.997955322265625
23,-0.23516512,0.06441808,41.073158264160156,32.997955322265625
23,-0.22127974,0.05145979,41.073158264160156,32.997955322265625
23,-0.29064584,0.07493353,41.073158264160156,32.997955322265625
23,-0.65553254,0.037483215,41.073158264160156,32.997955322265625
23,-0.59676856,-0.04575348,41.073158264160156,32.997955322265625
23,-0.2761625,-0.011752605,41.073158264160156,32.997955322265625
23,-0.0037573576,0.037757397,41.073158264160156,32.997955322265625
23,-0.0043210983,0.062324047,41.073158264160156,32.997955322265625
23,-0.047415733,0.07717371,41.073158264160156,32.997955322265625
23,-0.07303107,0.08432698,41.073158264160156,32.997955322265625
23,-0.1431793,0.0934248,41.073158264160156,32.997955322265625
23,-0.14223635,0.06349373,41.073158264160156,32.997955322265625
23,-0.12577403,0.07060909,41.073158264160156,32.997955322265625
23,-0.067392826,0.065635204,41.073158264160156,32.997955322265625
23,-0.09247112,0.080091715,41.073158264160156,32.997955322265625
23,-0.23932302,0.1575098,41.073158264160156,32.997955322265625
23,-0.40196025,0.053669453,41.073158264160156,32.997955322265625
23,-0.37738204,0.026591301,41.073158264160156,32.997955322265625
23,-0.389089,0.028158665,41.073158264160156,32.997955322265625
23,-0.11279905,0.021074772,41.073158264160156,32.997955322265625
23,-0.6078171,0.04864478,41.073158264160156,32.997955322265625
23,-0.7590149,-0.25421357,41.073158264160156,32.997955322265625
23,0.6905844,0.094224215,41.073158264160156,32.997955322265625
23,-0.6734478,0.030187368,41.073158264160156,32.997955322265625
23,-0.9812361,-0.10323,41.073158264160156,32.997955322265625
23,-0.9914794,-0.11295533,41.073158264160156,32.997955322265625
23,-0.78751683,-0.1608367,41.073158264160156,32.997955322265625
23,-0.29824698,-0.13936019,41.073158264160156,32.997955322265625
23,-0.2827922,0.06701398,41.073158264160156,32.997955322265625
23,-0.6365147,-0.054572105,41.073158264160156,32.997955322265625
23,-0.42556846,-0.03991437,41.073158264160156,32.997955322265625
23,-0.6329134,-0.0124845505,41.073158264160156,32.997955322265625
23,-0.5386756,-0.15282893,41.073158264160156,32.997955322265625
23,-0.6676456,0.009192705,41.073158264160156,32.997955322265625
23,-0.78001994,-0.014619827,41.073158264160156,32.997955322265625
23,-0.9186669,-0.114578485,41.073158264160156,32.997955322265625
23,-0.87637585,-0.12843037,41.073158264160156,32.997955322265625
23,-0.6125353,-0.105909824,41.073158264160156,32.997955322265625
23,0.9842839,-0.08011985,41.073158264160156,32.997955322265625
23,0.38877773,0.2298615,41.073158264160156,32.997955322265625
23,0.068781495,0.2703681,41.073158264160156,32.997955322265625
23,-0.5832885,0.023455858,41.073158264160156,32.997955322265625
23,-1.2794143,-0.19614601,41.073158264160156,32.997955322265625
23,-1.2571031,-0.21506071,41.073158264160156,32.997955322265625
23,-1.2296116,-0.22780609,41.073158264160156,32.997955322265625
23,-0.13158727,-0.13823938,41.073158264160156,32.997955322265625
23,-0.007381797,-0.12865686,41.073158264160156,32.997955322265625
23,0.386729,0.0241642,41.073158264160156,32.997955322265625
23,-0.49685657,0.18910289,41.073158264160156,32.997955322265625
23,-0.8970023,0.102089405,41.073158264160156,32.997955322265625
23,-0.82367706,-0.17123103,41.073158264160156,32.997955322265625
23,-0.5623371,-0.07902026,41.073158264160156,32.997955322265625
23,-0.23243439,-0.03342533,41.073158264160156,32.997955322265625
23,-0.19956076,-0.021261454,41.073158264160156,32.997955322265625
23,-0.1974175,0.00017142296,41.073158264160156,32.997955322265625
23,-0.957461,-0.13278127,41.073158264160156,32.997955322265625
23,-0.82929194,-0.16316295,41.073158264160156,32.997955322265625
23,-0.3933947,-0.13690853,41.073158264160156,32.997955322265625
23,1.2729483,-0.107123375,41.073158264160156,32.997955322265625
23,0.99135447,0.059803963,41.073158264160156,32.997955322265625
23,0.74937725,0.118682146,41.073158264160156,32.997955322265625
23,0.09745085,0.1363082,41.073158264160156,32.997955322265625
23,-0.044478297,0.106622696,41.073158264160156,32.997955322265625
23,-0.07708955,0.099225044,41.073158264160156,32.997955322265625
23,-0.21067393,0.04140687,41.073158264160156,32.997955322265625
23,-0.2093767,0.039689064,41.073158264160156,32.997955322265625
23,-0.14840364,0.032729387,41.073158264160156,32.997955322265625
23,-0.1711632,0.04634738,41.073158264160156,32.997955322265625
23,-0.41646135,0.03908348,41.073158264160156,32.997955322265625
23,-0.6254362,-0.0329237,41.073158264160156,32.997955322265625
23,-0.11394119,0.041793823,41.073158264160156,32.997955322265625
23,-0.10491419,0.02290368,41.073158264160156,32.997955322265625
23,-0.5515617,0.04360318,41.073158264160156,32.997955322265625
23,-0.652868,-0.008109331,41.073158264160156,32.997955322265625
23,-0.39158034,-0.055170774,41.073158264160156,32.997955322265625
23,-0.3467431,-0.01755476,41.073158264160156,32.997955322265625
23,-0.3897854,0.009011984,41.073158264160156,32.997955322265625
23,-0.29034686,0.03304577,41.073158264160156,32.997955322265625
23,-0.30712438,0.032678127,41.073158264160156,32.997955322265625
23,-0.5953924,0.007194519,41.073158264160156,32.997955322265625
23,-0.55394226,-0.037773132,41.073158264160156,32.997955322265625
23,-0.5237436,-0.036534548,41.073158264160156,32.997955322265625
23,-0.37914968,-0.04266405,41.073158264160156,32.997955322265625
23,0.13997841,-0.01664114,41.073158264160156,32.997955322265625
23,0.30406916,-0.014517307,41.073158264160156,32.997955322265625
23,0.34910202,0.046991587,41.073158264160156,32.997955322265625
23,0.5629294,0.063055515,41.073158264160156,32.997955322265625
23,0.35702693,0.11251211,41.073158264160156,32.997955322265625
23,-0.122143865,0.09392667,41.073158264160156,32.997955322265625
23,-0.15945816,0.08684063,41.073158264160156,32.997955322265625
23,-0.29150367,0.05064106,41.073158264160156,32.997955322265625
23,-0.40989745,0.0539093,41.073158264160156,32.997955322265625
23,-0.4837098,0.0029757023,41.073158264160156,32.997955322265625
23,-0.6473643,-0.07951927,41.073158264160156,32.997955322265625
23,-0.62188506,-0.073283195,41.073158264160156,32.997955322265625
23,0.029296279,0.06782937,41.073158264160156,32.997955322265625
23,-0.1894908,0.11180067,41.073158264160156,32.997955322265625
23,-0.4647795,-0.070973635,41.073158264160156,32.997955322265625
23,-0.37267256,-0.070497036,41.073158264160156,32.997955322265625
23,-0.1682818,-0.017137289,41.073158264160156,32.997955322265625
23,0.20580363,-0.02194643,41.073158264160156,32.997955322265625
23,0.3944807,0.02912879,41.073158264160156,32.997955322265625
23,0.4078604,0.049544573,41.073158264160156,32.997955322265625
23,0.20819509,0.10320282,41.073158264160156,32.997955322265625
23,-0.2567197,0.0840981,41.073158264160156,32.997955322265625
23,-0.8673324,-0.106711626,41.073158264160156,32.997955322265625
23,-0.84420615,-0.10913348,41.073158264160156,32.997955322265625
23,-0.15204191,-0.11214304,41.073158264160156,32.997955322265625
23,-0.014452815,-0.08410621,41.073158264160156,32.997955322265625
23,0.19302464,0.015209913,41.073158264160156,32.997955322265625
23,0.0119616985,0.09673238,41.073158264160156,32.997955322265625
23,-0.06299603,0.09248042,41.073158264160156,32.997955322265625
23,-0.22523129,0.07906604,41.073158264160156,32.997955322265625
23,-0.4803791,-0.0060732365,41.073158264160156,32.997955322265625
23,-0.35735786,0.00972271,41.073158264160156,32.997955322265625
23,-0.452895,-0.009010792,41.073158264160156,32.997955322265625
23,-0.316844,-0.010001183,41.073158264160156,32.997955322265625
23,-0.28920376,0.07218671,41.073158264160156,32.997955322265625
23,-0.48250842,-0.028561592,41.073158264160156,32.997955322265625
23,-0.28480935,-0.045512438,41.073158264160156,32.997955322265625
23,-0.59388244,0.043070555,41.073158264160156,32.997955322265625
23,-0.5183698,-0.062319994,41.073158264160156,32.997955322265625
23,0.030737996,0.05009675,41.073158264160156,32.997955322265625
23,0.09442973,0.058348656,41.073158264160156,32.997955322265625
23,0.07339525,0.077943325,41.073158264160156,32.997955322265625
23,0.058221817,0.0699842,41.073158264160156,32.997955322265625
23,-0.042725086,0.10882306,41.073158264160156,32.997955322265625
23,0.11815715,0.043476343,41.073158264160156,32.997955322265625
23,0.13287199,0.06139064,41.073158264160156,32.997955322265625
23,0.53163517,0.063985825,41.073158264160156,32.997955322265625
23,0.5259981,0.092745304,41.073158264160156,32.997955322265625
23,0.14258766,0.07372618,41.073158264160156,32.997955322265625
23,0.12594056,0.094577074,41.073158264160156,32.997955322265625
23,0.08611846,0.09883642,41.073158264160156,32.997955322265625
23,-0.21060216,0.14323306,41.073158264160156,32.997955322265625
23,-0.29950774,0.124031305,41.073158264160156,32.997955322265625
23,0.11046815,0.023566723,41.073158264160156,32.997955322265625
23,0.1683439,0.060341835,41.073158264160156,32.997955322265625
23,0.23712862,0.08802652,41.073158264160156,32.997955322265625
23,0.23307836,0.1025908,41.073158264160156,32.997955322265625
23,-0.6466687,-0.0024003983,41.073158264160156,32.997955322265625
23,-0.7015753,-0.04352975,41.073158264160156,32.997955322265625
23,-0.7342958,-0.082527876,41.073158264160156,32.997955322265625
23,-0.54673594,-0.044016123,41.073158264160156,32.997955322265625
23,-0.39393806,-0.0026524067,41.073158264160156,32.997955322265625
23,-0.43736303,0.012771845,41.073158264160156,32.997955322265625
23,-0.37153077,0.023900509,41.073158264160156,32.997955322265625
23,-0.3708638,0.015898228,41.073158264160156,32.997955322265625
23,-0.95218474,-0.07082057,41.073158264160156,32.997955322265625
23,0.7521043,0.013131857,41.073158264160156,32.997955322265625
23,0.52783096,0.12704754,41.073158264160156,32.997955322265625
23,0.3594203,0.14548755,41.073158264160156,32.997955322265625
23,0.20439577,0.12963653,41.073158264160156,32.997955322265625
23,-0.07158911,0.13278627,41.073158264160156,32.997955322265625
23,-0.047798634,0.072836876,41.073158264160156,32.997955322265625
23,0.2368325,0.040930033,41.073158264160156,32.997955322265625
23,-1.1047655,-0.050813198,41.073158264160156,32.997955322265625
23,-1.2381206,-0.119083405,41.073158264160156,32.997955322265625
23,-1.2752519,-0.1833539,41.073158264160156,32.997955322265625
23,-0.13155508,-0.08722639,41.073158264160156,32.997955322265625
23,0.031435013,-0.041463614,41.073158264160156,32.997955322265625
23,0.1466955,-0.019260406,41.073158264160156,32.997955322265625
23,0.39850855,0.09064245,41.073158264160156,32.997955322265625
23,0.19324195,0.15453005,41.073158264160156,32.997955322265625
23,0.09149897,0.14328432,41.073158264160156,32.997955322265625
23,0.9930377,0.00664711,41.073158264160156,32.997955322265625
23,1.077894,-0.015937328,41.073158264160156,32.997955322265625
23,1.7358251,-0.19237542,41.073158264160156,32.997955322265625
23,0.34716642,0.15352845,41.073158264160156,32.997955322265625
23,-0.037864447,0.12263203,41.073158264160156,32.997955322265625
23,-0.015467644,0.08731413,41.073158264160156,32.997955322265625
23,0.019095182,0.079367876,41.073158264160156,32.997955322265625
23,-0.20195341,0.0956645,41.073158264160156,32.997955322265625
23,-0.4442683,0.11888099,41.073158264160156,32.997955322265625
23,-0.74517727,-0.02518487,41.073158264160156,32.997955322265625
23,-0.76585734,-0.05299139,41.073158264160156,32.997955322265625
23,-0.5013735,-0.047344685,41.073158264160156,32.997955322265625
23,-0.5130935,-0.02409625,41.073158264160156,32.997955322265625
23,-0.49282396,-0.026368618,41.073158264160156,32.997955322265625
23,0.59628916,0.09005475,41.073158264160156,32.997955322265625
23,0.56552505,0.10401535,41.073158264160156,32.997955322265625
23,0.12679183,0.20873737,41.073158264160156,32.997955322265625
23,0.07463539,0.160187,41.073158264160156,32.997955322265625
23,0.093797326,0.1128521,41.073158264160156,32.997955322265625
23,0.19157803,0.08225298,41.073158264160156,32.997955322265625
23,0.020252824,0.10866213,41.073158264160156,32.997955322265625
23,-0.024817824,0.09554005,41.073158264160156,32.997955322265625
23,-0.18511212,0.058448315,41.073158264160156,32.997955322265625
23,-0.18773961,0.054648876,41.073158264160156,32.997955322265625
23,-0.19356441,0.05160427,41.073158264160156,32.997955322265625
23,-0.19461882,0.050023317,41.073158264160156,32.997955322265625
23,-0.16709852,0.048265934,41.073158264160156,32.997955322265625
23,-0.2456137,0.0429492,41.073158264160156,32.997955322265625
23,-0.35749602,0.020645142,41.073158264160156,32.997955322265625
23,-0.34660304,0.025362253,41.073158264160156,32.997955322265625
23,-0.43822718,-0.012600899,41.073158264160156,32.997955322265625
23,-0.04333985,0.021788836,41.073158264160156,32.997955322265625
23,0.0009049177,0.1679151,41.073158264160156,32.997955322265625
23,-0.9531566,-0.07152438,41.073158264160156,32.997955322265625
23,-0.9863325,-0.14469409,41.073158264160156,32.997955322265625
23,-0.48133075,-0.08323169,41.073158264160156,32.997955322265625
23,-0.6560289,-0.06276941,41.073158264160156,32.997955322265625
23,-0.4567716,-0.1178658,41.073158264160156,32.997955322265625
23,-0.5126113,0.1391635,41.073158264160156,32.997955322265625
23,-0.6607961,0.11975598,41.073158264160156,32.997955322265625
23,-0.8563707,0.10975456,41.073158264160156,32.997955322265625
23,-0.9309637,-0.0380826,41.073158264160156,32.997955322265625
23,-0.9111518,-0.06277561,41.073158264160156,32.997955322265625
23,0.33941007,-0.021892548,41.073158264160156,32.997955322265625
23,0.95513535,-0.06804085,41.073158264160156,32.997955322265625
23,1.0547769,0.041597605,41.073158264160156,32.997955322265625
23,1.0754387,-0.03822565,41.073158264160156,32.997955322265625
23,1.3218472,-0.077171564,41.073158264160156,32.997955322265625
23,1.326673,-0.056355476,41.073158264160156,32.997955322265625
23,1.3217094,-0.057760715,41.073158264160156,32.997955322265625
23,1.3057933,-0.00582242,41.073158264160156,32.997955322265625
23,-0.48995537,0.19268274,41.073158264160156,32.997955322265625
23,-0.26713932,-0.020664454,41.073158264160156,32.997955322265625
23,-0.19561243,0.1240921,41.073158264160156,32.997955322265625
23,0.36402178,0.029840708,41.073158264160156,32.997955322265625
23,0.14857185,0.1554339,41.073158264160156,32.997955322265625
23,-0.53525555,0.1660521,41.073158264160156,32.997955322265625
23,-0.69652265,0.13069415,41.073158264160156,32.997955322265625
23,-0.6190938,-0.013426781,41.073158264160156,32.997955322265625
23,-0.51478946,-0.018319368,41.073158264160156,32.997955322265625
23,-0.28309882,-0.012979031,41.073158264160156,32.997955322265625
23,0.074432254,0.0880537,41.073158264160156,32.997955322265625
23,0.055663586,0.09354448,41.073158264160156,32.997955322265625
23,-0.0077115297,0.101671696,41.073158264160156,32.997955322265625
23,-0.108569145,0.08907747,41.073158264160156,32.997955322265625
23,-0.1457007,0.09050417,41.073158264160156,32.997955322265625
23,-0.29640305,0.075037956,41.073158264160156,32.997955322265625
23,-0.6282026,0.0022912025,41.073158264160156,32.997955322265625
23,-0.5270629,-0.058749437,41.073158264160156,32.997955322265625
23,-0.27211416,-0.022275686,41.073158264160156,32.997955322265625
23,-0.24119663,0.011451483,41.073158264160156,32.997955322265625
23,-0.14475393,0.012708664,41.073158264160156,32.997955322265625
23,-0.15454698,0.048944473,41.073158264160156,32.997955322265625
23,-0.21239007,0.07613683,41.073158264160156,32.997955322265625
23,-0.3972417,0.009010553,41.073158264160156,32.997955322265625
23,-0.43730378,0.053554773,41.073158264160156,32.997955322265625
23,-0.33094907,-0.011010885,41.073158264160156,32.997955322265625
23,-0.35178638,0.050715208,41.073158264160156,32.997955322265625
23,0.7277112,-0.072387695,41.073158264160156,32.997955322265625
23,0.15152955,0.039714098,41.073158264160156,32.997955322265625
23,0.19870698,0.044198513,41.073158264160156,32.997955322265625
23,0.3734833,-0.035728455,41.073158264160156,32.997955322265625
23,0.6970911,0.011345148,41.073158264160156,32.997955322265625
23,0.2706957,0.15822077,41.073158264160156,32.997955322265625
23,0.0044630766,0.13140488,41.073158264160156,32.997955322265625
23,-0.28638113,0.09133625,41.073158264160156,32.997955322265625
23,-0.26820385,0.034563065,41.073158264160156,32.997955322265625
23,-0.24297619,0.03224039,41.073158264160156,32.997955322265625
23,-0.65010065,-0.057190657,41.073158264160156,32.997955322265625
23,-0.2979777,-0.082214355,41.073158264160156,32.997955322265625
23,0.20782709,0.025475979,41.073158264160156,32.997955322265625
23,0.18412519,0.09280372,41.073158264160156,32.997955322265625
23,0.028748631,0.13424993,41.073158264160156,32.997955322265625
23,-0.1812669,0.13224626,41.073158264160156,32.997955322265625
23,0.92573595,0.1209085,41.073158264160156,32.997955322265625
23,0.6539514,0.13758206,41.073158264160156,32.997955322265625
23,-1.219511,-0.056097984,41.073158264160156,32.997955322265625
23,-1.2572434,-0.11348486,41.073158264160156,32.997955322265625
23,-1.5693655,-0.26011682,41.073158264160156,32.997955322265625
23,-0.9687427,-0.33393264,41.073158264160156,32.997955322265625
23,0.8312187,-0.04929471,41.073158264160156,32.997955322265625
23,0.97832227,-0.022185802,41.073158264160156,32.997955322265625
23,0.84731865,0.1088469,41.073158264160156,32.997955322265625
23,0.7838795,0.1042614,41.073158264160156,32.997955322265625
23,0.095763445,0.13981342,41.073158264160156,32.997955322265625
23,-0.067237735,0.11631465,41.073158264160156,32.997955322265625
23,-0.095546484,0.10413933,41.073158264160156,32.997955322265625
23,-0.23900533,0.06898904,41.073158264160156,32.997955322265625
23,-0.19702864,0.046169996,41.073158264160156,32.997955322265625
23,-0.19466484,0.047106743,41.073158264160156,32.997955322265625
23,-0.18109846,0.047528744,41.073158264160156,32.997955322265625
23,-0.21075809,0.056782722,41.073158264160156,32.997955322265625
23,-0.2203269,0.046668053,41.073158264160156,32.997955322265625
23,-0.1395601,0.059249878,41.073158264160156,32.997955322265625
23,-0.32540762,0.06335616,41.073158264160156,32.997955322265625
23,-0.5039551,0.05218196,41.073158264160156,32.997955322265625
23,-0.44743085,-0.01913023,41.073158264160156,32.997955322265625
23,0.28544867,-0.039384604,41.073158264160156,32.997955322265625
23,0.5591047,0.014292717,41.073158264160156,32.997955322265625
23,-0.5476932,0.034156322,41.073158264160156,32.997955322265625
23,0.11936545,-0.04356289,41.073158264160156,32.997955322265625
23,0.18381357,0.04660964,41.073158264160156,32.997955322265625
23,0.2405386,0.11189747,41.073158264160156,32.997955322265625
23,0.24187326,0.093667984,41.073158264160156,32.997955322265625
23,0.12316191,0.124023914,41.073158264160156,32.997955322265625
23,0.599576,0.015467882,41.073158264160156,32.997955322265625
23,0.57091904,0.080809355,41.073158264160156,32.997955322265625
23,0.97647357,-0.019418716,41.073158264160156,32.997955322265625
23,0.9843204,0.0148739815,41.073158264160156,32.997955322265625
23,0.7649629,0.13548374,41.073158264160156,32.997955322265625
23,0.52666533,0.12967515,41.073158264160156,32.997955322265625
23,-1.2487339,0.010636091,41.073158264160156,32.997955322265625
23,-1.456264,-0.3017695,41.073158264160156,32.997955322265625
23,-1.0480506,-0.35815334,41.073158264160156,32.997955322265625
23,0.31067908,0.013751984,41.073158264160156,32.997955322265625
23,0.28489006,0.055229187,41.073158264160156,32.997955322265625
23,0.20405293,0.084251165,41.073158264160156,32.997955322265625
23,0.6116655,0.023464203,41.073158264160156,32.997955322265625
23,-0.42145038,0.027905941,41.073158264160156,32.997955322265625
23,-0.64507073,-0.008869886,41.073158264160156,32.997955322265625
23,-0.6999405,-0.0016298294,41.073158264160156,32.997955322265625
23,-0.8403757,-0.07509661,41.073158264160156,32.997955322265625
23,-0.8096975,-0.09003997,41.073158264160156,32.997955322265625
23,-0.12891233,0.056727648,41.073158264160156,32.997955322265625
23,-0.2814964,0.062868595,41.073158264160156,32.997955322265625
23,-0.3241259,0.04487133,41.073158264160156,32.997955322265625
23,-0.4305637,0.021691322,41.073158264160156,32.997955322265625
23,-0.56512284,-0.011931419,41.073158264160156,32.997955322265625
23,-0.22736657,-0.033416033,41.073158264160156,32.997955322265625
23,-0.07528651,-0.0032579899,41.073158264160156,32.997955322265625
23,0.0060915947,0.027970076,41.073158264160156,32.997955322265625
23,-0.28913474,0.08082962,41.073158264160156,32.997955322265625
23,0.72599006,0.004551649,41.073158264160156,32.997955322265625
23,0.5860398,0.028086662,41.073158264160156,32.997955322265625
23,-0.28314555,0.1593895,41.073158264160156,32.997955322265625
23,-0.8545255,-0.089684725,41.073158264160156,32.997955322265625
23,-0.82179105,-0.086363554,41.073158264160156,32.997955322265625
23,-0.53407264,-0.071223736,41.073158264160156,32.997955322265625
23,-0.44265413,-0.086523294,41.073158264160156,32.997955322265625
23,0.34193563,0.050855875,41.073158264160156,32.997955322265625
23,0.2575823,0.05351734,41.073158264160156,32.997955322265625
23,-0.1880101,0.0981884,41.073158264160156,32.997955322265625
23,-0.4514929,0.017642498,41.073158264160156,32.997955322265625
23,-0.5266313,-0.024241447,41.073158264160156,32.997955322265625
23,0.73962235,0.07108283,41.073158264160156,32.997955322265625
23,0.9638469,0.07831001,41.073158264160156,32.997955322265625
23,0.7098043,0.09960151,41.073158264160156,32.997955322265625
23,0.34333575,0.16579056,41.073158264160156,32.997955322265625
23,0.025514364,0.16629481,41.073158264160156,32.997955322265625
23,-0.07305539,0.13422036,41.073158264160156,32.997955322265625
23,-0.157866,0.13583827,41.073158264160156,32.997955322265625
23,0.1382035,0.024668932,41.073158264160156,32.997955322265625
23,0.36656785,0.047060013,41.073158264160156,32.997955322265625
23,0.47526288,0.07312465,41.073158264160156,32.997955322265625
24,-0.4792111,-0.19092321,39.9893798828125,30.026655197143555
24,0.37099063,-0.02816248,39.9893798828125,30.026655197143555
24,0.57757926,-0.033109903,39.9893798828125,30.026655197143555
24,0.55403256,0.05244565,39.9893798828125,30.026655197143555
24,0.57388186,0.06247139,39.9893798828125,30.026655197143555
24,1.2594304,0.024837017,39.9893798828125,30.026655197143555
24,1.2251098,0.0072579384,39.9893798828125,30.026655197143555
24,1.1577017,0.04802704,39.9893798828125,30.026655197143555
24,1.0830972,0.067759514,39.9893798828125,30.026655197143555
24,1.0297132,0.15886378,39.9893798828125,30.026655197143555
24,1.0539203,0.043795586,39.9893798828125,30.026655197143555
24,1.1981738,-0.014379978,39.9893798828125,30.026655197143555
24,1.165914,0.019919634,39.9893798828125,30.026655197143555
24,0.8016534,0.08989215,39.9893798828125,30.026655197143555
24,0.4442153,0.14042234,39.9893798828125,30.026655197143555
24,0.08831978,0.1261692,39.9893798828125,30.026655197143555
24,0.010379434,0.11497903,39.9893798828125,30.026655197143555
24,-0.06851256,0.10249758,39.9893798828125,30.026655197143555
24,-0.15993953,0.09885764,39.9893798828125,30.026655197143555
24,-0.20483375,0.07713795,39.9893798828125,30.026655197143555
24,-0.24575031,0.08310628,39.9893798828125,30.026655197143555
24,-0.2582029,0.07004833,39.9893798828125,30.026655197143555
24,-0.8712274,-0.06365442,39.9893798828125,30.026655197143555
24,-0.9884846,-0.08258939,39.9893798828125,30.026655197143555
24,-1.060538,-0.10724044,39.9893798828125,30.026655197143555
24,-0.7407819,-0.20689344,39.9893798828125,30.026655197143555
24,-0.3939922,-0.090735435,39.9893798828125,30.026655197143555
24,-0.7144329,0.018485308,39.9893798828125,30.026655197143555
24,-0.9264081,-0.032630682,39.9893798828125,30.026655197143555
24,-0.95987034,-0.05650997,39.9893798828125,30.026655197143555
24,0.07919502,-0.3014331,39.9893798828125,30.026655197143555
24,0.64131236,-0.0076100826,39.9893798828125,30.026655197143555
24,-0.74204165,0.087412834,39.9893798828125,30.026655197143555
24,-0.75884044,-0.044555664,39.9893798828125,30.026655197143555
24,-0.5168257,-0.035827637,39.9893798828125,30.026655197143555
24,-0.4576977,-0.024716854,39.9893798828125,30.026655197143555
24,-0.65243506,-0.21747851,39.9893798828125,30.026655197143555
24,-1.4088259,-0.2348907,39.9893798828125,30.026655197143555
24,-0.45125937,-0.15822339,39.9893798828125,30.026655197143555
24,-0.061044574,-0.08218503,39.9893798828125,30.026655197143555
24,0.32726812,0.03175521,39.9893798828125,30.026655197143555
24,0.7939954,0.04551649,39.9893798828125,30.026655197143555
24,0.61797595,0.124405146,39.9893798828125,30.026655197143555
24,0.50913095,0.14610696,39.9893798828125,30.026655197143555
24,0.7911072,0.12528539,39.9893798828125,30.026655197143555
24,0.7771735,0.025120735,39.9893798828125,30.026655197143555
24,0.91557884,0.118899345,39.9893798828125,30.026655197143555
24,-0.18981242,0.17785716,39.9893798828125,30.026655197143555
24,-0.24736643,0.14135122,39.9893798828125,30.026655197143555
24,-0.25869715,0.036509037,39.9893798828125,30.026655197143555
24,-0.40905797,0.086131096,39.9893798828125,30.026655197143555
24,-0.8845498,-0.20010781,39.9893798828125,30.026655197143555
24,-0.9726351,-0.20036578,39.9893798828125,30.026655197143555
24,-0.9796738,-0.1384399,39.9893798828125,30.026655197143555
24,-0.9757067,-0.15839672,39.9893798828125,30.026655197143555
24,-1.0545336,-0.13435268,39.9893798828125,30.026655197143555
24,-0.9115822,-0.22706032,39.9893798828125,30.026655197143555
24,-0.52422583,-0.115076065,39.9893798828125,30.026655197143555
24,-0.4717821,-0.086476564,39.9893798828125,30.026655197143555
24,-0.02932465,0.012933731,39.9893798828125,30.026655197143555
24,0.005964279,0.032944918,39.9893798828125,30.026655197143555
24,0.0022283792,0.07541156,39.9893798828125,30.026655197143555
24,0.025551558,0.090001106,39.9893798828125,30.026655197143555
24,0.014075756,0.092181206,39.9893798828125,30.026655197143555
24,-0.0859983,0.08880639,39.9893798828125,30.026655197143555
24,-0.11000776,0.0807755,39.9893798828125,30.026655197143555
24,-0.14023256,0.077876806,39.9893798828125,30.026655197143555
24,-0.2620759,0.06990814,39.9893798828125,30.026655197143555
24,-0.30990493,0.07372737,39.9893798828125,30.026655197143555
24,-0.5608832,0.04192853,39.9893798828125,30.026655197143555
24,-0.17606175,0.09753823,39.9893798828125,30.026655197143555
24,-0.2982024,0.07431221,39.9893798828125,30.026655197143555
24,-0.3631866,0.0529325,39.9893798828125,30.026655197143555
24,-0.3611791,0.043448687,39.9893798828125,30.026655197143555
24,-0.35607612,0.039512634,39.9893798828125,30.026655197143555
24,-0.2906294,0.059124947,39.9893798828125,30.026655197143555
24,-0.50609565,0.14530993,39.9893798828125,30.026655197143555
24,-0.57132506,0.01903534,39.9893798828125,30.026655197143555
24,-0.5943294,0.015520096,39.9893798828125,30.026655197143555
24,-0.59969515,-0.011660099,39.9893798828125,30.026655197143555
24,-0.6106346,-0.01360321,39.9893798828125,30.026655197143555
24,-0.63952184,-0.017731905,39.9893798828125,30.026655197143555
24,-0.47439504,-0.011744499,39.9893798828125,30.026655197143555
24,-0.5242502,0.0073313713,39.9893798828125,30.026655197143555
24,-0.6523807,-0.09517431,39.9893798828125,30.026655197143555
24,-0.68754697,-0.05309415,39.9893798828125,30.026655197143555
24,-0.23823476,-0.020281553,39.9893798828125,30.026655197143555
24,0.22158682,-0.051243544,39.9893798828125,30.026655197143555
24,0.32105982,-0.033705235,39.9893798828125,30.026655197143555
24,0.3147074,0.054076195,39.9893798828125,30.026655197143555
24,0.39780283,0.08929324,39.9893798828125,30.026655197143555
24,0.35830522,0.101380825,39.9893798828125,30.026655197143555
24,0.32908285,0.068314314,39.9893798828125,30.026655197143555
24,0.2933656,0.0971086,39.9893798828125,30.026655197143555
24,0.29384506,0.108869076,39.9893798828125,30.026655197143555
24,0.25651538,0.111330986,39.9893798828125,30.026655197143555
24,0.11480343,0.12672877,39.9893798828125,30.026655197143555
24,0.08006537,0.12491965,39.9893798828125,30.026655197143555
24,-0.24079919,0.1229465,39.9893798828125,30.026655197143555
24,-0.08635986,0.021167278,39.9893798828125,30.026655197143555
24,0.030118227,0.003503561,39.9893798828125,30.026655197143555
24,0.13348353,0.0033376217,39.9893798828125,30.026655197143555
24,0.31604862,-0.04919815,39.9893798828125,30.026655197143555
24,0.8431959,0.054971933,39.9893798828125,30.026655197143555
24,0.7933543,0.06571412,39.9893798828125,30.026655197143555
24,0.72320056,0.09997821,39.9893798828125,30.026655197143555
24,0.6714921,0.11794686,39.9893798828125,30.026655197143555
24,0.45090675,0.16375184,39.9893798828125,30.026655197143555
24,0.24083555,0.14156842,39.9893798828125,30.026655197143555
24,-0.13655663,0.050168276,39.9893798828125,30.026655197143555
24,-0.1272453,0.030387163,39.9893798828125,30.026655197143555
24,-0.31755006,-0.030391216,39.9893798828125,30.026655197143555
24,-0.05862224,0.0066633224,39.9893798828125,30.026655197143555
24,-0.33675063,0.08997464,39.9893798828125,30.026655197143555
24,-0.3437984,0.05246401,39.9893798828125,30.026655197143555
24,-0.5644735,0.048175573,39.9893798828125,30.026655197143555
24,0.05675268,0.13477707,39.9893798828125,30.026655197143555
24,0.010672569,0.104968786,39.9893798828125,30.026655197143555
24,0.302819,0.17417192,39.9893798828125,30.026655197143555
24,0.22465849,0.09363055,39.9893798828125,30.026655197143555
24,0.18087876,0.115603924,39.9893798828125,30.026655197143555
24,0.23814166,0.027380705,39.9893798828125,30.026655197143555
24,0.4696188,0.035696507,39.9893798828125,30.026655197143555
24,0.3322214,0.12706828,39.9893798828125,30.026655197143555
24,0.31262445,0.12463355,39.9893798828125,30.026655197143555
24,0.26395452,0.10693407,39.9893798828125,30.026655197143555
24,0.21011388,0.12084508,39.9893798828125,30.026655197143555
24,-0.13591146,0.10529184,39.9893798828125,30.026655197143555
24,-0.15909076,0.09711146,39.9893798828125,30.026655197143555
24,-0.19818687,0.08419418,39.9893798828125,30.026655197143555
24,-0.22445369,0.08231473,39.9893798828125,30.026655197143555
24,-0.32938254,0.0612967,39.9893798828125,30.026655197143555
24,-0.3796383,0.03540206,39.9893798828125,30.026655197143555
24,-0.4052179,0.027406216,39.9893798828125,30.026655197143555
24,-0.2836088,0.017904758,39.9893798828125,30.026655197143555
24,-0.4735101,0.04324341,39.9893798828125,30.026655197143555
24,-0.48262256,0.034819603,39.9893798828125,30.026655197143555
24,-0.35807788,0.021503687,39.9893798828125,30.026655197143555
24,-0.34091008,0.018475771,39.9893798828125,30.026655197143555
24,-0.61201364,0.02848196,39.9893798828125,30.026655197143555
24,-0.7542282,-0.03471303,39.9893798828125,30.026655197143555
24,-0.79678726,-0.057325363,39.9893798828125,30.026655197143555
24,-0.86018133,-0.044870853,39.9893798828125,30.026655197143555
24,-0.89980257,-0.5863099,39.9893798828125,30.026655197143555
24,-0.84980255,-0.3035066,39.9893798828125,30.026655197143555
24,0.014402509,-0.075252056,39.9893798828125,30.026655197143555
24,0.23948526,0.08924627,39.9893798828125,30.026655197143555
24,0.23208392,0.09121752,39.9893798828125,30.026655197143555
24,0.16464615,0.12271333,39.9893798828125,30.026655197143555
24,0.24824893,0.08008766,39.9893798828125,30.026655197143555
24,0.78138876,0.0447793,39.9893798828125,30.026655197143555
24,0.7946391,0.07879567,39.9893798828125,30.026655197143555
24,0.6751342,0.09907007,39.9893798828125,30.026655197143555
24,0.56272316,0.12455559,39.9893798828125,30.026655197143555
24,0.4718479,0.12603998,39.9893798828125,30.026655197143555
24,0.3681488,0.1317153,39.9893798828125,30.026655197143555
24,0.3203193,0.11719966,39.9893798828125,30.026655197143555
24,0.26692414,0.13077736,39.9893798828125,30.026655197143555
24,0.1575203,0.0981195,39.9893798828125,30.026655197143555
24,0.13737333,0.10460949,39.9893798828125,30.026655197143555
24,0.13457298,0.09680748,39.9893798828125,30.026655197143555
24,-0.053135872,0.09732461,39.9893798828125,30.026655197143555
24,-0.0112499,0.07027459,39.9893798828125,30.026655197143555
24,0.3863666,0.053763866,39.9893798828125,30.026655197143555
24,0.5090581,0.04233527,39.9893798828125,30.026655197143555
24,0.39203417,0.113577366,39.9893798828125,30.026655197143555
24,0.47334027,0.0577116,39.9893798828125,30.026655197143555
24,0.27024746,-0.052299976,39.9893798828125,30.026655197143555
24,0.17586589,0.07722783,39.9893798828125,30.026655197143555
24,-0.17211258,0.16545916,39.9893798828125,30.026655197143555
24,-0.30427313,0.081199646,39.9893798828125,30.026655197143555
24,-0.7346208,0.06733942,39.9893798828125,30.026655197143555
24,-0.61266404,-0.050263405,39.9893798828125,30.026655197143555
24,0.29533255,0.02129364,39.9893798828125,30.026655197143555
24,0.3825637,0.0053908825,39.9893798828125,30.026655197143555
24,0.52082264,0.025075912,39.9893798828125,30.026655197143555
24,0.6510091,0.014794588,39.9893798828125,30.026655197143555
24,0.6403954,0.12981057,39.9893798828125,30.026655197143555
24,0.7059183,0.07904363,39.9893798828125,30.026655197143555
24,0.7767587,0.05616212,39.9893798828125,30.026655197143555
24,0.4360509,0.14748263,39.9893798828125,30.026655197143555
24,0.35275185,0.14249325,39.9893798828125,30.026655197143555
24,0.47976708,0.07157302,39.9893798828125,30.026655197143555
24,0.5430666,0.06361222,39.9893798828125,30.026655197143555
24,0.5951655,0.064062595,39.9893798828125,30.026655197143555
24,0.7588661,0.067540884,39.9893798828125,30.026655197143555
24,0.7831502,0.085104465,39.9893798828125,30.026655197143555
24,0.6889188,0.10668802,39.9893798828125,30.026655197143555
24,0.6273737,0.12168741,39.9893798828125,30.026655197143555
24,0.5210576,0.14217663,39.9893798828125,30.026655197143555
24,0.01976633,0.11141348,39.9893798828125,30.026655197143555
24,-0.06264663,0.09992814,39.9893798828125,30.026655197143555
24,-0.15630007,0.084204435,39.9893798828125,30.026655197143555
24,-0.1753825,0.05856681,39.9893798828125,30.026655197143555
24,-0.11097646,0.056340218,39.9893798828125,30.026655197143555
24,-0.28642178,0.08997178,39.9893798828125,30.026655197143555
24,0.020894408,0.045545816,39.9893798828125,30.026655197143555
24,0.32803833,-0.12529278,39.9893798828125,30.026655197143555
24,0.37864256,-0.042066813,39.9893798828125,30.026655197143555
24,0.37522042,0.057760715,39.9893798828125,30.026655197143555
24,0.17501628,0.12119484,39.9893798828125,30.026655197143555
24,-0.005368948,0.11735511,39.9893798828125,30.026655197143555
24,-0.0266999,0.08380818,39.9893798828125,30.026655197143555
24,-0.26172042,0.09801602,39.9893798828125,30.026655197143555
24,-0.41572857,0.08832669,39.9893798828125,30.026655197143555
24,-0.674679,0.030125618,39.9893798828125,30.026655197143555
24,-0.8212803,-0.027512074,39.9893798828125,30.026655197143555
24,-0.812258,-0.08909726,39.9893798828125,30.026655197143555
24,-0.7673087,-0.09649587,39.9893798828125,30.026655197143555
24,-0.7641616,-0.08145547,39.9893798828125,30.026655197143555
24,-0.72866726,-0.09509897,39.9893798828125,30.026655197143555
24,-0.4885425,-0.043593645,39.9893798828125,30.026655197143555
24,-0.4940071,-0.014353514,39.9893798828125,30.026655197143555
24,-0.46547955,-0.02351451,39.9893798828125,30.026655197143555
24,-0.4642964,-0.010773897,39.9893798828125,30.026655197143555
24,-0.5033293,0.00028657913,39.9893798828125,30.026655197143555
24,-0.4296118,-0.028637886,39.9893798828125,30.026655197143555
24,-0.4659803,-0.091095924,39.9893798828125,30.026655197143555
24,-0.13714564,0.030528307,39.9893798828125,30.026655197143555
24,-0.12537515,0.037060738,39.9893798828125,30.026655197143555
24,-0.007597685,-0.0021128654,39.9893798828125,30.026655197143555
24,0.4586935,0.030108452,39.9893798828125,30.026655197143555
24,0.029134035,0.12625766,39.9893798828125,30.026655197143555
24,-0.27182233,0.04198742,39.9893798828125,30.026655197143555
24,-0.3760935,0.060786963,39.9893798828125,30.026655197143555
24,-0.13325822,-0.035957098,39.9893798828125,30.026655197143555
24,-0.23337269,0.09234238,39.9893798828125,30.026655197143555
24,-1.2748969,-0.07262683,39.9893798828125,30.026655197143555
24,-1.3838899,-0.23800826,39.9893798828125,30.026655197143555
24,-0.51658577,-0.19490695,39.9893798828125,30.026655197143555
24,1.3253448,-0.04727602,39.9893798828125,30.026655197143555
24,1.3633254,-0.05360937,39.9893798828125,30.026655197143555
24,1.4913404,-0.089743614,39.9893798828125,30.026655197143555
24,1.5041854,-0.088553905,39.9893798828125,30.026655197143555
24,0.7912586,0.1491983,39.9893798828125,30.026655197143555
24,0.7282233,0.09667516,39.9893798828125,30.026655197143555
24,0.65522456,0.122356415,39.9893798828125,30.026655197143555
24,0.5125866,0.13268805,39.9893798828125,30.026655197143555
24,0.37521768,0.11281109,39.9893798828125,30.026655197143555
24,0.3120426,0.13184738,39.9893798828125,30.026655197143555
24,0.14295077,0.10534024,39.9893798828125,30.026655197143555
24,0.15085447,0.09883094,39.9893798828125,30.026655197143555
24,0.12547255,0.10729337,39.9893798828125,30.026655197143555
24,0.107661486,0.10708165,39.9893798828125,30.026655197143555
24,0.007903814,0.1125586,39.9893798828125,30.026655197143555
24,-0.02135849,0.11150646,39.9893798828125,30.026655197143555
24,-0.20312512,0.07930851,39.9893798828125,30.026655197143555
24,-0.2941928,0.060890675,39.9893798828125,30.026655197143555
24,-0.24466515,0.03350115,39.9893798828125,30.026655197143555
24,-0.18447542,0.04660082,39.9893798828125,30.026655197143555
24,-0.24651265,0.06537485,39.9893798828125,30.026655197143555
24,-0.33200288,0.06581879,39.9893798828125,30.026655197143555
24,-0.37502778,0.07211971,39.9893798828125,30.026655197143555
24,-0.41422188,0.047380924,39.9893798828125,30.026655197143555
24,-0.43478668,0.042733192,39.9893798828125,30.026655197143555
24,-0.46529692,0.025625706,39.9893798828125,30.026655197143555
24,-0.5173865,0.021140575,39.9893798828125,30.026655197143555
24,-0.43808436,-0.010852098,39.9893798828125,30.026655197143555
24,-0.37996674,-0.037420034,39.9893798828125,30.026655197143555
24,-0.46209574,-0.18223834,39.9893798828125,30.026655197143555
24,-0.41435945,-0.1550281,39.9893798828125,30.026655197143555
24,-0.41157055,-0.075965166,39.9893798828125,30.026655197143555
24,-0.39319885,-0.07758808,39.9893798828125,30.026655197143555
24,-0.3539704,-0.03998089,39.9893798828125,30.026655197143555
24,-0.3570459,-0.009224892,39.9893798828125,30.026655197143555
24,-0.3492031,-0.0014736652,39.9893798828125,30.026655197143555
24,-0.31101763,-0.00543499,39.9893798828125,30.026655197143555
24,0.013514161,-0.016245604,39.9893798828125,30.026655197143555
24,-0.05286169,-0.0024328232,39.9893798828125,30.026655197143555
24,0.6903758,0.04126501,39.9893798828125,30.026655197143555
24,0.6395688,0.10219979,39.9893798828125,30.026655197143555
24,0.46074927,0.13048673,39.9893798828125,30.026655197143555
24,0.532382,0.082294226,39.9893798828125,30.026655197143555
24,-0.16770327,-0.07389188,39.9893798828125,30.026655197143555
24,-0.039061785,0.08577728,39.9893798828125,30.026655197143555
24,-0.3494084,0.044047832,39.9893798828125,30.026655197143555
24,-0.29944897,-0.02137661,39.9893798828125,30.026655197143555
24,-0.46552712,0.0357337,39.9893798828125,30.026655197143555
24,-0.39824152,-0.0041573048,39.9893798828125,30.026655197143555
24,-0.47509372,0.021842003,39.9893798828125,30.026655197143555
24,-0.49878716,0.005687952,39.9893798828125,30.026655197143555
24,-0.4767396,0.009963274,39.9893798828125,30.026655197143555
24,-0.89846194,0.022151947,39.9893798828125,30.026655197143555
24,-1.3607782,-0.15822673,39.9893798828125,30.026655197143555
24,-1.325896,-0.20784926,39.9893798828125,30.026655197143555
24,-1.1599939,-0.1005826,39.9893798828125,30.026655197143555
24,-1.3761461,-0.32400894,39.9893798828125,30.026655197143555
24,0.1393187,-0.14089823,39.9893798828125,30.026655197143555
24,0.21167636,-0.070683,39.9893798828125,30.026655197143555
24,0.24005008,0.02880025,39.9893798828125,30.026655197143555
24,0.5484501,0.07464433,39.9893798828125,30.026655197143555
24,0.61584187,0.11594796,39.9893798828125,30.026655197143555
24,0.8125503,0.041343212,39.9893798828125,30.026655197143555
24,0.8361249,0.07002115,39.9893798828125,30.026655197143555
24,1.1156116,-0.013366699,39.9893798828125,30.026655197143555
24,0.969146,0.08026886,39.9893798828125,30.026655197143555
24,0.8456085,0.11643362,39.9893798828125,30.026655197143555
24,0.96652675,0.064092875,39.9893798828125,30.026655197143555
24,1.3586154,-0.06900263,39.9893798828125,30.026655197143555
24,1.4837363,-0.0527699,39.9893798828125,30.026655197143555
24,1.2747695,-0.02085495,39.9893798828125,30.026655197143555
24,1.3187914,-0.034960747,39.9893798828125,30.026655197143555
24,1.2559581,0.0030169487,39.9893798828125,30.026655197143555
24,1.3006077,-0.02514553,39.9893798828125,30.026655197143555
24,1.2392418,0.009304047,39.9893798828125,30.026655197143555
24,1.2281969,0.013659954,39.9893798828125,30.026655197143555
24,1.0374737,0.050872803,39.9893798828125,30.026655197143555
24,1.0447216,0.038406372,39.9893798828125,30.026655197143555
24,1.0914617,0.022331,39.9893798828125,30.026655197143555
24,1.2405574,0.022123575,39.9893798828125,30.026655197143555
24,1.2080889,0.026810646,39.9893798828125,30.026655197143555
24,1.1984355,0.029022455,39.9893798828125,30.026655197143555
24,1.1683412,0.04180622,39.9893798828125,30.026655197143555
24,1.0002518,0.103078604,39.9893798828125,30.026655197143555
24,0.675766,0.13481665,39.9893798828125,30.026655197143555
24,0.57742405,0.11718392,39.9893798828125,30.026655197143555
24,0.42605555,0.1431601,39.9893798828125,30.026655197143555
24,0.2962675,0.1327529,39.9893798828125,30.026655197143555
24,0.12398934,0.088163614,39.9893798828125,30.026655197143555
24,-0.4427035,0.056957006,39.9893798828125,30.026655197143555
24,-0.45168304,0.040688276,39.9893798828125,30.026655197143555
24,-0.46041995,0.004562378,39.9893798828125,30.026655197143555
24,-0.65144664,-0.015389919,39.9893798828125,30.026655197143555
24,-0.6197068,-0.03753829,39.9893798828125,30.026655197143555
24,-0.41726637,-0.10990262,39.9893798828125,30.026655197143555
24,0.21748185,-0.014927387,39.9893798828125,30.026655197143555
24,-0.9347222,-0.16284633,39.9893798828125,30.026655197143555
24,-1.0329736,-0.11732793,39.9893798828125,30.026655197143555
24,-1.1658565,-0.18396807,39.9893798828125,30.026655197143555
24,-0.5473387,-0.17927098,39.9893798828125,30.026655197143555
24,-0.33137357,-0.190974,39.9893798828125,30.026655197143555
24,-0.100751996,-0.096277714,39.9893798828125,30.026655197143555
24,0.0148797035,0.016681671,39.9893798828125,30.026655197143555
24,-0.19351554,0.110530615,39.9893798828125,30.026655197143555
24,0.019714475,0.0069098473,39.9893798828125,30.026655197143555
24,0.06103444,0.019166231,39.9893798828125,30.026655197143555
24,0.41357577,0.04829645,39.9893798828125,30.026655197143555
24,0.74052906,0.10145211,39.9893798828125,30.026655197143555
24,0.7192936,0.076229334,39.9893798828125,30.026655197143555
24,0.73512673,0.08275437,39.9893798828125,30.026655197143555
24,0.74145746,0.07406807,39.9893798828125,30.026655197143555
24,0.8338611,0.12558341,39.9893798828125,30.026655197143555
24,0.7065878,0.11590743,39.9893798828125,30.026655197143555
24,0.6715088,0.114528656,39.9893798828125,30.026655197143555
24,0.51875365,0.13389683,39.9893798828125,30.026655197143555
24,-0.20072293,0.17328739,39.9893798828125,30.026655197143555
24,-0.8578543,0.026480436,39.9893798828125,30.026655197143555
24,-0.99277574,-0.13646626,39.9893798828125,30.026655197143555
24,-0.3983568,-0.09319115,39.9893798828125,30.026655197143555
24,-0.42115593,-0.014286518,39.9893798828125,30.026655197143555
24,-0.5134469,-0.109908104,39.9893798828125,30.026655197143555
24,-0.29101217,-0.011967897,39.9893798828125,30.026655197143555
24,-0.24964666,0.04977441,39.9893798828125,30.026655197143555
24,-0.25982225,0.049634933,39.9893798828125,30.026655197143555
24,-0.2638538,0.045493126,39.9893798828125,30.026655197143555
24,-0.41111982,0.027664661,39.9893798828125,30.026655197143555
24,-0.4295981,0.030995607,39.9893798828125,30.026655197143555
24,-0.49249077,0.030978203,39.9893798828125,30.026655197143555
24,-0.51624453,0.024821997,39.9893798828125,30.026655197143555
24,-0.5946519,0.0068309307,39.9893798828125,30.026655197143555
24,-0.61379737,-0.010442972,39.9893798828125,30.026655197143555
24,-0.5715212,-0.031888485,39.9893798828125,30.026655197143555
24,-0.4172734,-0.017571688,39.9893798828125,30.026655197143555
24,-0.3516116,0.0067989826,39.9893798828125,30.026655197143555
24,-0.32487333,0.014018774,39.9893798828125,30.026655197143555
24,-0.30040145,0.026364326,39.9893798828125,30.026655197143555
24,-0.18137813,0.02462554,39.9893798828125,30.026655197143555
24,-0.21740067,0.056416273,39.9893798828125,30.026655197143555
24,-0.118195415,0.026634216,39.9893798828125,30.026655197143555
24,-0.08129668,0.044513702,39.9893798828125,30.026655197143555
24,-0.04133761,0.07791424,39.9893798828125,30.026655197143555
24,0.09101999,0.09697747,39.9893798828125,30.026655197143555
24,0.016801,0.120761156,39.9893798828125,30.026655197143555
24,-0.38628304,0.114340305,39.9893798828125,30.026655197143555
24,-0.42652643,0.05329013,39.9893798828125,30.026655197143555
24,0.36215746,-0.023306847,39.9893798828125,30.026655197143555
24,-0.05897653,0.12706447,39.9893798828125,30.026655197143555
24,-0.96969974,-0.16563416,39.9893798828125,30.026655197143555
24,-0.44537413,-0.11503863,39.9893798828125,30.026655197143555
24,-0.296445,-0.055199385,39.9893798828125,30.026655197143555
24,-0.2404387,-0.021700382,39.9893798828125,30.026655197143555
24,-0.27041638,0.01593399,39.9893798828125,30.026655197143555
24,-0.28401852,0.022233486,39.9893798828125,30.026655197143555
24,-0.15516186,-0.004644394,39.9893798828125,30.026655197143555
24,-0.12742949,0.03617215,39.9893798828125,30.026655197143555
24,-0.2134682,-0.03181839,39.9893798828125,30.026655197143555
24,-0.038359404,0.06323767,39.9893798828125,30.026655197143555
24,-0.48280483,0.0974884,39.9893798828125,30.026655197143555
24,-0.6499175,0.0605824,39.9893798828125,30.026655197143555
24,-0.7922826,0.01987362,39.9893798828125,30.026655197143555
24,-0.8216963,-0.01963377,39.9893798828125,30.026655197143555
24,0.44075644,-0.12585211,39.9893798828125,30.026655197143555
24,0.5136161,0.031332016,39.9893798828125,30.026655197143555
24,0.4945326,0.05417514,39.9893798828125,30.026655197143555
24,0.31487465,0.11147094,39.9893798828125,30.026655197143555
24,-0.07683015,-0.033215284,39.9893798828125,30.026655197143555
24,-0.47078943,0.10393262,39.9893798828125,30.026655197143555
24,-0.96005857,-0.070283175,39.9893798828125,30.026655197143555
24,-1.0776939,-0.14169383,39.9893798828125,30.026655197143555
24,-0.9756377,-0.18382454,39.9893798828125,30.026655197143555
25,0.7888746,0.06304431,61.257381439208984,40.99705505371094
25,0.48599148,0.16793895,61.257381439208984,40.99705505371094
25,0.3837483,0.17911386,61.257381439208984,40.99705505371094
25,-0.23032343,0.1601007,61.257381439208984,40.99705505371094
25,-0.3029828,0.10931754,61.257381439208984,40.99705505371094
25,-0.48324072,0.072589874,61.257381439208984,40.99705505371094
25,-0.78309554,0.022105694,61.257381439208984,40.99705505371094
25,-0.93518466,-0.034264803,61.257381439208984,40.99705505371094
25,-1.2302986,-0.1283195,61.257381439208984,40.99705505371094
25,-1.2858843,-0.15232587,61.257381439208984,40.99705505371094
25,-1.3222448,-0.17879057,61.257381439208984,40.99705505371094
25,-1.3228791,-0.23051405,61.257381439208984,40.99705505371094
25,-1.0460596,-0.5154927,61.257381439208984,40.99705505371094
25,-0.71010435,-0.24652243,61.257381439208984,40.99705505371094
25,0.21174705,-0.17951226,61.257381439208984,40.99705505371094
25,0.787683,-0.081383705,61.257381439208984,40.99705505371094
25,0.97501063,-0.068704605,61.257381439208984,40.99705505371094
25,1.1048374,-0.064540625,61.257381439208984,40.99705505371094
25,1.3296556,-0.16636634,61.257381439208984,40.99705505371094
25,1.1270068,0.04549527,61.257381439208984,40.99705505371094
25,0.17016566,0.18899202,61.257381439208984,40.99705505371094
25,0.18036747,-0.23802996,61.257381439208984,40.99705505371094
25,0.06963658,-0.12594342,61.257381439208984,40.99705505371094
25,0.7638371,-0.047760725,61.257381439208984,40.99705505371094
25,1.7975411,-0.25577307,61.257381439208984,40.99705505371094
25,1.8557522,-0.2788067,61.257381439208984,40.99705505371094
25,1.8734334,-0.25564933,61.257381439208984,40.99705505371094
25,1.9192934,-0.27658844,61.257381439208984,40.99705505371094
25,1.9505534,-0.19505715,61.257381439208984,40.99705505371094
25,1.4061866,0.011582613,61.257381439208984,40.99705505371094
25,1.0173407,0.12028909,61.257381439208984,40.99705505371094
25,0.62914085,0.16003036,61.257381439208984,40.99705505371094
25,0.34518492,0.15165949,61.257381439208984,40.99705505371094
25,0.068270326,0.1398263,61.257381439208984,40.99705505371094
25,-0.0931797,0.1262021,61.257381439208984,40.99705505371094
25,-0.53816354,0.014754772,61.257381439208984,40.99705505371094
25,-0.47390795,-0.011152506,61.257381439208984,40.99705505371094
25,-0.34297347,-0.009318829,61.257381439208984,40.99705505371094
25,-0.37434185,0.041120052,61.257381439208984,40.99705505371094
25,-0.45306873,0.02406311,61.257381439208984,40.99705505371094
25,-0.4713375,0.015339136,61.257381439208984,40.99705505371094
25,-0.4102757,0.00088882446,61.257381439208984,40.99705505371094
25,-0.3673154,0.005859852,61.257381439208984,40.99705505371094
25,-0.27143955,0.022212744,61.257381439208984,40.99705505371094
25,-0.1683681,0.049138546,61.257381439208984,40.99705505371094
25,-0.14189899,0.05164671,61.257381439208984,40.99705505371094
25,-0.11318028,0.07130861,61.257381439208984,40.99705505371094
25,-0.0235703,0.0523901,61.257381439208984,40.99705505371094
25,0.049837828,0.06804371,61.257381439208984,40.99705505371094
25,0.06260526,0.07864237,61.257381439208984,40.99705505371094
25,0.10399723,0.08087802,61.257381439208984,40.99705505371094
25,0.12841046,0.08744216,61.257381439208984,40.99705505371094
25,0.011466265,-0.009385824,61.257381439208984,40.99705505371094
25,0.4005407,0.01507926,61.257381439208984,40.99705505371094
25,0.576818,0.102869034,61.257381439208984,40.99705505371094
25,0.49815786,0.12396312,61.257381439208984,40.99705505371094
25,0.41956556,0.12038016,61.257381439208984,40.99705505371094
25,0.445966,0.09972334,61.257381439208984,40.99705505371094
25,0.099178195,0.14344788,61.257381439208984,40.99705505371094
25,-0.61128664,0.01832652,61.257381439208984,40.99705505371094
25,-0.63891584,0.013104916,61.257381439208984,40.99705505371094
25,-0.7050405,-0.016848326,61.257381439208984,40.99705505371094
25,-0.7184648,-0.020132065,61.257381439208984,40.99705505371094
25,-0.934805,-0.08406091,61.257381439208984,40.99705505371094
25,-0.77607185,-0.14574409,61.257381439208984,40.99705505371094
25,-0.57290107,-0.09551835,61.257381439208984,40.99705505371094
25,1.019342,-0.14039564,61.257381439208984,40.99705505371094
25,1.5986409,-0.25099802,61.257381439208984,40.99705505371094
25,1.6871274,-0.1810801,61.257381439208984,40.99705505371094
25,1.5949779,-0.15215182,61.257381439208984,40.99705505371094
25,1.7529662,-0.19902444,61.257381439208984,40.99705505371094
25,2.0480225,-0.34468484,61.257381439208984,40.99705505371094
25,2.1969388,-0.41104436,61.257381439208984,40.99705505371094
25,-0.017685175,0.1899395,61.257381439208984,40.99705505371094
25,-0.13259304,0.17982388,61.257381439208984,40.99705505371094
25,-0.42572308,0.07646823,61.257381439208984,40.99705505371094
25,-0.46153516,0.06745148,61.257381439208984,40.99705505371094
25,-0.49687028,0.057775736,61.257381439208984,40.99705505371094
25,-0.6991493,0.011991739,61.257381439208984,40.99705505371094
25,-0.763058,0.008808374,61.257381439208984,40.99705505371094
25,-0.785314,-0.29130268,61.257381439208984,40.99705505371094
25,-1.1710895,-0.39075232,61.257381439208984,40.99705505371094
25,-1.1065252,-0.3258853,61.257381439208984,40.99705505371094
25,-0.9477389,-0.31985283,61.257381439208984,40.99705505371094
25,-0.33083868,-0.20628405,61.257381439208984,40.99705505371094
25,0.35028028,-0.07495856,61.257381439208984,40.99705505371094
25,-0.055042624,0.120758295,61.257381439208984,40.99705505371094
25,0.56298447,0.02364707,61.257381439208984,40.99705505371094
25,0.7968662,0.060939312,61.257381439208984,40.99705505371094
25,0.12388766,0.09436703,61.257381439208984,40.99705505371094
25,0.11978996,0.085852146,61.257381439208984,40.99705505371094
25,0.13540316,0.08380318,61.257381439208984,40.99705505371094
25,0.16698289,0.0848341,61.257381439208984,40.99705505371094
25,-0.065464735,0.11631441,61.257381439208984,40.99705505371094
25,-0.3368708,0.093002796,61.257381439208984,40.99705505371094
25,-0.56569755,0.02276373,61.257381439208984,40.99705505371094
25,-0.68823475,-0.019274473,61.257381439208984,40.99705505371094
25,-0.72102207,-0.050994396,61.257381439208984,40.99705505371094
25,-0.7165857,-0.055125475,61.257381439208984,40.99705505371094
25,-0.75500494,-0.045340776,61.257381439208984,40.99705505371094
25,0.5232595,-0.119564295,61.257381439208984,40.99705505371094
25,0.65658665,-0.08829284,61.257381439208984,40.99705505371094
25,1.0083041,-0.017584085,61.257381439208984,40.99705505371094
25,0.997859,0.00036120415,61.257381439208984,40.99705505371094
25,1.2160363,0.003692627,61.257381439208984,40.99705505371094
25,1.2285118,-0.003907919,61.257381439208984,40.99705505371094
25,1.2516088,0.024800777,61.257381439208984,40.99705505371094
25,0.734982,0.13688064,61.257381439208984,40.99705505371094
25,0.67476916,0.14201355,61.257381439208984,40.99705505371094
25,0.59599376,0.1411469,61.257381439208984,40.99705505371094
25,0.3804916,0.17510581,61.257381439208984,40.99705505371094
25,0.14946985,0.16184855,61.257381439208984,40.99705505371094
25,0.096473455,0.16129017,61.257381439208984,40.99705505371094
25,-0.29393387,0.1059165,61.257381439208984,40.99705505371094
25,0.34729087,0.04987502,61.257381439208984,40.99705505371094
25,0.32714415,0.08068371,61.257381439208984,40.99705505371094
25,0.34530365,0.077037334,61.257381439208984,40.99705505371094
25,0.47051835,0.052428484,61.257381439208984,40.99705505371094
25,0.43265462,0.12529469,61.257381439208984,40.99705505371094
25,0.3806969,0.141644,61.257381439208984,40.99705505371094
25,-0.21509874,-0.1427598,61.257381439208984,40.99705505371094
25,0.39919162,0.021706343,61.257381439208984,40.99705505371094
25,0.38296974,0.080690145,61.257381439208984,40.99705505371094
25,0.36901343,0.089653015,61.257381439208984,40.99705505371094
25,0.0015288591,0.11283302,61.257381439208984,40.99705505371094
25,-0.45375377,0.06907344,61.257381439208984,40.99705505371094
25,-0.9845152,-0.093747616,61.257381439208984,40.99705505371094
25,-0.6183694,-0.15161586,61.257381439208984,40.99705505371094
25,0.32728457,-0.00048971176,61.257381439208984,40.99705505371094
25,0.41459942,0.0141580105,61.257381439208984,40.99705505371094
25,0.82053137,-0.033172846,61.257381439208984,40.99705505371094
25,1.1311171,-0.5105808,61.257381439208984,40.99705505371094
25,1.6254754,-0.6032541,61.257381439208984,40.99705505371094
25,2.0760415,-0.55946374,61.257381439208984,40.99705505371094
25,2.5291386,-0.653867,61.257381439208984,40.99705505371094
25,2.5751476,-0.63295794,61.257381439208984,40.99705505371094
25,2.1574783,-0.3720386,61.257381439208984,40.99705505371094
25,1.1767647,0.09903717,61.257381439208984,40.99705505371094
25,0.8507142,0.14741468,61.257381439208984,40.99705505371094
25,0.67717004,0.14154911,61.257381439208984,40.99705505371094
25,0.31532466,0.14266443,61.257381439208984,40.99705505371094
25,0.24035788,0.13144588,61.257381439208984,40.99705505371094
25,0.10223091,0.1370678,61.257381439208984,40.99705505371094
25,0.061086535,0.10255289,61.257381439208984,40.99705505371094
25,0.034597635,0.09078884,61.257381439208984,40.99705505371094
25,-0.0040026903,0.09169936,61.257381439208984,40.99705505371094
25,0.12684882,0.07638168,61.257381439208984,40.99705505371094
25,0.14354968,0.079487324,61.257381439208984,40.99705505371094
25,0.22154689,0.076147795,61.257381439208984,40.99705505371094
25,0.26187897,0.09385705,61.257381439208984,40.99705505371094
25,0.34059155,0.10053778,61.257381439208984,40.99705505371094
25,0.3519163,0.099761724,61.257381439208984,40.99705505371094
25,0.36724377,0.100100994,61.257381439208984,40.99705505371094
25,0.3948984,0.110694885,61.257381439208984,40.99705505371094
25,0.18601811,0.1130507,61.257381439208984,40.99705505371094
25,-0.133098,0.08206749,61.257381439208984,40.99705505371094
25,-0.39013493,0.04283619,61.257381439208984,40.99705505371094
25,-0.38677394,0.0386343,61.257381439208984,40.99705505371094
25,-0.3549496,0.026154518,61.257381439208984,40.99705505371094
25,-0.3168459,0.022135973,61.257381439208984,40.99705505371094
25,-0.2770816,0.022526026,61.257381439208984,40.99705505371094
25,0.75622773,-0.040386677,61.257381439208984,40.99705505371094
25,1.1161242,-0.16720176,61.257381439208984,40.99705505371094
25,1.2408121,-0.14559221,61.257381439208984,40.99705505371094
25,1.2255936,0.03683734,61.257381439208984,40.99705505371094
25,0.72863626,0.18088627,61.257381439208984,40.99705505371094
25,0.56673384,0.21972227,61.257381439208984,40.99705505371094
25,-0.81313956,0.008848906,61.257381439208984,40.99705505371094
25,-0.8664398,-0.010507345,61.257381439208984,40.99705505371094
25,-1.0106837,-0.2048881,61.257381439208984,40.99705505371094
25,-0.5392937,-0.15111065,61.257381439208984,40.99705505371094
25,-0.46795255,-0.013729095,61.257381439208984,40.99705505371094
25,-0.12918746,-0.017004967,61.257381439208984,40.99705505371094
25,0.13456178,0.05553603,61.257381439208984,40.99705505371094
25,0.18015444,0.03348112,61.257381439208984,40.99705505371094
25,0.5284004,-0.39239788,61.257381439208984,40.99705505371094
25,1.0174589,-0.4557798,61.257381439208984,40.99705505371094
25,1.5731378,-0.24216104,61.257381439208984,40.99705505371094
25,2.1004999,-0.35349965,61.257381439208984,40.99705505371094
25,1.6769876,-0.08983779,61.257381439208984,40.99705505371094
25,1.1396377,0.06409788,61.257381439208984,40.99705505371094
25,1.0864375,0.050224066,61.257381439208984,40.99705505371094
25,1.1869926,0.036224365,61.257381439208984,40.99705505371094
25,0.4108652,0.15916586,61.257381439208984,40.99705505371094
25,0.3237673,0.16282487,61.257381439208984,40.99705505371094
25,-0.20866323,0.04996276,61.257381439208984,40.99705505371094
25,-0.8704103,0.0034179688,61.257381439208984,40.99705505371094
25,-1.0076071,-0.040855646,61.257381439208984,40.99705505371094
25,-1.0672731,-0.060708523,61.257381439208984,40.99705505371094
25,-1.2403376,-0.18120408,61.257381439208984,40.99705505371094
25,-1.2778316,-0.1807015,61.257381439208984,40.99705505371094
25,0.14868271,-0.019315004,61.257381439208984,40.99705505371094
25,0.19088495,0.0028016567,61.257381439208984,40.99705505371094
25,0.23092747,0.04941368,61.257381439208984,40.99705505371094
25,0.44495893,0.060643435,61.257381439208984,40.99705505371094
25,0.6467588,0.07069707,61.257381439208984,40.99705505371094
25,1.1810462,-0.01879549,61.257381439208984,40.99705505371094
25,1.385016,-0.070183754,61.257381439208984,40.99705505371094
25,1.176497,0.045627594,61.257381439208984,40.99705505371094
25,0.916734,0.10538125,61.257381439208984,40.99705505371094
25,0.84578085,0.094120026,61.257381439208984,40.99705505371094
25,0.41520083,0.165488,61.257381439208984,40.99705505371094
25,0.1663568,0.16004968,61.257381439208984,40.99705505371094
25,-0.1570872,0.11388993,61.257381439208984,40.99705505371094
25,-0.6754315,-0.027211428,61.257381439208984,40.99705505371094
25,-0.51605624,-0.028597832,61.257381439208984,40.99705505371094
25,0.11815691,-0.048599243,61.257381439208984,40.99705505371094
25,0.2317462,-0.04809451,61.257381439208984,40.99705505371094
25,0.4290291,0.07121706,61.257381439208984,40.99705505371094
25,0.026881218,0.16104507,61.257381439208984,40.99705505371094
25,-0.35536265,0.15999913,61.257381439208984,40.99705505371094
25,-0.6463179,0.021476269,61.257381439208984,40.99705505371094
25,-0.71434206,-0.014326572,61.257381439208984,40.99705505371094
25,-0.7167278,-0.04131913,61.257381439208984,40.99705505371094
25,-0.58806884,-0.03842616,61.257381439208984,40.99705505371094
25,0.09566772,-0.019285679,61.257381439208984,40.99705505371094
25,0.745445,-0.0006401539,61.257381439208984,40.99705505371094
25,0.80187297,0.013230562,61.257381439208984,40.99705505371094
25,1.8838978,-0.27981925,61.257381439208984,40.99705505371094
25,1.9638598,-0.30400348,61.257381439208984,40.99705505371094
25,2.0413752,-0.3251834,61.257381439208984,40.99705505371094
25,0.45815945,0.16780162,61.257381439208984,40.99705505371094
25,-0.1305461,0.14895487,61.257381439208984,40.99705505371094
25,-0.2460115,0.14918184,61.257381439208984,40.99705505371094
25,-0.8854467,-0.0030853748,61.257381439208984,40.99705505371094
25,-0.9534493,-0.068681,61.257381439208984,40.99705505371094
25,-1.2826586,-0.17322898,61.257381439208984,40.99705505371094
25,-1.2968158,-0.2031765,61.257381439208984,40.99705505371094
25,-0.14373493,-0.021089792,61.257381439208984,40.99705505371094
25,-0.48162,0.058523655,61.257381439208984,40.99705505371094
25,-0.6100154,0.020390987,61.257381439208984,40.99705505371094
25,-0.3753153,-0.17602062,61.257381439208984,40.99705505371094
25,0.02461648,-0.04865718,61.257381439208984,40.99705505371094
25,0.33070195,0.003995657,61.257381439208984,40.99705505371094
25,0.492764,0.047039986,61.257381439208984,40.99705505371094
25,0.21508229,0.0032644272,61.257381439208984,40.99705505371094
25,0.53896666,0.021178484,61.257381439208984,40.99705505371094
25,0.6179681,0.057628393,61.257381439208984,40.99705505371094
25,0.60319376,0.08776951,61.257381439208984,40.99705505371094
25,0.6085613,0.09900141,61.257381439208984,40.99705505371094
25,0.5234586,0.11703348,61.257381439208984,40.99705505371094
25,0.47920847,0.0992167,61.257381439208984,40.99705505371094
25,0.4867648,0.09193969,61.257381439208984,40.99705505371094
25,0.6898837,0.094195604,61.257381439208984,40.99705505371094
25,0.55262935,0.13452363,61.257381439208984,40.99705505371094
25,0.42487454,0.13804603,61.257381439208984,40.99705505371094
25,-0.2548287,0.102478504,61.257381439208984,40.99705505371094
25,-0.33031905,0.08058381,61.257381439208984,40.99705505371094
25,-0.43847394,0.037110567,61.257381439208984,40.99705505371094
25,-0.5205859,0.030315876,61.257381439208984,40.99705505371094
25,-0.4966972,-0.012362957,61.257381439208984,40.99705505371094
25,-0.4940467,-0.00919342,61.257381439208984,40.99705505371094
25,-0.50836635,-0.0072739124,61.257381439208984,40.99705505371094
25,-0.50957996,-0.008173943,61.257381439208984,40.99705505371094
25,-0.26348948,-0.12535548,61.257381439208984,40.99705505371094
25,-0.15656292,0.12894845,61.257381439208984,40.99705505371094
25,-0.52062047,0.06054616,61.257381439208984,40.99705505371094
25,-0.16501296,-0.010192156,61.257381439208984,40.99705505371094
25,0.074658394,0.11593342,61.257381439208984,40.99705505371094
25,-0.106624484,0.12649202,61.257381439208984,40.99705505371094
25,-0.17046762,0.082580805,61.257381439208984,40.99705505371094
25,-0.06469214,0.044307947,61.257381439208984,40.99705505371094
25,0.031638622,0.033893347,61.257381439208984,40.99705505371094
25,0.04721284,0.0650239,61.257381439208984,40.99705505371094
25,-0.067049384,0.12124109,61.257381439208984,40.99705505371094
25,-0.59937835,-0.18675137,61.257381439208984,40.99705505371094
25,-0.6142198,-0.1262362,61.257381439208984,40.99705505371094
25,-0.63651276,-0.077943325,61.257381439208984,40.99705505371094
25,-0.5233071,-0.07104564,61.257381439208984,40.99705505371094
25,-0.25821972,-0.031375647,61.257381439208984,40.99705505371094
25,-0.21051323,-0.014191866,61.257381439208984,40.99705505371094
25,-0.18901682,0.0059809685,61.257381439208984,40.99705505371094
25,0.28073323,0.038588524,61.257381439208984,40.99705505371094
25,0.24896502,0.093586445,61.257381439208984,40.99705505371094
25,0.02954328,0.14063215,61.257381439208984,40.99705505371094
25,-0.2980405,0.052268267,61.257381439208984,40.99705505371094
25,-0.517877,0.07975268,61.257381439208984,40.99705505371094
25,-0.7223089,0.0017900467,61.257381439208984,40.99705505371094
25,-0.7269411,-0.056510687,61.257381439208984,40.99705505371094
25,-0.70599365,-0.06243372,61.257381439208984,40.99705505371094
25,-0.28216314,-0.055155516,61.257381439208984,40.99705505371094
25,0.6593194,-0.052423954,61.257381439208984,40.99705505371094
25,0.5518,-0.05400586,61.257381439208984,40.99705505371094
25,0.58654976,0.020196915,61.257381439208984,40.99705505371094
25,0.51467776,0.07732701,61.257381439208984,40.99705505371094
25,-0.41340315,0.07186127,61.257381439208984,40.99705505371094
25,-0.41855133,0.056536674,61.257381439208984,40.99705505371094
25,-0.52348334,0.050087214,61.257381439208984,40.99705505371094
25,-0.8324524,-0.2538333,61.257381439208984,40.99705505371094
25,-1.1197788,-0.35572505,61.257381439208984,40.99705505371094
25,-1.1554928,-0.32005072,61.257381439208984,40.99705505371094
25,-0.99249333,-0.30686665,61.257381439208984,40.99705505371094
25,-0.61953837,-0.26111865,61.257381439208984,40.99705505371094
25,-0.5053808,-0.19078445,61.257381439208984,40.99705505371094
25,0.185094,-0.084165335,61.257381439208984,40.99705505371094
25,0.5927603,-0.0063261986,61.257381439208984,40.99705505371094
25,0.6107793,0.06224084,61.257381439208984,40.99705505371094
25,0.5265813,0.108098745,61.257381439208984,40.99705505371094
25,0.25329173,0.08664298,61.257381439208984,40.99705505371094
25,0.30238914,0.082118034,61.257381439208984,40.99705505371094
25,0.5965941,0.09352875,61.257381439208984,40.99705505371094
25,0.57446814,0.09869647,61.257381439208984,40.99705505371094
25,0.40271103,0.12919402,61.257381439208984,40.99705505371094
25,0.3966757,0.10017109,61.257381439208984,40.99705505371094
25,0.5325999,0.11035395,61.257381439208984,40.99705505371094
25,0.5366334,0.10916662,61.257381439208984,40.99705505371094
25,0.51684654,0.11109209,61.257381439208984,40.99705505371094
25,0.36052167,0.13538408,61.257381439208984,40.99705505371094
25,0.3233366,0.13128662,61.257381439208984,40.99705505371094
25,-0.08348489,0.10374451,61.257381439208984,40.99705505371094
25,-0.45576572,0.041844368,61.257381439208984,40.99705505371094
25,-0.54653573,0.017665863,61.257381439208984,40.99705505371094
25,-0.541052,-0.0067727566,61.257381439208984,40.99705505371094
25,-0.5473482,-0.011013985,61.257381439208984,40.99705505371094
25,-0.6489869,-0.28177786,61.257381439208984,40.99705505371094
25,-0.17072725,-0.012214422,61.257381439208984,40.99705505371094
25,-0.12471485,0.042025566,61.257381439208984,40.99705505371094
25,-0.12587285,0.04618621,61.257381439208984,40.99705505371094
25,-0.228279,0.057806253,61.257381439208984,40.99705505371094
25,-0.58800083,0.021499872,61.257381439208984,40.99705505371094
25,-0.6686123,-0.010722399,61.257381439208984,40.99705505371094
25,-0.7755331,-0.061273098,61.257381439208984,40.99705505371094
25,-0.52418315,-0.06919575,61.257381439208984,40.99705505371094
25,-0.34934556,-0.0625813,61.257381439208984,40.99705505371094
25,0.2985233,0.075792074,61.257381439208984,40.99705505371094
25,1.7722232,-0.25384808,61.257381439208984,40.99705505371094
25,1.8968182,-0.306134,61.257381439208984,40.99705505371094
25,-0.21004725,0.20752954,61.257381439208984,40.99705505371094
25,-0.65706617,0.09491038,61.257381439208984,40.99705505371094
25,-1.4293587,-0.24781108,61.257381439208984,40.99705505371094
25,-0.0837723,-0.07427788,61.257381439208984,40.99705505371094
25,0.19778931,-0.07198262,61.257381439208984,40.99705505371094
25,0.46665657,-0.0022039413,61.257381439208984,40.99705505371094
25,0.8420744,0.057534456,61.257381439208984,40.99705505371094
25,0.77797794,0.069916725,61.257381439208984,40.99705505371094
25,-0.93811613,-0.046939135,61.257381439208984,40.99705505371094
25,-0.33243978,-0.35583425,61.257381439208984,40.99705505371094
25,-0.2231654,-0.14507174,61.257381439208984,40.99705505371094
25,0.030142069,-0.045414686,61.257381439208984,40.99705505371094
25,0.44749403,-0.12366915,61.257381439208984,40.99705505371094
25,1.1077924,-0.05831504,61.257381439208984,40.99705505371094
25,1.235647,-0.056246042,61.257381439208984,40.99705505371094
25,2.29433,-0.48686647,61.257381439208984,40.99705505371094
25,2.3883834,-0.5392103,61.257381439208984,40.99705505371094
25,2.4812582,-0.60031986,61.257381439208984,40.99705505371094
25,2.3049164,-0.4602034,61.257381439208984,40.99705505371094
25,2.665948,-0.7015929,61.257381439208984,40.99705505371094
25,2.6726608,-0.6966319,61.257381439208984,40.99705505371094
25,2.6700296,-0.69275117,61.257381439208984,40.99705505371094
25,2.6589317,-0.68319416,61.257381439208984,40.99705505371094
25,2.6355195,-0.70103693,61.257381439208984,40.99705505371094
25,2.6309862,-0.6889181,61.257381439208984,40.99705505371094
25,2.630476,-0.6858356,61.257381439208984,40.99705505371094
25,2.5310993,-0.6234765,61.257381439208984,40.99705505371094
25,2.5003364,-0.60288286,61.257381439208984,40.99705505371094
25,2.4724202,-0.58818936,61.257381439208984,40.99705505371094
25,2.4624612,-0.5815549,61.257381439208984,40.99705505371094
25,2.4133363,-0.5466666,61.257381439208984,40.99705505371094
25,2.3751817,-0.5227506,61.257381439208984,40.99705505371094
25,2.3451748,-0.5049138,61.257381439208984,40.99705505371094
25,1.9355834,-0.26277518,61.257381439208984,40.99705505371094
25,1.7905383,-0.17812014,61.257381439208984,40.99705505371094
25,1.670187,-0.121031046,61.257381439208984,40.99705505371094
25,1.4062595,-0.012171268,61.257381439208984,40.99705505371094
25,1.3164427,0.013579607,61.257381439208984,40.99705505371094
25,0.73159575,0.15297222,61.257381439208984,40.99705505371094
25,0.5840893,0.15840435,61.257381439208984,40.99705505371094
25,0.14969099,0.14516592,61.257381439208984,40.99705505371094
25,0.06940353,0.12842607,61.257381439208984,40.99705505371094
25,-0.16134107,0.09399009,61.257381439208984,40.99705505371094
25,-0.4709139,0.03805971,61.257381439208984,40.99705505371094
25,-0.39479744,0.06443238,61.257381439208984,40.99705505371094
25,-0.6103035,-0.28770185,61.257381439208984,40.99705505371094
25,-0.59437674,-0.030431032,61.257381439208984,40.99705505371094
25,-0.6368722,-0.014633894,61.257381439208984,40.99705505371094
25,-0.76914674,-0.018510103,61.257381439208984,40.99705505371094
25,-0.74347425,-0.04671955,61.257381439208984,40.99705505371094
25,-0.64234215,-0.09244776,61.257381439208984,40.99705505371094
25,-0.53409237,-0.08855057,61.257381439208984,40.99705505371094
25,-0.4030236,-0.057031155,61.257381439208984,40.99705505371094
25,0.097400784,0.036197662,61.257381439208984,40.99705505371094
25,0.04184389,0.088763714,61.257381439208984,40.99705505371094
25,0.012648463,0.08306122,61.257381439208984,40.99705505371094
25,-0.7450711,0.02020526,61.257381439208984,40.99705505371094
25,-0.8777247,-0.033703327,61.257381439208984,40.99705505371094
25,-0.9125475,-0.04906988,61.257381439208984,40.99705505371094
25,-1.0281569,-0.0880394,61.257381439208984,40.99705505371094
25,-1.0976827,-0.12069392,61.257381439208984,40.99705505371094
25,-1.1267374,-0.14955997,61.257381439208984,40.99705505371094
25,-0.28602982,0.00021624565,61.257381439208984,40.99705505371094
25,-0.33087826,-0.019536495,61.257381439208984,40.99705505371094
25,0.9430177,-0.041855574,61.257381439208984,40.99705505371094
25,0.7691202,0.096909285,61.257381439208984,40.99705505371094
25,0.24075794,0.19758296,61.257381439208984,40.99705505371094
25,-0.8064257,0.06688619,61.257381439208984,40.99705505371094
25,-0.947587,-0.20727825,61.257381439208984,40.99705505371094
25,-0.677338,-0.42015123,61.257381439208984,40.99705505371094
25,-0.2873435,-0.39679456,61.257381439208984,40.99705505371094
25,0.04352212,0.08059621,61.257381439208984,40.99705505371094
25,-0.03584051,0.093420506,61.257381439208984,40.99705505371094
